_key,id,label,now_price,old_price,brand,currency,description,link
56977,56977,NOKIA 230 DUAL SIM (KHÔNG KÈM THẺ NHỚ),1200000,1250000,Nokia,VND,"<p>Thiết kế nhỏ gọn, nhẹ, vừa vặn cầm tay</p><p>Mặt lưng nhôm đẹp mắt, cứng cáp và tinh tế</p><p>Camera selfie có cả đèn Flash hỗ trợ</p><p>Hai sim hai sóng thoải mái sử dụng</p><p>Giải trí đa phương tiện với radio, nghe nhạc</p><p>Dung lượng pin 1200 mAh sử dụng khoảng 2 – 4 ngày</p><p>Bàn phím dễ thao tác nhấn êm tay, ít xảy ra độ trễ phím</p>",https://www.nguyenkim.com/nokia-230-dual-sim-den-no-card.html
87815,87815,Điện thoại iPhone 11 128GB Đen,18490000,21990000,Apple,VND,"<p>Chip A13 Bionic, hệ điều hành IOS 13 kết hợp hoàn hảo</p><p>RAM 4GB, bộ nhớ trong 128GB hoạt động mượt mà, đa nhiệm</p><p>Hệ thống camera kép mới 12 MP cho góc chụp siêu rộng</p><p>Camera selfie 12 MP chụp hình ở chế độ chuyển động chậm</p><p>Màn hình IPS LCD 6.1 inch Liquid Retina hiển thị sắc nét</p><p>Pin chuẩn Li-Ion, dung lượng pin tốt, thời gian lướt web lâu</p>",https://www.nguyenkim.com/dien-thoai-iphone-11-128gb.html?pid=87815
87854,87854,Điện thoại iPhone 11 Pro Max 64GB Xanh Lá,24990000,30990000,Apple,VND,"<p>Chip A13 Bionic, hệ điều hành IOS 13 kết hợp hoàn hảo</p><p>RAM 4GB, bộ nhớ trong 64GB cho khả năng đa nhiệm tốt</p><p>Cụm 3 camera 12 MP góc chụp siêu rộng, chụp đêm tốt</p><p>Camera selfie 12 MP chụp hình ở chế độ chuyển động chậm</p><p>Màn hình OLED 6.5 inch Super Retina XDR hiển thị cực sắc nét</p><p>Pin chuẩn Li-Ion, dung lượng pin lớn, thời gian lướt web lâu</p>",https://www.nguyenkim.com/dien-thoai-iphone-11-pro-max-64gb-vi.html
87866,87866,Điện thoại iPhone 11 Pro Max 64GB Vàng Đồng,24990000,30990000,Apple,VND,"<p>Chip A13 Bionic, hệ điều hành IOS 13 kết hợp hoàn hảo</p><p>RAM 4GB, bộ nhớ trong 64GB cho khả năng đa nhiệm rất tốt</p><p>Cụm 3 camera 12 MP góc chụp siêu rộng, chụp đêm tốt</p><p>Camera selfie 12 MP chụp hình ở chế độ chuyển động chậm</p><p>Màn hình OLED 6.5 inch Super Retina XDR hiển thị cực sắc nét</p><p>Pin chuẩn Li-Ion, dung lượng pin lớn, thời gian lướt web lâu</p>",https://www.nguyenkim.com/dien-thoai-iphone-11-pro-max-64gb-vi-3.html
90045,90045,Điện thoại Vivo Y11 Đỏ San Hô,2790000,2990000,Vivo,VND,"<p>Màn hình tràn Halo 6.35 inch góc nhìn rộng, đẹp mắt</p><p>AI Face Beauty camera trước 8MP selfie đẹp tự nhiên</p><p>Camera sau kép AI 13MP, 2MP cho ra bức ảnh ấn tượng</p><p>Dung lượng pin khủng 5000mAh thỏa thích sử dụng</p><p>Mở khóa vân tay mặt lưng nhanh chóng, an toàn</p><p>Bộ vi xử lý Snapdragon 439 8 nhân trải nghiệm mượt mà</p>",https://www.nguyenkim.com/vivo-y11-do-san-ho.html
90048,90048,Điện thoại Vivo Y11 Xanh Ngọc Bích,2790000,2990000,Vivo,VND,"<p>Màn hình tràn Halo 6.35 inch góc nhìn rộng, đẹp mắt</p><p>AI Face Beauty camera trước 8MP selfie đẹp tự nhiên</p><p>Camera sau kép AI 13MP, 2MP cho ra bức ảnh ấn tượng</p><p>Dung lượng pin khủng 5000mAh thỏa thích sử dụng</p><p>Mở khóa vân tay mặt lưng nhanh chóng, an toàn</p>",https://www.nguyenkim.com/vivo-y11-xanh-ngoc-bich.html
90051,90051,Điện thoại Vivo Y19 Đen Phong Vân,4590000,4990000,Vivo,VND,"<p>Màn hình tràn Halo 6.53'' FHD+ thỏa mãn mọi góc nhìn</p><p>Dung lượng pin 5000mAh, hỗ trợ sạc nhanh, sạc ngược</p><p>Lưu trữ nhiều hình ảnh, video, ứng dụng hơn với RAM 128GB</p><p>Bộ 3 camera 16MP+8MP+2MP bắt trọn mọi khoảnh khắc</p><p>Selfie ấn tượng với camera trước 16MP kết hợp làm đẹp AI</p><p>Chip MediaTek MT6768, ROM 6GB cho hiệu năng mạnh mẽ</p>",https://www.nguyenkim.com/vivo-y19-den.html
90054,90054,Vivo Y19 (6GB/128GB) Trắng Sương Mai,4590000,4990000,Vivo,VND,"<p>Thiết kế mặt cong 3D thoải mái cầm nắm</p><p>Màn hình 6.53 inch Full HD+, tỉ lệ hiển thị 90.3%</p><p>3 camera chuyên nghiệp bắt trọn mọi khoảnh khắc</p><p>Camera selfie 16MP nhiều chế độ làm đẹp</p><p>Pin khủng 5000 mAh  dùng cả ngày dài</p><p>Công nghệ sạc kép sạc nhanh với công suất 18W</p><p>Hỗ trợ sạc ngược chỉ cần cáp OTG</p><p>Chơi game mượt mà, tính năng thay đổi giọng nói</p>",https://www.nguyenkim.com/vivo-y19-trang.html
90293,90293,Nokia 230 DS VN Dark Blue (2018),1200000,1250000,Nokia,VND,"<p>Thiết kế nhỏ gọn, nhẹ, vừa vặn cầm tay</p><p>Mặt lưng nhôm đẹp mắt, cứng cáp và tinh tế</p><p>Camera selfie có cả đèn Flash hỗ trợ</p><p>Hai sim hai sóng thoải mái sử dụng</p><p>Giải trí đa phương tiện với radio, nghe nhạc</p><p>Thẻ nhớ 32GB, kết nối 2G, Bluetooth và có sẵn Facebook</p><p>Dung lượng pin 1200 mAh sử dụng khoảng 2 – 4 ngày</p><p>Bàn phím dễ thao tác, nhấn êm tay, ít xảy ra độ trễ phím</p>",https://www.nguyenkim.com/nokia-230-ds-vn-dark-blue-2018.html
90356,90356,iPhone 11 Pro 512GB Xanh Lá,29990000,37990000,Apple,VND,"<p>Chip A13 Bionic, hệ điều hành IOS 13 kết hợp hoàn hảo</p><p>RAM 4GB, bộ nhớ trong 512GB cho khả năng đa nhiệm rất tốt</p><p>Cụm 3 camera 12 MP góc chụp siêu rộng, chụp đêm tốt</p><p>Camera selfie 12 MP chụp hình ở chế độ chuyển động chậm</p><p>Màn hình OLED 5.8 inch Super Retina XDR hiển thị cực sắc nét</p><p>Pin chuẩn Li-Ion, dung lượng pin tốt, thời gian lướt web lâu</p>",https://www.nguyenkim.com/dien-thoai-iphone-11-512gb.html
92406,92406,Điện thoại Samsung Galaxy A51 128GB Xanh,5990000,7990000,Samsung,VND,"<p>Màn hình vô cực 6.5"" Full HD+ trải nghiệm hình ảnh tuyệt vời</p><p>Điện thoại sở hữu bộ 4 camera đỉnh cao bắt trọn khoảnh khắc</p><p>Thoải mái lưu trữ các ứng dụng với dung lượng 128GB</p><p>RAM 6GB cho khả năng vận hành mượt mà và ổn định</p><p>Bảo mật vân tay mở khóa nhanh chóng an toàn và chính xác</p><p>Dung lượng pin 4000 mAh, hỗ trợ sạc nhanh 15W sạc an toàn</p>",https://www.nguyenkim.com/dien-thoai-samsung-galaxy-a51-128gb-92406.html
92411,92411,Điện thoại Samsung Galaxy A51 128GB Đen,5990000,7990000,Samsung,VND,"<p>RAM 6GB, Chipset Exynos 9611 8 nhân xử lý mượt mà tác vụ</p><p>Màn hình vô cực 6.5"" Full HD+ trải nghiệm hình ảnh tuyệt vời</p><p>Dung lượng pin 4000 mAh, hỗ trợ sạc nhanh 15W sạc an toàn</p><p>Bộ 4 camera sau đến 48MP đem lại những bộ ảnh cực chất</p><p>Tích hợp cảm ứng vân tay dưới màn hình, nhận diện khuôn mặt</p>",https://www.nguyenkim.com/dien-thoai-samsung-galaxy-a51-128gb-vi-2.html
92416,92416,Điện thoại Samsung Galaxy A51 128GB Trắng,5990000,7990000,Samsung,VND,"<p>Màn hình vô cực 6.5"" Full HD+ trải nghiệm hình ảnh tuyệt vời</p><p>Điện thoại sở hữu bộ 4 camera đỉnh cao bắt trọn khoảnh khắc</p><p>Thoải mái lưu trữ các ứng dụng với dung lượng 128GB</p><p>RAM 6GB cho khả năng vận hành mượt mà và ổn định</p><p>Bảo mật vân tay mở khóa nhanh chóng an toàn và chính xác</p><p>Dung lượng pin 4000 mAh, hỗ trợ sạc nhanh 15W </p>",https://www.nguyenkim.com/dien-thoai-samsung-galaxy-a51-128gb-vi.html
93005,93005,Điện thoại Vsmart Active 3 (6GB/64GB) Xanh Lục Bảo,3190000,3990000,Vsmart,VND,"<p>Màn hình tràn viền AMOLED 6.39"" cho hình ảnh tươi sáng</p><p>CPU MediaTek Helio P60 8 nhân hiệu năng hoạt động ổn định</p><p>Bộ 3 camera lên tới 48MP ghi lại mọi khoảnh khắc đẹp nhất</p><p>Camera selfie trượt 16MP với AI Beauty cho bức ảnh sắc nét</p><p>Tích hợp cảm biến vân tay mặt lưng bảo mật cao, mở khóa nhanh</p>",https://www.nguyenkim.com/vsmart-active-3-6gb-64gb-xanh-luc-bao.html
93129,93129,Điện thoại Samsung Galaxy A71 Xanh,7790000,10490000,Samsung,VND,"<p>Kính cường lực Gorilla Glass 3 chịu lực và chống va đập tốt</p><p>Bộ 4 camera sau với camera macro cận cảnh lấy nét 3~5cm</p><p>Thỏa sức selfie với camera trước 32 MP nổi bật thần thái</p><p>Chip Snapdragon 730 8 nhân, RAM 8GB đa nhiệm mượt mà</p><p>Cảm biến vân tay dưới màn hình, mở khóa nhanh chóng</p>",https://www.nguyenkim.com/samsung-galaxy-a71-xanh.html
93172,93172,Điện thoại Samsung Galaxy S20 Ultra Xám,20990000,29990000,Samsung,VND,"<p>Màn hình 6.9 inch Dynamic AMOLED 2X sắc nét và chi tiết</p><p>Camera đỉnh cao, độ phân giải siêu khủng lên đến 108MP</p><p>Chế độ Space Zoom 100x chụp vật ở khoảng cách rất xa</p><p>Ấn tượng với khả năng quay phim điện ảnh 8K đỉnh cao</p><p>Công nghệ AI cho những thước phim mượt mà chống nhòe</p><p>Hiệu năng mạnh mẽ chơi game mượt mà đỉnh cao</p><p>Dung lượng pin khủng 5000 mAh, hỗ trợ sạc nhanh</p><p>Cảm biến vân tay, tính năng nhận diện khuôn mặt </p>",https://www.nguyenkim.com/samsung-galaxy-s20-ultra.html
93357,93357,Vsmart Active 3 (4GB/64GB) Đen Thạch Anh,2890000,3490000,Vsmart,VND,"<p>Màn hình 6.39"" tràn viền, tấm nền AMOLED hình ảnh tươi sáng</p><p>Bộ vi xử lý MediaTek Helio P60 giải quyết mượt mà các tác vụ</p><p>Bộ 3 camera lên tới 48MP ghi lại mọi khoảnh khắc đẹp nhất</p><p>Camera selfie trượt 16MP với AI Beauty cho bức ảnh sắc nét</p><p>Tích hợp cảm biến vân tay mặt lưng bảo mật cao, mở khóa nhanh</p>",https://www.nguyenkim.com/vsmart-active-3-4gb-64gb-den-thach-anh.html
93689,93689,Oppo A31 (4GB/128GB) Đen,3990000,4490000,OPPO,VND,"<p>Dung lượng pin lớn đến 4230 mAh thoải mái dùng cả ngày</p><p>Màn hình tràn viền 6.5 inch thiết kế cầm nắm gọn gàng</p><p>Chipset Helio P35 8 nhân xử lý mượt mà mọi tác vụ</p><p>Camera trước 8 MP cho chất lượng ảnh selfie tuyệt đẹp</p><p>Bộ 3 camera sau chụp ảnh góc rộng, xóa phông chuyên nghiệp</p>",https://www.nguyenkim.com/oppo-a31-4gb-128gb-den.html
93691,93691,Oppo A31 (4GB/128GB) Trắng,3990000,4490000,OPPO,VND,"<p>Dung lượng pin lớn đến 4230 mAh thoải mái dùng cả ngày</p><p>Màn hình tràn viền 6.5 inch thiết kế cầm nắm gọn gàng</p><p>Chipset Helio P35 8 nhân xử lý mượt mà mọi tác vụ</p><p>Camera trước 8 MP cho chất lượng ảnh selfie tuyệt đẹp</p><p>Bộ 3 camera sau chụp ảnh góc rộng, xóa phông chuyên nghiệp</p>",https://www.nguyenkim.com/oppo-a31-4gb-128gb-trang.html
94066,94066,Realme C3 Đỏ,2790000,2990000,Realme,VND,"<p>Chipset MediaTek Helio G70 xử lý mượt mà mọi tác vụ</p><p>Màn hình tràn viền 6.5"" trên tấm nền IPS chịu lực cực kì tốt</p><p>Bộ camera sau tích hợp công nghệ AI cho hình ảnh chất lượng</p><p>Dung lượng pin lớn 5000 mAh cho thời gian sử dụng cả ngày</p><p>Cảm biến vân tay ở mặt lưng mở khóa nhanh, bảo mật tốt</p>",https://www.nguyenkim.com/realme-c3-do.html
94068,94068,Điện thoại Realme C3 Xanh,2790000,2990000,Realme,VND,"<p>Chipset MediaTek Helio G70 xử lý mượt mà mọi tác vụ</p><p>Xử lý hình ảnh mạnh mẽ, <a href=""https://www.nguyenkim.com/10-game-vui-nhon-ban-nhat-dinh-phai-thu-tren-dien-thoai.html"" target=""_blank"" rel=""noopener noreferrer"">chơi game</a> mượt mà ổn định</p><p>Màn hình tràn viền 6.5"" trên tấm nền IPS chịu lực cực kì tốt</p><p>Bộ 3 camera sau 12MP AI bắt trọn khoảnh khắc cuộc sống</p><p>Dung lượng pin lớn 5000 mAh cho thời gian sử dụng cả ngày</p><p>Cảm biến vân tay ở mặt lưng mở khóa nhanh, bảo mật tốt</p>",https://www.nguyenkim.com/dien-thoai-realme-c3-xanh.html
94311,94311,Điện thoại Vsmart Active 3 (6GB/64GB) Đen Thạch Anh,3190000,3990000,Vsmart,VND,"<p>Thiết kế mặt lưng cá tính với hiệu ứng gradient tuyệt đẹp</p><p>Màn hình 6.39 inch AMOLED cho trải nghiệm xem đã mắt</p><p>Mở khóa nhanh chóng với cảm biến vân tay ở mặt lưng</p><p>Chip 8 nhân và RAM 6GB cho hiệu năng ổn định, mượt mà</p><p>Dung lượng pin 4020mAh cho trải nghiệm cả ngày dài</p><p>Hệ thống 3 camera 48MP bắt trọn mọi khoảnh khắc</p><p>Selfie xinh lung linh với Camera selfie 16MP tích hợp AI</p>",https://www.nguyenkim.com/vsmart-active-3-6gb-64gb-den-thach-anh.html
94355,94355,Điện thoại OPPO A12 4GB/64GB Xanh,3290000,3690000,OPPO,VND,"<p>Màn hình giọt nước rộng 6.2 inch giảm ánh sáng xanh, bảo vệ mắt</p><p>Bộ vi xử lý MediaTek P35 8 nhân trải nghiệm tác vụ mượt mà</p><p>Bộ nhớ trong đến 64GB thoải mái cài đặt những ứng dụng</p><p>Bộ đôi camera sau kết hợp AI cho bức ảnh sắc nét, chuyên nghiệp</p><p>Dung lượng pin lớn 4230 mAh có thể chơi game, lướt web cả ngày</p><p>Âm thanh Dirac đem đến chất lượng âm thanh sống động, chi tiết</p><p>Bảo mật an toàn, mở khóa nhanh bằng vân tay và khuôn mặt</p>",https://www.nguyenkim.com/dien-thoai-oppo-a12-4gb-64gb-xanh.html
94420,94420,Điện thoại Samsung Galaxy A11 Xanh,3190000,3190000,,,,https://www.nguyenkim.com/dien-thoai-samsung-galaxy-a11-xanh.html
94421,94421,Điện thoại Samsung Galaxy A11 Đen,3190000,3190000,,,,https://www.nguyenkim.com/dien-thoai-samsung-galaxy-a11-den.html
94426,94426,Điện thoại Samsung Galaxy A11 Trắng,3190000,3190000,,,,https://www.nguyenkim.com/dien-thoai-samsung-galaxy-a11-trang.html
94520,94520,Điện thoại Vivo Y50 Đen,5090000,6290000,Vivo,VND,"<p>Màn hình sát viền 6.53"" Full HD+ màu sắc hình ảnh trung thực</p><p>Chip Qualcomm Snapdragon 665 hiệu năng xử lý mạnh mẽ</p><p>Dung lượng pin 5000 mAh cho thời gian sử dụng cả ngày</p><p>Camera selfie cùng công nghệ làm đẹp chụp đêm ấn tượng</p><p>4 camera sau chống rung quay phim, chụp ảnh chuyên nghiệp</p><p>Cảm biến vân tay mặt lưng mở khóa nhanh, bảo mật cao</p>",https://www.nguyenkim.com/dien-thoai-vivo-y50-den.html
94871,94871,Điện thoại OPPO A12 3GB/32GB Đen,2690000,2990000,OPPO,VND,"<p>Màn hình giọt nước rộng 6.2"" giảm ánh sáng xanh, bảo vệ mắt</p><p>Bộ vi xử lý MediaTek P35 8 nhân trải nghiệm tác vụ mượt mà</p><p>Bộ nhớ trong đến 32GB đủ lưu trữ những hình ảnh, video</p><p>Camera sau kép kết hợp AI cho bức ảnh sắc nét, chuyên nghiệp</p><p>Dung lượng pin 4230 mAh có thể chơi game, lướt web cả ngày</p><p>Âm thanh Dirac đem đến chất lượng âm thanh sống động</p><p>Bảo mật an toàn, mở khóa nhanh bằng vân tay và khuôn mặt</p>",https://www.nguyenkim.com/dien-thoai-oppo-a12-3gb-32gb-den.html
94876,94876,Điện thoại OPPO A12 3GB/32GB Xanh,2690000,2990000,OPPO,VND,"<p>Màn hình giọt nước rộng 6.2"" giảm ánh sáng xanh, bảo vệ mắt</p><p>Bộ vi xử lý MediaTek P35 8 nhân trải nghiệm tác vụ mượt mà</p><p>Bộ nhớ trong đến 32GB đủ lưu trữ những hình ảnh, video</p><p>Camera sau kép kết hợp AI cho bức ảnh sắc nét, chuyên nghiệp</p><p>Dung lượng pin 4230 mAh có thể chơi game, lướt web cả ngày</p><p>Âm thanh Dirac đem đến chất lượng âm thanh sống động</p><p>Bảo mật an toàn, mở khóa nhanh bằng vân tay và khuôn mặt</p>",https://www.nguyenkim.com/dien-thoai-oppo-a12-3gb-32gb-xanh.html
94881,94881,Điện thoại Samsung Galaxy A21s 3GB/32GB Xanh,3690000,4690000,Samsung,VND,"<p>Màn hình vô cực 6.5"" HD+ trải nghiệm hình ảnh sống động</p><p>Bộ 4 camera sau đến 48MP trải nghiệm chụp ảnh đa dạng</p><p>Camera trước 13MP chụp selfie đẹp tự nhiên và rõ nét</p><p>Bảo mật vân tay, nhận diện khuôn mặt nhanh, chính xác</p><p>Dung lượng pin cực lớn 5000mAh, hỗ trợ sạc nhanh 15W</p><p>Bộ vi xử lý 8 nhân, RAM 3GB cho hiệu năng mượt mà ổn định</p>",https://www.nguyenkim.com/dien-thoai-samsung-galaxy-a21s-xanh.html
94884,94884,Điện thoại Samsung Galaxy A21s 3GB/32GB Đen,3690000,4690000,Samsung,VND,"<p>Màn hình vô cực 6.5"" HD+ trải nghiệm hình ảnh sống động</p><p>Bộ 4 camera sau đến 48MP trải nghiệm chụp ảnh đa dạng</p><p>Camera trước 13MP chụp selfie đẹp tự nhiên và rõ nét</p><p>Bảo mật vân tay, nhận diện khuôn mặt nhanh, chính xác</p><p>Dung lượng pin cực lớn 5000mAh, hỗ trợ sạc nhanh 15W</p><p>Bộ vi xử lý 8 nhân, RAM 3GB cho hiệu năng mượt mà ổn định</p>",https://www.nguyenkim.com/dien-thoai-samsung-galaxy-a21s-den.html
94889,94889,Điện thoại Samsung Galaxy A21s 3GB/32GB Trắng,3690000,4690000,Samsung,VND,"<p>Màn hình vô cực 6.5"" HD+ trải nghiệm hình ảnh sống động </p><p>Bộ 4 camera sau đến 48MP cho trải nghiệm chụp đa dạng</p><p>Camera trước 13MP selfie ấn tượng với độ phân giải cao</p><p>Bảo mật vân tay, nhận diện khuôn mặt nhanh và chính xác </p><p>Dung lượng pin lớn 5000mAh, hỗ trợ sạc nhanh 15W</p><p>Bộ vi xử lý 8 nhân, RAM 3GB cho hiệu năng mượt mà ổn định</p>",https://www.nguyenkim.com/dien-thoai-samsung-galaxy-a21s-trang.html
95115,95115,Điện thoại Vivo Y30 4GB/128GB Trắng,3790000,4490000,Vivo,VND,"<p>Màn hình nốt ruồi 6.47 inch trải nghiệm thị giác hoàn mỹ</p><p>Pin siêu khủng 5000mAh cho thời gian sử dụng cả ngày dài</p><p>Bộ 4 camera sau AI nâng tầm trải nghiệm nhiếp ảnh</p><p>Cảm biến vân tay ở mặt lưng mở khóa nhanh, chính xác</p><p>Chế độ bảo vệ mắt, giảm ánh sáng xanh, không lo mỏi mắt</p><p>Tích hợp công nghệ Multi Turbo 3.0 hạn chế giật lag khung hình</p><p>Chế độ Ultra Game Mode 8.0 chơi game mượt mà, trơn tru</p>",https://www.nguyenkim.com/dien-thoai-vivo-y30-trang.html
95130,95130,Điện thoại Vivo Y30 4GB/128GB Xanh Dương,3790000,4490000,Vivo,VND,"<p>Màn hình nốt ruồi 6.47 inch trải nghiệm thị giác hoàn mỹ</p><p>Pin siêu khủng 5000mAh cho thời gian sử dụng cả ngày dài</p><p>Bộ 4 camera sau AI nâng tầm trải nghiệm nhiếp ảnh</p><p>Cảm biến vân tay ở mặt lưng mở khóa nhanh, chính xác</p><p>Chế độ bảo vệ mắt, giảm ánh sáng xanh, không lo mỏi mắt</p><p>Tích hợp công nghệ Multi Turbo 3.0 hạn chế giật lag khung hình</p><p>Chế độ Ultra Game Mode 8.0 chơi game mượt mà, trơn tru</p>",https://www.nguyenkim.com/dien-thoai-vivo-y30-xanh-duong.html
95161,95161,Điện thoại OPPO A92 Đen,5990000,6490000,OPPO,VND,"<p>Pin 5000mAh, hỗ trợ sạc siêu nhanh 18W trải nghiệm liên tục</p><p>Màn hình tràn viền thiết kế chấm O hiển thị sắc nét, mượt mà</p><p>4 camera AI đến 48 MP quay video 4K, chụp đêm sắc nét</p><p>Mở khóa vân tay tích hợp cạnh bên thao tác nhanh, tiện lợi</p><p>Trang bị loa stereo kép cho âm thanh sống động như thật</p>",https://www.nguyenkim.com/dien-thoai-oppo-a92-den.html
95656,95656,Điện thoại Vivo Y11 Xanh Ngọc Trai,2790000,2990000,Vivo,VND,"<p>Màn hình tràn Halo 6.35 inch góc nhìn rộng, đẹp mắt</p><p>AI Face Beauty camera trước 8MP selfie đẹp tự nhiên</p><p>Camera sau kép AI 13MP, 2MP cho ra bức ảnh ấn tượng</p><p>Dung lượng pin khủng 5000mAh thỏa thích sử dụng</p><p>Mở khóa vân tay mặt lưng nhanh chóng, an toàn</p><p>Bộ vi xử lý Snapdragon 439 cho trải nghiệm mượt mà</p>",https://www.nguyenkim.com/dien-thoai-vivo-y11-xanh-ngoc-trai.html
95671,95671,Điện thoại Vivo U10 Xanh Huỳnh Quang,2990000,3790000,Vivo,VND,"<p>Màn hình tràn Halo 6.35 inch cho góc nhìn rộng, đẹp mắt</p><p>Dung lượng pin khủng 5000mAh, thời gian sử dụng lâu</p><p>Trang bị công nghệ sạt kép siêu nhanh 18W độc quyền của vivo</p><p>Bộ vi xử lý Snapdragon 665 AIE 8 nhân, vận hành mượt mà</p><p>Bộ 3 camera sau AI 13MP, 8MP, 2MP cho những bức ảnh ấn tượng</p><p>Camera trước 8MP, tạo ra những bức ảnh selfie tự nhiên</p><p>Mở khóa bằng vân tay và nhận diện khuôn mặt tiện lợi</p>",https://www.nguyenkim.com/dien-thoai-vivo-u10-xanh-huynh-quang.html
96814,96814,Điện thoại Realme 6i Trắng sữa,3493000,4990000,Realme,VND,"<p>Realme 6i có thiết kế tinh tế với gam màu trắng sữa thu hút</p><p>Dung lượng bộ nhớ hoàn hảo cho nhu cầu sử dụng thông thường</p><p>Chất lượng phân giải chuẩn của camera cho ảnh chụp hoàn hảo</p><p>Màn hình giọt nước tạo trải nghiệm xem nhìn hoàn hảo</p><p>Màn hình 6.5 inch HD+ với công nghệ chống chói tiên tiến</p><p>Dung lượng pin lớn nâng cấp khả năng hoạt động lâu dài</p><p>Trang bị Wifi tốc độ cao cùng với Bluetooth 5.0 hiện đại</p><p>Kiểu dáng thời thượng, khẳng định phong cách của bạn</p>",https://www.nguyenkim.com/dien-thoai-realme-6i-trang-sua.html
96936,96936,Điện thoại iPhone 11 Pro Max 256GB Xám,28990000,34990000,Apple,VND,"<p>Chip A13 Bionic, <strong><a href=""https://www.nguyenkim.com/khong-phai-ai-cung-biet-nhung-tinh-nang-an-tren-ios-13.html"" target=""_blank"" rel=""noopener noreferrer"">hệ điều hành IOS 13</a></strong> kết hợp hoàn hảo</p><p>RAM 4GB, bộ nhớ trong 256GB cho khả năng đa nhiệm rất tốt</p><p><strong><a href=""https://www.nguyenkim.com/cum-camera-cua-iphone-11-pro-duoc-gioi-nhiep-anh-gia-khen-khong-tiec-loi.html"" target=""_blank"" rel=""noopener noreferrer"">Cụm 3 camera</a></strong> 12 MP góc chụp siêu rộng, chụp đêm tốt</p><p>Camera selfie 12 MP chụp hình ở chế độ chuyển động chậm</p><p>Màn hình OLED 6.5 inch Super Retina XDR hiển thị cực sắc nét</p><p>Pin chuẩn Li-Ion, dung lượng pin lớn, thời gian lướt web lâu</p>",https://www.nguyenkim.com/dien-thoai-iphone-11-pro-max-256gb-xam.html
96946,96946,Điện thoại iPhone 11 Pro Max 256GB Xanh lá,28990000,34990000,Apple,VND,"<p>Màn hình OLED 6.5 inch Super Retina XDR hiển thị cực sắc nét</p><p>Chip A13 Bionic, hệ điều hành IOS 13 kết hợp hoàn hảo</p><p>RAM 4GB, bộ nhớ trong 256GB cho khả năng đa nhiệm rất tốt</p><p>Cụm 3 camera 12 MP góc chụp siêu rộng, chụp đêm tốt</p><p>Camera selfie 12 MP chụp hình ở chế độ chuyển động chậm</p><p>Pin chuẩn Li-Ion, dung lượng pin lớn, thời gian lướt web lâu</p>",https://www.nguyenkim.com/dien-thoai-iphone-11-pro-max-256gb-xanh-la.html
96954,96954,Điện thoại iPhone SE 64GB Đen (2020),9490000,12990000,Apple,VND,"<p>Thiết kế điện thoại gọn nhẹ với màn hình 4.7 inch </p><p>Màn hình LCD Retina HD và True Tone cho hình ảnh sắc nét</p><p>Sử dụng chip A13 Bionic mang lại cấu hình mạnh mẽ</p><p>Camera sau 12MP cho chất lượng ảnh sắc nét vừa đủ</p><p>Hỗ trợ chuẩn Wi-Fi 6, Bluetooth 5.0, 4G LTE và 2 SIM</p><p>Cảm biến vân tay Touch ID, mở khóa nhanh chóng</p>",https://www.nguyenkim.com/dien-thoai-iphone-se-64gb-den-2020.html
96956,96956,Điện thoại iPhone SE 64GB Trắng (2020),9490000,12990000,Apple,VND,"<p>Thiết kế điện thoại gọn nhẹ với màn hình 4.7 inch</p><p>Màn hình LCD Retina HD và True Tone cho hình ảnh sắc nét</p><p>Sử dụng chip A13 Bionic mang lại cấu hình mạnh mẽ</p><p>Camera sau 12MP cho chất lượng ảnh sắc nét vừa đủ</p><p>Hỗ trợ chuẩn Wi-Fi 6, Bluetooth 5.0, 4G LTE và 2 SIM</p><p>Cảm biến vân tay Touch ID, mở khóa nhanh chóng</p>",https://www.nguyenkim.com/dien-thoai-iphone-se-64gb-trang-2020.html
96961,96961,Điện thoại iPhone SE 64GB Đỏ (2020),9490000,12990000,Apple,VND,"<p>Điện thoại sở hữu thiết kế gọn nhẹ với màn hình 4.7 inch </p><p>Màn hình LCD Retina HD và True Tone cho hình ảnh sắc nét</p><p>Sử dụng chip A13 Bionic mang lại cấu hình mạnh mẽ</p><p>Camera sau 12MP cho chất lượng ảnh sắc nét vừa đủ</p><p>Hỗ trợ chuẩn Wi-Fi 6, Bluetooth 5.0, 4G LTE và 2 SIM</p><p>Cảm biến vân tay Touch ID, mở khóa nhanh chóng</p>",https://www.nguyenkim.com/dien-thoai-iphone-se-64gb-do-2020.html
96964,96964,Điện thoại iPhone SE 128GB Đen (2020),10990000,14990000,Apple,VND,"<p>Thiết kế gọn nhẹ cao cấp với màn hình kích thước 4.7 inch</p><p>Công nghệ màn hình Retina HD hiển thị hình ảnh rõ nét</p><p>Chip A13 Bionic mang lại cấu hình mạnh mẽ vượt trội</p><p>Camera sau 12MP cho chất lượng ảnh sắc nét vừa đủ</p><p>Điện thoại có khả năng kháng nước, kháng bụi chuẩn IP67</p><p><a href=""https://www.nguyenkim.com/nut-home-bien-mat-vay-cam-bien-van-tay-cua-iphone-tiep-theo-o-dau.html"" target=""_blank"" rel=""noopener noreferrer"">Cảm biến vân tay Touch ID</a> giúp mở khóa nhanh chóng</p><p>Pin bền bỉ, xem video liên tục 13 giờ, hỗ trợ sạc nhanh</p>",https://www.nguyenkim.com/dien-thoai-iphone-se-128gb-den-2020.html
96966,96966,Điện thoại iPhone SE 128GB Trắng (2020),10990000,14990000,Apple,VND,"<p>Màn hình Retina HD 4.7 inch hiển thị hình ảnh rõ nét</p><p>Chip A13 Bionic mang lại cấu hình mạnh mẽ vượt trội</p><p>Camera sau 12MP cho chất lượng ảnh sắc nét vừa đủ</p><p>Điện thoại có khả năng kháng nước, kháng bụi chuẩn IP67</p><p><a href=""https://www.nguyenkim.com/nut-home-bien-mat-vay-cam-bien-van-tay-cua-iphone-tiep-theo-o-dau.html"" target=""_blank"" rel=""noopener noreferrer"">Cảm biến vân tay Touch ID</a> giúp mở khóa nhanh chóng</p><p>Pin bền bỉ, xem video liên tục 13 giờ, hỗ trợ sạc nhanh</p>",https://www.nguyenkim.com/dien-thoai-iphone-se-128gb-trang-2020.html
96981,96981,Điện thoại iPhone SE 64GB Trắng (2020),9490000,12990000,Apple,VND,"<p>Thiết kế điện thoại gọn nhẹ với màn hình 4.7 inch </p><p>Màn hình LCD Retina HD và True Tone cho hình ảnh sắc nét</p><p>Sử dụng chip A13 Bionic mang lại cấu hình mạnh mẽ</p><p>Camera sau 12MP cho chất lượng ảnh sắc nét vừa đủ</p><p>Hỗ trợ chuẩn Wi-Fi 6, Bluetooth 5.0, 4G LTE và 2 SIM</p><p>Cảm biến vân tay Touch ID, mở khóa nhanh chóng</p>",https://www.nguyenkim.com/dien-thoai-iphone-se-64gb-trang-2020-vi.html
96991,96991,Điện thoại iPhone SE 128GB Đen (2020),10990000,14990000,Apple,VND,"<p>Thiết kế gọn nhẹ cao cấp với màn hình kích thước 4.7 inch</p><p>Công nghệ màn hình Retina HD hiển thị hình ảnh rõ nét</p><p>Chip A13 Bionic ưu việt cho cấu hình mạnh mẽ vượt trội</p><p>Camera sau 12MP cho chất lượng ảnh sắc nét vừa đủ</p><p>Hỗ trợ chuẩn Wi-Fi 6, Bluetooth 5.0, 4G LTE và 2 SIM</p><p><a href=""https://www.nguyenkim.com/nut-home-bien-mat-vay-cam-bien-van-tay-cua-iphone-tiep-theo-o-dau.html"" target=""_blank"" rel=""noopener noreferrer"">Cảm biến vân tay Touch ID</a> giúp mở khóa nhanh chóng</p><p>Pin bền bỉ, xem video liên tục 13 giờ, hỗ trợ sạc nhanh</p>",https://www.nguyenkim.com/dien-thoai-iphone-se-128gb-den-2020-vi.html
97136,97136,Điện thoại iPhone 11 Pro Max 256GB Bạc,28990000,34990000,Apple,VND,"<p>Màn hình OLED 6.5 inch Super Retina XDR hiển thị cực sắc nét</p><p>Camera selfie 12 MP chụp hình ở chế độ chuyển động chậm</p><p>Chip A13 Bionic, <strong><a href=""https://www.nguyenkim.com/khong-phai-ai-cung-biet-nhung-tinh-nang-an-tren-ios-13.html"" target=""_blank"" rel=""noopener noreferrer"">hệ điều hành IOS 13</a> </strong>kết hợp hoàn hảo</p><p>RAM 4GB, bộ nhớ trong 256GB cho khả năng đa nhiệm rất tốt</p><p><a href=""https://www.nguyenkim.com/cum-camera-cua-iphone-11-pro-duoc-gioi-nhiep-anh-gia-khen-khong-tiec-loi.html"" target=""_blank"" rel=""noopener noreferrer""><strong>Cụm 3 cam</strong></a><strong><a href=""https://www.nguyenkim.com/cum-camera-cua-iphone-11-pro-duoc-gioi-nhiep-anh-gia-khen-khong-tiec-loi.html"" target=""_blank"" rel=""noopener noreferrer""></a><a href=""https://www.nguyenkim.com/cum-camera-cua-iphone-11-pro-duoc-gioi-nhiep-anh-gia-khen-khong-tiec-loi.html"" target=""_blank"" rel=""noopener noreferrer"">era</a></strong> 12 MP góc chụp siêu rộng, chụp đêm tốt</p><p>Pin chuẩn Li-Ion, dung lượng pin lớn, thời gian lướt web lâu</p>",https://www.nguyenkim.com/dien-thoai-iphone-11-pro-max-256gb-bac.html
97377,97377,Điện thoại Samsung Galaxy Note 20 Xám,19490000,23990000,Samsung,VND,"<p>Dòng smartphone mới nhất đến từ thương hiệu Samsung</p><p>Khả năng lưu trữ lên đến 1TB với khe cắm hỗ trợ thẻ nhớ</p><p>Màn hình 6.7 inch Super AMOLED hiển thị sắc màu rực rỡ</p><p>Sở hữu khả năng lưu trữ đỉnh cao khi có bộ nhớ trong 256GB</p><p>3 camera sau với chức năng riêng biệt, cho hình ảnh sắc nét</p><p>Camera selfie 10MP đem lại hình ảnh ""sống ảo"" tuyệt hảo</p><p>Lên kế hoạch, tạo ghi chú đơn giản với S Pen siêu nhạy</p><p>Đồng bộ hóa dữ liệu dễ dàng với ứng dụng Samsung Note</p>",https://www.nguyenkim.com/dien-thoai-samsung-galaxy-note-20-xam.html
97382,97382,Điện thoại Samsung Galaxy Note 20 Xanh,19490000,23990000,Samsung,VND,"<p>Dòng smartphone mới nhất đến từ thương hiệu Samsung</p><p>Màn hình 6.7 inch Super AMOLED hiển thị sắc màu rực rỡ</p><p>Dung lượng có thể đạt đến 1TB với khe cắm hỗ trợ thẻ nhớ</p><p>Sở hữu khả năng lưu trữ đỉnh cao khi có bộ nhớ trong 256GB</p><p>3 camera sau với chức năng riêng biệt, cho hình ảnh sắc nét</p><p>Camera selfie 10MP đem lại hình ảnh ""sống ảo"" tuyệt hảo</p><p>Lên kế hoạch, tạo ghi chú đơn giản với S Pen siêu nhạy</p><p>Đồng bộ hóa dữ liệu dễ dàng với ứng dụng Samsung Note</p><p>Thiết kế sang trọng đi cùng tone màu tinh tế, thời thượng</p>",https://www.nguyenkim.com/dien-thoai-samsung-galaxy-note-20-xanh.html
97387,97387,Điện thoại Samsung Galaxy Note 20 Đồng,19490000,23990000,Samsung,VND,"<p>Dòng smartphone mới nhất đến từ thương hiệu Samsung</p><p>Màn hình 6.7 inch Super AMOLED hiển thị sắc màu rực rỡ</p><p>Dung lượng có thể đạt đến 1TB với khe cắm hỗ trợ thẻ nhớ</p><p>Sở hữu khả năng lưu trữ đỉnh cao khi có bộ nhớ trong 256GB</p><p>Lên kế hoạch, tạo ghi chú đơn giản với S Pen siêu nhạy</p><p>3 camera sau với chức năng riêng biệt, cho hình ảnh sắc nét</p><p>Camera selfie 10MP đem lại hình ảnh ""sống ảo"" tuyệt hảo</p><p>Đồng bộ hóa dữ liệu dễ dàng với ứng dụng Samsung Note</p><p>Vẻ ngoài sang trọng với gam màu đồng lần đầu tiên xuất hiện</p>",https://www.nguyenkim.com/dien-thoai-samsung-galaxy-note-20-dong.html
97388,97388,Điện thoại Samsung Galaxy Note 20 Ultra Đen,25490000,29990000,Samsung,VND,"<p>Màn hình kích thước 6.9"" cùng công nghệ hiển thị hiện đại</p><p>Bộ nhớ trong 256GB cho khả năng lưu trữ dữ liệu tối ưu</p><p>Chơi game, xem phim ""tẹt ga"" với màn hình cảm ứng siêu nhạy </p><p>Khả năng quay những thước phim chất lượng 8K hoàn hảo</p><p>Bộ 3 camera có độ phân giải cao bắt trọn mọi khoảnh khắc</p><p>Camera selfie 10MP đem lại những tấm ảnh chân dung sắc xảo</p><p>S Pen thế hệ mới giúp bạn dễ dàng lên kế hoạch, tạo ghi chú</p><p>Thiết kế siêu nhẹ đi cùng vẻ ngoài tinh tế với sắc đen huyền bí</p>",https://www.nguyenkim.com/dien-thoai-samsung-galaxy-note-20-ultra-den.html
97392,97392,Điện thoại Samsung Galaxy Note 20 Ultra Đồng,25490000,29990000,Samsung,VND,"<p>Màn hình kích thước 6.9"" cùng công nghệ hiển thị hiện đại</p><p>Bộ nhớ trong 256GB cho khả năng lưu trữ dữ liệu tối ưu</p><p>Chơi game, xem phim ""tẹt ga"" với màn hình cảm ứng siêu nhạy </p><p>Khả năng quay những thước phim chất lượng 8K hoàn hảo</p><p><a href=""https://www.nguyenkim.com/dien-thoai-di-dong/?features_hash=255-127430-169862-141554-141494-115836-144214"" target=""_blank"" rel=""noopener noreferrer"">Camera selfie 10MP</a> đem lại những tấm ảnh chân dung sắc xảo</p><p>Bộ 3 camera có độ phân giải cao bắt trọn mọi khoảnh khắc</p><p><a href=""https://www.nguyenkim.com/s-pen-chiec-but-than-ky-danh-cho-nhung-nguoi-yeu-note..html"" target=""_blank"" rel=""noopener noreferrer"">S Pen thế hệ mới</a> giúp bạn dễ dàng lên kế hoạch, tạo ghi chú</p><p>Kiểu dáng sang trọng với gam màu đồng lần đầu tiên xuất hiện</p>",https://www.nguyenkim.com/dien-thoai-samsung-galaxy-note-20-ultra-dong.html
97397,97397,Điện thoại Samsung Galaxy Note 20 Ultra Trắng,25490000,29990000,Samsung,VND,"<p>Màn hình kích thước 6.9"" cùng công nghệ hiển thị hiện đại</p><p>Bộ nhớ trong 256GB cho khả năng lưu trữ dữ liệu tối ưu</p><p>Chơi game, xem phim ""tẹt ga"" với màn hình cảm ứng siêu nhạy </p><p>Khả năng quay những thước phim chất lượng 8K hoàn hảo</p><p>Bộ 3 camera có độ phân giải cao bắt trọn mọi khoảnh khắc</p><p>Camera selfie 10MP đem lại những tấm ảnh chân dung sắc xảo</p><p>S Pen thế hệ mới giúp bạn dễ dàng lên kế hoạch, tạo ghi chú</p><p>Thiết kế siêu nhẹ đi cùng vẻ ngoài tinh tế với gam trắng tinh tế</p>",https://www.nguyenkim.com/dien-thoai-samsung-galaxy-note-20-ultra-trang.html
97542,97542,Điện thoại OPPO Reno4 Đen thiên thạch,7490000,8490000,OPPO,VND,<p>Thiết kế camera selfie màu AI tự động điều chỉnh ánh sáng</p><p>Sở hữu bộ 4 camera sau cho chất lượng hình ảnh chuẩn</p><p>Bộ nhớ 128GB hỗ trợ thẻ nhớ lên đến 256GB vô cùng tiện lợi</p><p>Trang bị sạc nhanh VOOC 4.0 30W cùng dung lượng pin lớn</p><p>Kết nối Bluetooh 5.1 có tốc độ cao đi cùng Wifi ổn định</p><p>Thiết kế mang hơi hướng hiện đại cùng màu đen mạnh mẽ</p>,https://www.nguyenkim.com/dien-thoai-oppo-reno4-den-thien-thach.html
97607,97607,Điện thoại Vsmart Star 4 (3GB/32GB) Đen,2040000,2490000,Vsmart,VND,"<p>Bộ nhớ 32GB đáp ứng tốt nhu cầu sử dụng thường ngày</p><p>Màn hình IPS LCD giọt nước tăng khả năng hiển thị thông tin</p><p>Độ phân giải màn hình chất lượng HD+, xem phim thả ga </p><p>Camera selfie 8MP đi cùng công nghệ làm đẹp AI Beauty</p><p>Hệ thống camera sau cao cấp quay video chất lượng Full HD</p><p>Pin dung lượng 3500mAH cho thời gian sử dụng lâu dài</p><p>Trang bị Wifi tốc độ cao và Bluetooth 4.2 kết nối nhanh </p><p>Thiết kế hiện đại đi cùng gam màu đen cá tính, mạnh mẽ</p>",https://www.nguyenkim.com/dien-thoai-vsmart-star-4-3gb-32gb-den.html
97612,97612,Điện thoại Vsmart Star 4 (3GB/32GB) Trắng,2040000,2490000,Vsmart,VND,"<p>Bộ nhớ 32GB đáp ứng tốt nhu cầu sử dụng thường ngày</p><p>Màn hình IPS LCD giọt nước tăng khả năng hiển thị thông tin</p><p>Độ phân giải màn hình chất lượng HD+, xem phim thả ga </p><p>Camera selfie 8MP đi cùng công nghệ làm đẹp AI Beauty</p><p>Hệ thống camera sau cao cấp quay video chất lượng Full HD</p><p>Pin dung lượng 3500mAH cho thời gian sử dụng lâu dài</p><p>Trang bị Wifi tốc độ cao và Bluetooth 4.2 kết nối nhanh </p><p>Kiểu dáng thu hút với gam màu trắng tinh khiết, trong trẻo</p>",https://www.nguyenkim.com/dien-thoai-vsmart-star-4-3gb-32gb-trang.html
97637,97637,Điện thoại Samsung Galaxy A01 Core Xanh,1490000,1990000,Samsung,VND,"<p>Màn hình LCD 5.3"" hiển thị hình ảnh rực rỡ, sắc nét</p><p>Khả năng phân giải hình ảnh chất lượng cao, lên đến HD+</p><p>Camera độ phân giải cao cho ảnh chụp trở thành kiệt tác</p><p>Khả năng quay video hoàn hảo với chất lượng Full HD</p><p>Trang bị Bluetooth 5.0 và Wifi tốc độ cao lên đến 2.4GHz</p><p>Sử dụng pin chất lượng cao dung lượng lớn 3000mAH</p><p>Thiết kế hiện đại thể hiện phong cách riêng của bạn</p>",https://www.nguyenkim.com/dien-thoai-samsung-galaxy-a01-core-xanh.html
97642,97642,Điện thoại Samsung Galaxy A01 Core Đen,1490000,1990000,Samsung,VND,"<p>Màn hình LCD 5.3"" hiển thị hình ảnh rực rỡ, sắc nét</p><p>Khả năng phân giải hình ảnh chất lượng cao, lên đến HD+</p><p>Quay video hoàn hảo với chất lượng Full HD đến từ smartphone</p><p>Camera có độ phân giải cao cho ảnh chụp trở thành kiệt tác</p><p>Trang bị Bluetooth 5.0 và Wifi tốc độ cao lên đến 2.4GHz</p><p>Sử dụng pin chất lượng cao dung lượng lớn 3000mAH</p><p>Kiểu dáng thời thượng thể hiện phong cách riêng của bạn</p>",https://www.nguyenkim.com/dien-thoai-samsung-galaxy-a01-core-den.html
97647,97647,Điện thoại Samsung Galaxy A01 Core Đỏ,1490000,1990000,Samsung,VND,"<p>Màn hình LCD 5.3"" hiển thị hình ảnh rực rỡ, sắc nét</p><p>Khả năng phân giải hình ảnh chất lượng cao, lên đến HD+</p><p>Quay video chất lượng Full HD tuyệt hảo trở nên dễ dàng </p><p>Camera có độ phân giải cao cho ảnh chụp trở thành kiệt tác</p><p>Trang bị Bluetooth 5.0 và Wifi tốc độ cao lên đến 2.4GHz</p><p>Sử dụng pin chất lượng cao dung lượng lớn 3000mAH</p><p>Sắc đỏ ấn tượng tăng thêm vẻ cá tính, thời thượng</p>",https://www.nguyenkim.com/dien-thoai-samsung-galaxy-a01-core-do.html
97652,97652,Điện thoại Samsung Galaxy A51 Bạc độc đáo,5990000,7990000,Samsung,VND,"<p>Màn hình LCD cho khả năng hiển thị hình ảnh rực rỡ, sắc nét</p><p>Màn hình phân giải hình ảnh chất lượng cao, lên đến <span>FullHD+ </span></p><p>Camera selfie 32MP cao cấp cho bạn ảnh chụp lung linh</p><p>Bộ 4 camera nổi bật đem lại ảnh chụp hoàn hảo từng chi tiết</p><p>Sử dụng pin chất lượng cao với dung lượng lớn 4000mAH</p>",https://www.nguyenkim.com/dien-thoai-samsung-galaxy-a51-bac-doc-dao.html
97727,97727,Điện thoại Samsung Galaxy Note 20 Ultra 5G Đồng,27990000,32990000,Samsung,VND,"<p>Hỗ trợ kết nối mạng 5G sở hữu tốc độ nhanh nhất hiện nay</p><p>Màn hình kích thước 6.9"" cùng công nghệ hiển thị hiện đại</p><p>Bộ nhớ trong 256GB cho khả năng lưu trữ dữ liệu tối ưu</p><p>Chơi game, xem phim ""tẹt ga"" với màn hình cảm ứng siêu nhạy </p><p>Khả năng quay những thước phim chất lượng 8K hoàn hảo</p><p>Camera selfie 10MP đem lại những tấm ảnh chân dung sắc xảo</p><p>Bộ 3 camera có độ phân giải cao bắt trọn mọi khoảnh khắc</p><p>S Pen thế hệ mới giúp bạn dễ dàng lên kế hoạch, tạo ghi chú</p><p>Kiểu dáng sang trọng với gam màu đồng lần đầu tiên xuất hiện</p>",https://www.nguyenkim.com/dien-thoai-samsung-galaxy-note-20-ultra-5g-dong.html
98293,98293,Điện thoại Vivo Y20 (4GB/64GB) Xanh thiên tú,3490000,3990000,Vivo,VND,"<p>Smartphone mang kiểu dáng hiện đại cùng đường nét tinh tế</p><p>Sở hữu màn hình 5.1"" LCD cùng tấm nền IPS chống chói tốt</p><p>Phân giải hình ảnh chuẩn HD+, đem lại chuyển động mượt mà</p><p>Bộ nhớ 64GB hỗ trợ thẻ nhớ lên đến 256GB vô cùng tiện lợi</p><p>Camera chân dung 8MP, cho bạn những bức ảnh sống ảo ""chất""</p><p>Các camera sau có khả năng chụp hoàn hảo với độ nét cao</p><p>Hỗ trợ sạc nhanh 10W giúp duy trì những ván game tuyệt hảo</p>",https://www.nguyenkim.com/dien-thoai-vivo-y20-4gb-64gb-xanh-thien-tu.html
98298,98298,Điện thoại Vivo Y20 (4GB/64GB) Trắng tinh sương,3490000,3990000,Vivo,VND,"<p>Bộ nhớ 64GB hỗ trợ thẻ nhớ lên đến 256GB vô cùng tiện lợi</p><p>Sở hữu màn hình 5.1"" LCD cùng tấm nền IPS chống chói tốt</p><p>Phân giải hình ảnh chuẩn HD+, đem lại chuyển động mượt mà</p><p>Camera chân dung 8MP, cho bạn những bức ảnh sống ảo ""chất""</p><p>Các camera sau có khả năng chụp hoàn hảo với độ nét cao</p><p>Hỗ trợ sạc nhanh 10W giúp duy trì những ván game tuyệt hảo</p><p>Smartphone mang kiểu dáng hiện đại cùng đường nét tinh tế</p>",https://www.nguyenkim.com/dien-thoai-vivo-y20-4gb-64gb-trang-tinh-suong.html
98302,98302,Điện thoại Vsmart Live 4 (6GB/64GB) Xanh lục bảo,3990000,4790000,Vsmart,VND,"<p>Bộ nhớ 64GB đáp ứng tốt nhu cầu giải trí, xem phim của bạn</p><p>Màn hình IPS LCD 6.5 inch có độ phân giải hình ảnh chuẩn</p><p>Camera selfie chất lượng cao, đem lại những bức ảnh ""chất""</p><p>Bộ 3 camera sau sẽ mang đến cho người dùng những tuyệt tác </p><p>Dung lượng pin 5000mAH, kéo dài thời gian lướt web tối đa</p><p>Cấu hình đỉnh giúp bạn giải trí thả ga mà máy không bị lag</p><p>Wifi và Bluetooth 5.0 tốc độ cao, dễ dàng chia sẻ, tìm kiếm</p>",https://www.nguyenkim.com/dien-thoai-vsmart-live-4-6gb-64gb-xanh-luc-bao.html
98303,98303,Điện thoại Vsmart Live 4 (6GB/64GB) Đen lam ngọc,3990000,4790000,Vsmart,VND,"<p>Bộ nhớ 64GB đáp ứng tốt nhu cầu giải trí, xem phim của bạn</p><p>Màn hình IPS LCD 6.5 inch có độ phân giải hình ảnh chuẩn</p><p>Camera selfie chất lượng cao, đem lại những bức ảnh ""chất""</p><p>Bộ 3 camera sau sẽ mang đến cho người dùng những tuyệt tác </p><p>Dung lượng pin 5000mAH, kéo dài thời gian lướt web tối đa</p><p>Cấu hình đỉnh giúp bạn giải trí thả ga mà máy không bị lag</p><p>Wifi và Bluetooth 5.0 tốc độ cao, dễ dàng chia sẻ, tìm kiếm</p>",https://www.nguyenkim.com/dien-thoai-vsmart-live-4-6gb-64gb-den-lam-ngoc.html
98308,98308,Điện thoại Vsmart Live 4 (6GB/64GB) Trắng tinh thạch,3990000,4790000,Vsmart,VND,"<p>Màn hình IPS LCD 6.5"" cùng độ phân giải hình ảnh Full HD+</p><p>Bộ nhớ 64GB đáp ứng tốt nhu cầu giải trí, xem phim của bạn</p><p>Camera selfie chất lượng cao, đem lại những bức ảnh ""chất""</p><p>Bộ 3 camera sau sẽ mang đến cho người dùng những tuyệt tác </p><p>Dung lượng pin 5000mAH, kéo dài thời gian lướt web tối đa</p><p>Cấu hình đỉnh giúp bạn giải trí thả ga mà máy không bị lag</p><p>Wifi và Bluetooth 5.0 tốc độ cao, dễ dàng chia sẻ, tìm kiếm</p>",https://www.nguyenkim.com/dien-thoai-vsmart-live-4-6gb-64gb-trang-tinh-thach.html
98312,98312,Điện thoại Realme C12 Xanh hải quân,3190000,3490000,Realme,VND,"<p>Màn hình giọt sương LCD 6.5"", nâng cao khả năng hiển thị</p><p>Dung lượng bộ nhớ 32GB đi cùng khe hỗ trợ thẻ nhớ 256GB</p><p>Bộ 3 camera chụp đêm sắc nét, đem lại hình ảnh tuyệt hảo</p><p>Camera selfie 5MP mang đến cho bạn ảnh sống ảo ""tung chảo""</p><p>Tích hợp Wifi, Bluetooth tốc độ cao dễ dàng chia sẻ hình ảnh</p><p>Pin khủng 6000mAh, cho máy khả năng vận hành vô cùng bền</p><p>Nâng tầm phong cách với smartphone mang sắc xanh tinh tế</p>",https://www.nguyenkim.com/dien-thoai-realme-c12-xanh-hai-quan.html
98527,98527,Điện thoại Oppo A53 (4GB/128GB) Xanh,4190000,4490000,OPPO,VND,"<p>Sử dụng chipset Qualcomm Snapdragon 460 tốc độ cao</p><p>Màn hình LCD 6.5"" tăng khả năng hiển thị thông tin</p><p>Bộ nhớ lớn 128GB hỗ trợ thẻ nhớ ngoài lên đến 256GB</p><p>Bộ ba camera sau giúp bạn chụp hình ảnh rõ nét hơn</p><p>Camera Selfie 16MP đem lại ảnh chân dung lung linh</p><p>Trang bị cảm biến vân tay thông minh sau thân máy </p><p>Kiểu dáng hiện đại cùng sắc xanh thời thượng, tinh tế</p>",https://www.nguyenkim.com/dien-thoai-oppo-a53-4gb-128gb-xanh.html
98966,98966,Điện thoại Vsmart Aris (6GB/64GB) Lục cực quang,5290000,5990000,Vsmart,VND,"<p>Công nghệ hiển thị 16 triệu màu cho hình ảnh sống động</p><p>Chipset Snapdragon 730 8 nhân cho khả năng đa nhiệm cao</p><p>Bộ 4 camera sau bắt trọn mọi khung ảnh chính xác, hoàn hảo</p><p>Được trang bị camera Selfie 20MP cho ảnh ""sống ảo"" lung linh</p><p>Dung lượng bộ nhớ trong 64GB, tải ứng dụng nhanh chóng</p><p>Hỗ trợ sóng 4G và sạc nhanh 18W cho hoạt động mượt mà </p><p>Thiết kế hiện đại đi cùng màu xanh lục tươi mát, thu hút</p>",https://www.nguyenkim.com/dien-thoai-vsmart-aris-6gb-64gb-luc-cuc-quang.html
98976,98976,Điện thoại Vsmart Joy 4 (4GB/64GB) Đen cẩm thạch,2940000,3590000,Vsmart,VND,"<p>Bộ 4 camera sau giúp bắt trọn mọi khung ảnh chính xác</p><p>Trang bị camera selfie 13MP cao cấp cho ảnh chụp xịn xò</p><p>Bộ nhớ trong lớn 64GB cùng hỗ trợ thẻ nhớ tối đa 256GB</p><p>Tích hợp Wifi và Bluetooth 5.0 có tốc độ đường truyền cao</p><p>Dung lượng pin 5000 mAh, thoải mái trải nghiệm cả ngày</p>",https://www.nguyenkim.com/dien-thoai-vsmart-joy-4-4gb-64gb-den-cam-thach.html
98981,98981,Điện thoại Vsmart Joy 4 (4GB/64GB) Trắng ngọc trai,2940000,3590000,Vsmart,VND,"<p>Bộ 4 camera sau giúp bắt trọn mọi khung ảnh chính xác</p><p>Trang bị camera selfie 13MP cao cấp cho ảnh chụp xịn xò</p><p>Bộ nhớ trong lớn 64GB cùng hỗ trợ thẻ nhớ tối đa 256GB</p><p>Tích hợp Wifi và Bluetooth 5.0 có tốc độ đường truyền cao</p><p>Dung lượng pin 5000 mAh, thoải mái trải nghiệm cả ngày</p>",https://www.nguyenkim.com/dien-thoai-vsmart-joy-4-4gb-64gb-trang-ngoc-trai.html
98986,98986,Điện thoại Vsmart Joy 4 (4GB/64GB) Xanh ngọc lam,2940000,3590000,Vsmart,VND,"<p>Bộ 4 camera sau giúp bắt trọn mọi khung ảnh chính xác</p><p>Trang bị camera selfie 13MP cao cấp cho ảnh chụp xịn xò</p><p>Bộ nhớ trong lớn 64GB cùng hỗ trợ thẻ nhớ tối đa 256GB</p><p>Tích hợp Wifi và Bluetooth 5.0 có tốc độ đường truyền cao</p><p>Dung lượng pin 5000 mAh, thoải mái trải nghiệm cả ngày</p>",https://www.nguyenkim.com/dien-thoai-vsmart-joy-4-4gb-64gb-xanh-ngoc-lam.html
98991,98991,Điện thoại Vsmart Joy 4 (3GB/64GB) Đen cẩm thạch,2790000,3290000,Vsmart,VND,"<p>Bộ 4 camera sau giúp bắt trọn mọi khung ảnh chính xác</p><p>Trang bị camera selfie 13MP cao cấp cho ảnh chụp xịn xò</p><p>Bộ nhớ trong lớn 64GB cùng hỗ trợ thẻ nhớ tối đa 256GB</p><p>Tích hợp Wifi và Bluetooth 5.0 có tốc độ đường truyền cao</p><p>Dung lượng pin 5000 mAh, thoải mái trải nghiệm cả ngày</p>",https://www.nguyenkim.com/dien-thoai-vsmart-joy-4-3gb-64gb-den-cam-thach.html
98995,98995,Điện thoại Vsmart Joy 4 (3GB/64GB) Trắng ngọc trai,2790000,3290000,Vsmart,VND,"<p>Bộ 4 camera sau giúp bắt trọn mọi khung ảnh chính xác</p><p>Trang bị camera selfie 13MP cao cấp cho ảnh chụp xịn xò</p><p>Bộ nhớ trong lớn 64GB cùng hỗ trợ thẻ nhớ tối đa 256GB</p><p>Tích hợp Wifi và Bluetooth 5.0 có tốc độ đường truyền cao</p><p>Dung lượng pin 5000 mAh, thoải mái trải nghiệm cả ngày</p>",https://www.nguyenkim.com/dien-thoai-vsmart-joy-4-3gb-64gb-trang-ngoc-trai.html
99000,99000,Điện thoại Vsmart Joy 4 (3GB/64GB) Xanh ngọc lam,2790000,3290000,Vsmart,VND,"<p>Bộ 4 camera sau giúp bắt trọn mọi khung ảnh chính xác</p><p>Trang bị camera selfie 13MP cao cấp cho ảnh chụp xịn xò</p><p>Bộ nhớ trong lớn 64GB cùng hỗ trợ thẻ nhớ tối đa 256GB</p><p>Tích hợp Wifi và Bluetooth 5.0 có tốc độ đường truyền cao</p><p>Dung lượng pin 5000 mAh, thoải mái trải nghiệm cả ngày</p>",https://www.nguyenkim.com/dien-thoai-vsmart-joy-4-3gb-64gb-xanh-ngoc-lam.html
99129,99129,Điện thoại Vivo Y1s (2GB/32GB) Xanh quang cực,2390000,2690000,Vivo,VND,"<p>Sử dụng chipset MediaTek Helio P35 khả năng đa nhiệm cao</p><p>Lưu trữ dữ liệu với bộ nhớ 32GB và hỗ trợ thẻ nhớ đến 256GB</p><p>Camera selfie 5MP đem đến cho bạn những bức hình lung linh</p><p>Camera sau 13MP giúp nắm bắt mọi khung hình, chuyển động</p><p>Màn hình IPS LCD 6.22"", khả năng hiển thị hình ảnh hoàn hảo</p><p>Bluetooth 5.0 và Wifi tốc độ cao, lướt web xem phim thả ga</p><p>Thiết kế hiện đại, thời thượng với gam màu xanh tím mới lạ</p>",https://www.nguyenkim.com/dien-thoai-vivo-y1s-2gb-32gb-xanh-quang-cuc.html
99134,99134,Điện thoại Vsmart Active 3 (6GB/64GB) Tím ngọc,3190000,3990000,Vsmart,VND,"<p>Màn hình tràn viền AMOLED 6.39"" cho hình ảnh tươi sáng</p><p>CPU MediaTek Helio P60 8 nhân hiệu năng hoạt động ổn định</p><p>Bộ 3 camera lên tới 48MP ghi lại mọi khoảnh khắc đẹp nhất</p><p>Camera selfie trượt 16MP với AI Beauty cho bức ảnh sắc nét</p><p>Pin 4020 mAh sạc nhanh, sử dụng smartphone cả ngày dài</p><p>Tích hợp cảm biến vân tay ở mặt lưng giúp mở khóa nhanh</p>",https://www.nguyenkim.com/dien-thoai-vsmart-active-3-6gb-64gb-tim-ngoc.html
99181,99181,Điện thoại Oppo A93 (8GB/128GB) Đen,6190000,6490000,OPPO,VND,"<p>Có khả năng xử lý thông tin nổi trội với chipset Helio P95</p><p>Màn hình AMOLED 6.43"" hiển thị hình ảnh rực rỡ, sống động</p><p>Bộ nhớ trong 128GB và hỗ trợ thẻ nhớ ngoài lên đến 256GB</p><p>Bộ 4 camera đem đến những ảnh chụp chất lượng ấn tượng</p><p>Dung lượng pin 4000 mAh đi cùng công nghệ sạc nhanh 18W</p><p>Wifi, Bluetooth 5.1 tốc độ kết nối ổn định vô cùng tiện lợi</p>",https://www.nguyenkim.com/dien-thoai-oppo-a93-8gb-128gbden.html
99186,99186,Điện thoại Oppo A93 (8GB/128GB) Trắng,6190000,6490000,OPPO,VND,"<p>Có khả năng xử lý thông tin nổi trội với chipset Helio P95</p><p>Màn hình AMOLED 6.43"" hiển thị hình ảnh rực rỡ, sống động</p><p>Bộ nhớ trong 128GB và hỗ trợ thẻ nhớ ngoài lên đến 256GB</p><p>Bộ 4 camera đem đến những ảnh chụp chất lượng ấn tượng</p><p>Dung lượng pin 4000 mAh đi cùng công nghệ sạc nhanh 18W</p><p>Wifi, Bluetooth 5.1 tốc độ kết nối ổn định vô cùng tiện lợi</p>",https://www.nguyenkim.com/dien-thoai-oppo-a93-8gb-128gb-trang.html
99191,99191,Điện thoại Vivo V20 (8GB/128GB) Xanh hồng,7490000,8490000,Vivo,VND,"<p>Bộ nhớ trong dung lượng 128GB cho bạn giải trí thả ga</p><p>Khả năng đa nhiệm cao với Qualcomm Snapdragon 720G</p><p>Camera Selfie 44MP đem lại cho bạn ảnh chân dung lung linh</p><p>Bộ 3 camera khả năng quay video sắc nét, ảnh chụp sắc nét</p><p>Màn hình AMOLED 6.44"" cho hình ảnh sống động, rực rỡ</p><p>Trang bị công nghệ sạc nhanh 33W giúp hoạt động bền bỉ</p>",https://www.nguyenkim.com/dien-thoai-vivo-v20-8gb-128gb-xanh-hong.html
99196,99196,Điện thoại Vivo V20 (8GB/128GB) Đen,7490000,8490000,Vivo,VND,"<p>Bộ nhớ trong dung lượng 128GB cho bạn giải trí thả ga</p><p>Khả năng đa nhiệm cao với Qualcomm Snapdragon 720G</p><p>Camera Selfie 44MP đem lại cho bạn ảnh chân dung lung linh</p><p>Bộ 3 camera khả năng quay video sắc nét, ảnh chụp sắc nét</p><p>Màn hình AMOLED 6.44"" cho hình ảnh sống động, rực rỡ</p><p>Trang bị công nghệ sạc nhanh 33W giúp hoạt động bền bỉ</p>",https://www.nguyenkim.com/dien-thoai-vivo-v20-8gb-128gb-den.html
99394,99394,Điện thoại iPhone SE 128GB Đỏ (2020),10990000,14990000,Apple,VND,"<p>Màn hình Retina HD 4.7 inch hiển thị hình ảnh rõ nét</p><p>Chip A13 Bionic mang lại cấu hình mạnh mẽ vượt trội</p><p>Camera sau 12MP cho chất lượng ảnh sắc nét vừa đủ</p><p>Điện thoại có khả năng kháng nước, kháng bụi chuẩn IP67</p><p><a href=""https://www.nguyenkim.com/nut-home-bien-mat-vay-cam-bien-van-tay-cua-iphone-tiep-theo-o-dau.html"" target=""_blank"" rel=""noopener noreferrer"">Cảm biến vân tay Touch ID</a> giúp mở khóa nhanh chóng</p><p>Pin bền bỉ, xem video liên tục 13 giờ, hỗ trợ sạc nhanh</p>",https://www.nguyenkim.com/dien-thoai-iphone-se-128gb-do-2020.html
99469,99469,Điện thoại Nokia 2.4 Xám,2390000,2690000,Nokia,VND,<p>Màn hình tràn viền 6.5'' HD+ cho trải nghiệm xem tối ưu</p><p>Camera sau kép 13MP+2MP chụp ảnh rõ nét và chi tiết</p><p>Chip MediaTek Helio P22 tác vụ cơ bản mượt mà ổn định</p><p>Dung lượng pin 4500mAh có thể sử dụng lên đến 2 ngày</p><p>Cảm biến vân tay mở khóa nhanh chóng chỉ với 1 chạm</p><p>Bluetooth 5.0 kết nối và truyền tải dữ liệu nhanh chóng</p>,https://www.nguyenkim.com/dien-thoai-nokia-2.4-xam.html
99481,99481,Điện thoại Nokia 2.4 Tím,2390000,2690000,Nokia,VND,"<p>Màn hình tràn viền 6.5'' HD+ cho trải nghiệm xem tối ưu</p><p>Camera sau kép 13MP+2MP chụp ảnh rõ nét, chân thực</p><p>Chip MediaTek Helio P22 tác vụ cơ bản mượt mà ổn định</p><p>Dung lượng pin 4500mAh có thể sử dụng lên đến 2 ngày</p><p>Cảm biến vân tay mở khóa nhanh chóng chỉ với 1 chạm</p><p>Bluetooth 5.0 kết nối và truyền tải dữ liệu nhanh chóng</p>",https://www.nguyenkim.com/dien-thoai-nokia-2.4-tim.html
99648,99648,Điện thoại Xiaomi Redmi 9 3GB/32GB Xám,2950000,3590000,Xiaomi,VND,"<p>Màn hình 6.53 inch Full HD+ hiển thị hình ảnh chân thực, sắc nét</p><p>Chip Helio G80 8 nhân cho hiệu năng ổn định, tác vụ mượt mà</p><p>Bộ 4 camera 13MP+ 8MP+ 5MP+ 2MP chụp ảnh rõ nét, chân thực</p><p>Mở khóa vân tay và nhận diện khuôn mặt giúp mở khóa nhanh</p><p>Pin dung lượng khủng 5020mAh thoải mái sử dụng cả ngày dài</p>",https://www.nguyenkim.com/dien-thoai-xiaomi-redmi-9-3gb-32gb-xam.html
100168,100168,Điện thoại Vivo V20 SE 8GB/128GB Xanh,6590000,7190000,Vivo,VND,"<p>Màn hình tràn Halo AMOLED 6.44 inch hiển thị chân thực, tự nhiên</p><p>Vân tay dưới màn hình điện thoại mở khóa nhanh chóng, an toàn</p><p>Camera selfie sắc nét 32MP lưu giữ chi tiết mọi khoảnh khắc</p><p>Bộ vi xử lý Qualcomm Snapdragon 665 trải nghiệm mượt mà</p><p>RAM 8GB, ROM 128GB giúp vận hành nhiều ứng dụng cùng lúc</p>",https://www.nguyenkim.com/dien-thoai-vivo-v20-se-8gb-128gb-xanh.html
100173,100173,Điện thoại Vivo V20 SE 8GB/128GB Đen,6590000,7190000,Vivo,VND,"<p>Màn hình tràn Halo AMOLED 6.44 inch hiển thị chân thực, tự nhiên</p><p>Vân tay dưới màn hình điện thoại mở khóa nhanh chóng, an toàn</p><p>Camera selfie sắc nét 32MP lưu giữ chi tiết mọi khoảnh khắc</p><p>Bộ vi xử lý Qualcomm Snapdragon 665 trải nghiệm mượt mà</p><p>RAM 8GB, ROM 128GB giúp vận hành nhiều ứng dụng cùng lúc</p>",https://www.nguyenkim.com/dien-thoai-vivo-v20-se-8gb-128gb-den.html
100229,100229,Điện thoại Vsmart Aris 8GB/128GB Lục Cực Quang,6390000,6690000,,VND,"<p>Nhận diện khuôn mặt, bảo mật vân tay giúp mở khóa chính xác</p><p>Chipset Snapdragon 730 8 nhân cho khả năng đa nhiệm cao</p><p>Độ phân giải Full HD+ trải nghiệm hình ảnh sắc nét, chi tiết</p><p>Dung lượng bộ nhớ trong 128GB, tải ứng dụng nhanh chóng</p><p>Tích hợp công nghệ sạc nhanh 18W qua cổng <a href=""https://www.nguyenkim.com/cung-ban-tim-hieu-ve-cong-sac-lightning-va-cach-phan-biet-voi-usb-type-c.html"">USB Type-C</a></p><p>Làm đẹp thông minh với camera AI tỏa sáng mọi khung hình</p>",https://www.nguyenkim.com/dien-thoai-vsmart-aris-8gb-128gb-luc-cuc-quang.html
100233,100233,Điện thoại Vsmart Aris 8GB/128GB Xám Nhật Thực,6390000,6690000,,VND,"<p>Nhận diện khuôn mặt, bảo mật vân tay giúp mở khóa chính xác</p><p>Chipset Snapdragon 730 8 nhân cho khả năng đa nhiệm cao</p><p>Độ phân giải Full HD+ trải nghiệm hình ảnh sắc nét, chi tiết</p><p>Dung lượng bộ nhớ trong 128GB, tải ứng dụng nhanh chóng</p><p>Tích hợp công nghệ sạc nhanh 18W qua cổng <a href=""https://www.nguyenkim.com/cung-ban-tim-hieu-ve-cong-sac-lightning-va-cach-phan-biet-voi-usb-type-c.html"">USB Type-C</a></p><p>Làm đẹp thông minh với camera AI tỏa sáng mọi khung hình</p>",https://www.nguyenkim.com/dien-thoai-vsmart-aris-8gb-128gb-xam-nhat-thuc.html
100307,100307,Điện thoại Vsmart Active 3 (6GB/64GB) Xanh Sapphire,3190000,3990000,Vsmart,VND,"<p>Màn hình tràn viền AMOLED 6.39"" cho hình ảnh tươi sáng</p><p>CPU MediaTek Helio P60 8 nhân hiệu năng hoạt động ổn định</p><p>Bộ 3 camera lên tới 48MP ghi lại mọi khoảnh khắc đẹp nhất</p><p>Camera selfie trượt 16MP với AI Beauty cho bức ảnh sắc nét</p><p>Tích hợp cảm biến vân tay mặt lưng bảo mật cao, mở khóa nhanh</p>",https://www.nguyenkim.com/dien-thoai-vsmart-active-3-6gb-64gb-xanh-sapphire.html
100373,100373,Điện thoại Nokia 6300 4G Đen Xám,1240000,1290000,Nokia,VND,"<p>Lớp vỏ máy polycarbonate bền chắc cùng thời lượng pin dài ngày</p><p>Dễ dàng chia sẻ kết nối Internet với tính năng điểm phát sóng Wifi</p><p>Dịch vụ thoại chất lượng cao VoLTE mang đến cuộc gọi chất lượng</p><p>Hỗ trợ 4G, cài sẵn các ứng dụng: Facebook, Whatsapp, Youtube,...</p><p>Cài lịch hẹn hay kế hoạch làm việc dễ dàng hơn với Google Assistant</p>",https://www.nguyenkim.com/dien-thoai-nokia-6300-4g-den-xam.html
100388,100388,Điện thoại Nokia 6300 4G Trắng,1240000,1290000,Nokia,VND,"<p>Lớp vỏ máy polycarbonate bền chắc cùng thời lượng pin dài ngày</p><p>Dễ dàng chia sẻ kết nối Internet với tính năng điểm phát sóng Wifi</p><p>Dịch vụ thoại chất lượng cao VoLTE mang đến cuộc gọi chất lượng</p><p>Hỗ trợ 4G, cài sẵn các ứng dụng: Facebook, Whatsapp, Youtube,...</p><p>Cài lịch hẹn hay kế hoạch làm việc dễ dàng hơn với Google Assistant</p>",https://www.nguyenkim.com/dien-thoai-nokia-6300-4g-trang.html
100393,100393,Điện thoại Xiaomi Redmi Note 9s 4GB/64GB Trắng,4890000,5490000,Xiaomi,VND,"<p>CPU Snapdragon 720G 8 nhân cho tốc độ xử lý nhanh chóng</p><p>Màn hình tràn viền 6.67 inch rộng rãi, Full HD hình ảnh rõ nét</p><p>4 camera sau: 48MP, 8MP, 5MP, 2MP chụp ảnh sắc nét, sống động</p><p>Camera trước có độ phân giải 16MP chụp ảnh selfie đẹp tự nhiên</p><p>Tích hợp cảm biến vân tay mở khóa nhanh, đảm bảo an toàn</p><p>Dung lượng pin 5020mAh cho thời lượng sử dụng ấn tượng</p><p>Thiết kế nguyên khối với khung kim loại cứng cáp, hiện đại</p>",https://www.nguyenkim.com/dien-thoai-xiaomi-redmi-note-9s-4gb-64gb-trang.html
100398,100398,Điện thoại Xiaomi Redmi Note 9s 4GB/64GB Xám,4890000,5490000,Xiaomi,VND,"<p>CPU Snapdragon 720G 8 nhân cho tốc độ xử lý nhanh chóng</p><p>Màn hình tràn viền 6.67 inch rộng rãi, Full HD hình ảnh rõ nét</p><p>Tích hợp cảm biến vân tay mở khóa nhanh, đảm bảo an toàn</p><p>Dung lượng pin 5020mAh cho thời lượng sử dụng ấn tượng</p><p>Thiết kế nguyên khối với khung kim loại cứng cáp, hiện đại</p>",https://www.nguyenkim.com/dien-thoai-xiaomi-redmi-note-9s-4gb-64gb-xam.html
100403,100403,Điện thoại Xiaomi Redmi Note 9s 4GB/64GB Xanh,4890000,5490000,Xiaomi,VND,"<p>CPU Snapdragon 720G 8 nhân cho tốc độ xử lý nhanh chóng</p><p>Màn hình tràn viền 6.67 inch rộng rãi, Full HD hình ảnh rõ nét</p><p>Tích hợp cảm biến vân tay mở khóa nhanh, đảm bảo an toàn</p><p>Dung lượng pin 5020mAh cho thời lượng sử dụng ấn tượng</p><p>Thiết kế nguyên khối với khung kim loại cứng cáp, hiện đại</p>",https://www.nguyenkim.com/dien-thoai-xiaomi-redmi-note-9s-4gb-64gb-xanh.html
100485,100485,Điện thoại OPPO A92 Tím,5990000,6490000,OPPO,VND,"<p>Pin 5000mAh, hỗ trợ sạc siêu nhanh 18W trải nghiệm liên tục</p><p>Màn hình tràn viền thiết kế chấm O hiển thị sắc nét, mượt mà</p><p>4 camera AI đến 48 MP quay video 4K, chụp đêm sắc nét</p><p>Mở khóa vân tay tích hợp cạnh bên thao tác nhanh, tiện lợi</p><p>Trang bị loa stereo kép cho âm thanh sống động như thật</p>",https://www.nguyenkim.com/dien-thoai-oppo-a92-tim.html
100580,100580,Điện thoại Nokia 5310 Đen Đỏ 2020,949000,999000,Nokia,VND,<p>Màn hình điện thoại kích thước 2.4 inch QVGA (320x240) sắc nét</p><p>Hoạt động trên nền tảng S30+ với chipset MT6260A ổn định</p><p>Sở hữu cặp loa kép lớn mặt trước máy cho âm thanh to rõ</p><p>Hỗ trợ thẻ gắn ngoài với dung lượng đến 32GB thỏa thích lưu trữ</p><p>Dung lượng pin ấn tượng 1200mAh lên tới 27 ngày ở chế độ chờ</p>,https://www.nguyenkim.com/dien-thoai-nokia-5310-den-do-2020.html
100635,100635,Điện thoại Nokia 8000 4G Đen,1740000,1790000,Nokia,VND,"<p>Chip Qualcomm® Snapdragon™ 21 tối ưu công việc hàng ngày</p><p>Màn hình điện thoại 2.8” và bàn phím vát cong 3D cứng cáp</p><p>Chất liệu cao cấp lớp vỏ polycarbonate bền bỉ, màu sắc lịch lãm</p><p>Kết nối nhanh qua WhatsApp &amp; Facebook, Youtube, Google Maps</p><p>Lượng pin dài, làm việc và giải trí hiệu quả</p>",https://www.nguyenkim.com/dien-thoai-nokia-8000-4g-den.html
101220,101220,Điện thoại iPhone 12 Mini 64GB Đen,18190000,21990000,Apple,VND,"<p>Mặt lưng được làm bằng kính tạo nên sự thanh lịch và đẳng cấp</p><p>Màn hình 5.4 inch, nhỏ gọn dễ dàng thao tác bằng một tay</p><p>Tấm nền Super Retina XDR mang đến hình ảnh sắc nét</p><p>Cụm camera kép cho phép chụp ảnh góc rộng và siêu rộng</p><p>Chip Apple A14 Bionic cho hiệu năng mạnh hơn đến 50%</p><p>Khả năng chống nước đạt chuẩn IP68 đứng đầu thị trường</p><p>Chất liệu kính Ceramic Shield giúp bền hơn gấp 4 lần</p><p>Bộ nhớ trong 64GB đủ đáp ứng nhu cầu lưu trữ dữ liệu</p>",https://www.nguyenkim.com/dien-thoai-iphone-12-mini-64gb-den.html
101225,101225,Điện thoại iPhone 12 Mini 64GB Trắng,18190000,21990000,Apple,VND,"<p>Mặt lưng được làm bằng kính tạo nên sự thanh lịch và đẳng cấp</p><p>Màn hình 5.4 inch, nhỏ gọn dễ dàng thao tác bằng một tay</p><p>Tấm nền Super Retina XDR mang đến hình ảnh sắc nét</p><p>Cụm camera kép cho phép chụp ảnh góc rộng và siêu rộng</p><p>Chip Apple A14 Bionic cho hiệu năng mạnh hơn đến 50%</p><p>Khả năng chống nước đạt chuẩn IP68 đứng đầu thị trường</p><p>Chất liệu kính Ceramic Shield giúp bền hơn gấp 4 lần</p><p>Bộ nhớ trong 64GB đủ đáp ứng nhu cầu lưu trữ dữ liệu</p>",https://www.nguyenkim.com/dien-thoai-iphone-12-mini-64gb-trang.html
101229,101229,Điện thoại iPhone 12 Mini 64GB Đỏ,18190000,21990000,Apple,VND,"<p>Mặt lưng được làm bằng kính tạo nên sự thanh lịch và đẳng cấp</p><p>Màn hình 5.4 inch, nhỏ gọn dễ dàng thao tác bằng một tay</p><p>Tấm nền Super Retina XDR mang đến hình ảnh sắc nét</p><p>Cụm camera kép cho phép chụp ảnh góc rộng và siêu rộng</p><p>Chip Apple A14 Bionic cho hiệu năng mạnh hơn đến 50%</p><p>Khả năng chống nước đạt chuẩn IP68 đứng đầu thị trường</p><p>Chất liệu kính Ceramic Shield giúp bền hơn gấp 4 lần</p><p>Bộ nhớ trong 64GB đủ đáp ứng nhu cầu lưu trữ dữ liệu</p>",https://www.nguyenkim.com/dien-thoai-iphone-12-mini-64gb-do.html
101236,101236,Điện thoại iPhone 12 Mini 64GB Xanh lá,18190000,21990000,Apple,VND,"<p>Mặt lưng được làm bằng kính tạo nên sự thanh lịch và đẳng cấp</p><p>Màn hình 5.4 inch, nhỏ gọn dễ dàng thao tác bằng một tay</p><p>Tấm nền Super Retina XDR mang đến hình ảnh sắc nét</p><p>Cụm camera kép cho phép chụp ảnh góc rộng và siêu rộng</p><p>Chip Apple A14 Bionic cho hiệu năng mạnh hơn đến 50%</p><p>Khả năng chống nước đạt chuẩn IP68 đứng đầu thị trường</p><p>Chất liệu kính Ceramic Shield giúp bền hơn gấp 4 lần</p><p>Bộ nhớ trong 64GB đủ đáp ứng nhu cầu lưu trữ dữ liệu</p>",https://www.nguyenkim.com/dien-thoai-iphone-12-mini-64gb-xanh-la.html
101239,101239,Điện thoại iPhone 12 Mini 128GB Đen,19390000,23990000,Apple,VND,"<p>Mặt lưng được làm bằng kính tạo nên sự thanh lịch và đẳng cấp</p><p>Màn hình 5.4 inch, nhỏ gọn dễ dàng thao tác bằng một tay</p><p>Tấm nền Super Retina XDR mang đến hình ảnh sắc nét</p><p>Cụm camera kép cho phép chụp ảnh góc rộng và siêu rộng</p><p>Chip Apple A14 Bionic cho hiệu năng mạnh hơn đến 50%</p><p>Khả năng chống nước đạt chuẩn IP68 đứng đầu thị trường</p><p>Chất liệu kính Ceramic Shield giúp bền hơn gấp 4 lần</p><p>Bộ nhớ trong 128GB cho không gian lưu trữ bất tận</p>",https://www.nguyenkim.com/dien-thoai-iphone-12-mini-128gb-den.html
101241,101241,Điện thoại iPhone 12 Mini 128GB Trắng,19390000,23990000,Apple,VND,"<p>Mặt lưng được làm bằng kính tạo nên sự thanh lịch và đẳng cấp</p><p>Màn hình 5.4 inch, nhỏ gọn dễ dàng thao tác bằng một tay</p><p>Tấm nền Super Retina XDR mang đến hình ảnh sắc nét</p><p>Cụm camera kép cho phép chụp ảnh góc rộng và siêu rộng</p><p>Chip Apple A14 Bionic cho hiệu năng mạnh hơn đến 50%</p><p>Khả năng chống nước đạt chuẩn IP68 đứng đầu thị trường</p><p>Chất liệu kính Ceramic Shield giúp bền hơn gấp 4 lần</p><p>Bộ nhớ trong 128GB cho không gian lưu trữ bất tận</p>",https://www.nguyenkim.com/dien-thoai-iphone-12-mini-128gb-trang.html
101245,101245,Điện thoại iPhone 12 Mini 128GB Đỏ,19390000,23990000,Apple,VND,"<p>Mặt lưng được làm bằng kính tạo nên sự thanh lịch và đẳng cấp</p><p>Màn hình 5.4 inch, nhỏ gọn dễ dàng thao tác bằng một tay</p><p>Tấm nền Super Retina XDR mang đến hình ảnh sắc nét</p><p>Cụm camera kép cho phép chụp ảnh góc rộng và siêu rộng</p><p>Chip Apple A14 Bionic cho hiệu năng mạnh hơn đến 50%</p><p>Khả năng chống nước đạt chuẩn IP68 đứng đầu thị trường</p><p>Chất liệu kính Ceramic Shield giúp bền hơn gấp 4 lần</p><p>Bộ nhớ trong 128GB cho không gian lưu trữ bất tận</p>",https://www.nguyenkim.com/dien-thoai-iphone-12-mini-128gb-do.html
101249,101249,Điện thoại iPhone 12 Mini 128GB Xanh dương,19390000,23990000,Apple,VND,"<p>Mặt lưng được làm bằng kính tạo nên sự thanh lịch và đẳng cấp</p><p>Màn hình 5.4 inch, nhỏ gọn dễ dàng thao tác bằng một tay</p><p>Tấm nền Super Retina XDR mang đến hình ảnh sắc nét</p><p>Cụm camera kép cho phép chụp ảnh góc rộng và siêu rộng</p><p>Chip Apple A14 Bionic cho hiệu năng mạnh hơn đến 50%</p><p>Khả năng chống nước đạt chuẩn IP68 đứng đầu thị trường</p><p>Chất liệu kính Ceramic Shield giúp bền hơn gấp 4 lần</p><p>Bộ nhớ trong 128GB cho không gian lưu trữ bất tận</p>",https://www.nguyenkim.com/dien-thoai-iphone-12-mini-128gb-xanh-duong.html
101250,101250,Điện thoại iPhone 12 Mini 128GB Xanh lá,19390000,23990000,Apple,VND,"<p>Mặt lưng được làm bằng kính tạo nên sự thanh lịch và đẳng cấp</p><p>Màn hình 5.4 inch, nhỏ gọn dễ dàng thao tác bằng một tay</p><p>Tấm nền Super Retina XDR mang đến hình ảnh sắc nét</p><p>Cụm camera kép cho phép chụp ảnh góc rộng và siêu rộng</p><p>Chip Apple A14 Bionic cho hiệu năng mạnh hơn đến 50%</p><p>Khả năng chống nước đạt chuẩn IP68 đứng đầu thị trường</p><p>Chất liệu kính Ceramic Shield giúp bền hơn gấp 4 lần</p><p>Bộ nhớ trong 128GB cho không gian lưu trữ bất tận</p>",https://www.nguyenkim.com/dien-thoai-iphone-12-mini-128gb-xanh-la.html
101279,101279,Điện thoại iPhone 12 64GB Đỏ,22190000,24990000,Apple,VND,<p>Mặt lưng được làm bằng kính tạo nên sự thanh lịch và đẳng cấp</p><p>Màn hình 6.1 inch cho không gian trải nghiệm hoàn hảo</p><p>Tấm nền Super Retina XDR mang đến hình ảnh sắc nét</p><p>Cụm camera kép cho phép chụp ảnh góc rộng và siêu rộng</p><p>Chip Apple A14 Bionic cho hiệu năng mạnh hơn đến 50%</p><p>Khả năng chống nước đạt chuẩn IP68 đứng đầu thị trường</p><p>Chất liệu kính Ceramic Shield giúp bền hơn gấp 4 lần</p><p>Bộ nhớ trong 64GB đủ đáp ứng nhu cầu lưu trữ dữ liệu</p>,https://www.nguyenkim.com/dien-thoai-iphone-12-64gb-do.html
101289,101289,Điện thoại iPhone 12 64GB Xanh lá,22190000,24990000,Apple,VND,<p>Mặt lưng được làm bằng kính tạo nên sự thanh lịch và đẳng cấp</p><p>Màn hình 6.1 inch cho không gian trải nghiệm hoàn hảo</p><p>Tấm nền Super Retina XDR mang đến hình ảnh sắc nét</p><p>Cụm camera kép cho phép chụp ảnh góc rộng và siêu rộng</p><p>Chip Apple A14 Bionic cho hiệu năng mạnh hơn đến 50%</p><p>Khả năng chống nước đạt chuẩn IP68 đứng đầu thị trường</p><p>Chất liệu kính Ceramic Shield giúp bền hơn gấp 4 lần</p><p>Bộ nhớ trong 64GB đủ đáp ứng nhu cầu lưu trữ dữ liệu</p>,https://www.nguyenkim.com/dien-thoai-iphone-12-64gb-xanh-la.html
101294,101294,Điện thoại iPhone 12 128GB Trắng,23690000,26990000,Apple,VND,<p>Mặt lưng được làm bằng kính tạo nên sự thanh lịch và đẳng cấp</p><p>Màn hình 6.1 inch cho không gian trải nghiệm hoàn hảo</p><p>Tấm nền Super Retina XDR mang đến hình ảnh sắc nét</p><p>Cụm camera kép cho phép chụp ảnh góc rộng và siêu rộng</p><p>Chip Apple A14 Bionic cho hiệu năng mạnh hơn đến 50%</p><p>Khả năng chống nước đạt chuẩn IP68 đứng đầu thị trường</p><p>Chất liệu kính Ceramic Shield giúp bền hơn gấp 4 lần</p><p>Bộ nhớ trong 128GB cho không gian lưu trữ bất tận</p>,https://www.nguyenkim.com/dien-thoai-iphone-12-128gb-trang.html
101300,101300,Điện thoại iPhone 12 128GB Xanh dương,23690000,26990000,Apple,VND,<p>Mặt lưng được làm bằng kính tạo nên sự thanh lịch và đẳng cấp</p><p>Màn hình 6.1 inch cho không gian trải nghiệm hoàn hảo</p><p>Tấm nền Super Retina XDR mang đến hình ảnh sắc nét</p><p>Cụm camera kép cho phép chụp ảnh góc rộng và siêu rộng</p><p>Chip Apple A14 Bionic cho hiệu năng mạnh hơn đến 50%</p><p>Khả năng chống nước đạt chuẩn IP68 đứng đầu thị trường</p><p>Chất liệu kính Ceramic Shield giúp bền hơn gấp 4 lần</p><p>Bộ nhớ trong 128GB cho không gian lưu trữ bất tận</p>,https://www.nguyenkim.com/dien-thoai-iphone-12-128gb-xanh-duong.html
101330,101330,Điện thoại iPhone 12 Pro 128GB Vàng,28490000,30990000,Apple,VND,"<p>Màn hình Super Retina XDR 6.1 inch hiển thị sắc nét, chân thật</p><p>Chất liệu kính Ceramic Shield bền chắc, chịu va đập tốt</p><p>Chip khủng Apple A14 Bionic mang lại hiệu năng mạnh mẽ</p><p>Công nghệ LiDAR trải nghiệm chụp ảnh ấn tượng vào ban đêm</p><p>Camera trước quay video HDR Dolby Vision 4K sống động</p><p>Khả năng chống nước đạt chuẩn IP68 thách thức mọi thời tiết</p>",https://www.nguyenkim.com/dien-thoai-iphone-12-pro-128gb-vang.html
101335,101335,Điện thoại iPhone 12 Pro 128GB Xanh,28490000,30990000,Apple,VND,"<p>Màn hình Super Retina XDR 6.1 inch hiển thị sắc nét, chân thật</p><p>Chất liệu kính Ceramic Shield bền chắc, chịu va đập tốt</p><p>Chip khủng Apple A14 Bionic mang lại hiệu năng mạnh mẽ</p><p>Công nghệ LiDAR trải nghiệm chụp ảnh ấn tượng vào ban đêm</p><p>Camera trước quay video HDR Dolby Vision 4K sống động</p><p>Khả năng chống nước đạt chuẩn IP68 thách thức mọi thời tiết</p>",https://www.nguyenkim.com/dien-thoai-iphone-12-pro-128gb-xanh.html
101341,101341,Điện thoại iPhone 12 Pro 256GB Xám,30790000,34990000,Apple,VND,"<p>Màn hình Super Retina XDR 6.1 inch hiển thị sắc nét, chân thật</p><p>Chất liệu kính Ceramic Shield bền chắc, chịu va đập tốt</p><p>Chip khủng Apple A14 Bionic mang lại hiệu năng mạnh mẽ</p><p>Công nghệ LiDAR trải nghiệm chụp ảnh ấn tượng vào ban đêm</p><p>Camera trước quay video HDR Dolby Vision 4K sống động</p><p>Khả năng chống nước đạt chuẩn IP68 thách thức mọi thời tiết</p>",https://www.nguyenkim.com/dien-thoai-iphone-12-pro-256gb-xam.html
101354,101354,Điện thoại iPhone 12 Pro 256GB Xanh,30790000,34990000,Apple,VND,"<p>Màn hình Super Retina XDR 6.1 inch hiển thị sắc nét, chân thật</p><p>Chất liệu kính Ceramic Shield bền chắc, chịu va đập tốt</p><p>Chip khủng Apple A14 Bionic mang lại hiệu năng mạnh mẽ</p><p>Công nghệ LiDAR trải nghiệm chụp ảnh ấn tượng vào ban đêm</p><p>Camera trước quay video HDR Dolby Vision 4K sống động</p><p>Khả năng chống nước đạt chuẩn IP68 thách thức mọi thời tiết</p>",https://www.nguyenkim.com/dien-thoai-iphone-12-pro-256gb-xanh.html
101376,101376,Điện thoại iPhone 12 Pro Max 128GB Bạc,31490000,33990000,Apple,VND,"<p>Màn hình Super Retina XDR 6.7 inch hiển thị sắc nét, chân thật</p><p>Chất liệu kính Ceramic Shield bền chắc, chịu va đập tốt</p><p>Chip khủng Apple A14 Bionic mang lại hiệu năng mạnh mẽ</p><p>Công nghệ LiDAR trải nghiệm chụp ảnh ấn tượng vào ban đêm</p><p>Camera trước quay video HDR Dolby Vision 4K sống động</p><p>Khả năng chống nước đạt chuẩn IP68 thách thức mọi thời tiết</p>",https://www.nguyenkim.com/dien-thoai-iphone-12-pro-max-128gb-bac.html
101379,101379,Điện thoại iPhone 12 Pro Max 128GB Vàng,31490000,33990000,Apple,VND,"<p>Màn hình Super Retina XDR 6.7 inch hiển thị sắc nét, chân thật</p><p>Chất liệu kính Ceramic Shield bền chắc, chịu va đập tốt</p><p>Chip khủng Apple A14 Bionic mang lại hiệu năng mạnh mẽ</p><p>Công nghệ LiDAR trải nghiệm chụp ảnh ấn tượng vào ban đêm</p><p>Camera trước quay video HDR Dolby Vision 4K sống động</p><p>Khả năng chống nước đạt chuẩn IP68 thách thức mọi thời tiết</p>",https://www.nguyenkim.com/dien-thoai-iphone-12-pro-max-128gb-vang.html
101380,101380,Điện thoại iPhone 12 Pro Max 128GB Xanh,31490000,33990000,Apple,VND,"<p>Màn hình Super Retina XDR 6.7 inch hiển thị sắc nét, chân thật</p><p>Chất liệu kính Ceramic Shield bền chắc, chịu va đập tốt</p><p>Chip khủng Apple A14 Bionic mang lại hiệu năng mạnh mẽ</p><p>Công nghệ LiDAR trải nghiệm chụp ảnh ấn tượng vào ban đêm</p><p>Camera trước quay video HDR Dolby Vision 4K sống động</p><p>Khả năng chống nước đạt chuẩn IP68 thách thức mọi thời tiết</p>",https://www.nguyenkim.com/dien-thoai-iphone-12-pro-max-128gb-xanh.html
101385,101385,Điện thoại iPhone 12 Pro Max 256GB Xám,33990000,37990000,Apple,VND,"<p>Màn hình Super Retina XDR 6.7 inch hiển thị sắc nét, chân thật</p><p>Chất liệu kính Ceramic Shield bền chắc, chịu va đập tốt</p><p>Chip khủng Apple A14 Bionic mang lại hiệu năng mạnh mẽ</p><p>Công nghệ LiDAR trải nghiệm chụp ảnh ấn tượng vào ban đêm</p><p>Camera trước quay video HDR Dolby Vision 4K sống động</p><p>Khả năng chống nước đạt chuẩn IP68 thách thức mọi thời tiết</p>",https://www.nguyenkim.com/dien-thoai-iphone-12-pro-max-256gb-xam.html
101390,101390,Điện thoại iPhone 12 Pro Max 256GB Bạc,33990000,37990000,Apple,VND,"<p>Màn hình Super Retina XDR 6.7 inch hiển thị sắc nét, chân thật</p><p>Chất liệu kính Ceramic Shield bền chắc, chịu va đập tốt</p><p>Chip khủng Apple A14 Bionic mang lại hiệu năng mạnh mẽ</p><p>Công nghệ LiDAR trải nghiệm chụp ảnh ấn tượng vào ban đêm</p><p>Camera trước quay video HDR Dolby Vision 4K sống động</p><p>Khả năng chống nước đạt chuẩn IP68 thách thức mọi thời tiết</p>",https://www.nguyenkim.com/dien-thoai-iphone-12-pro-max-256gb-bac.html
101395,101395,Điện thoại iPhone 12 Pro Max 256GB Vàng,33990000,37990000,Apple,VND,"<p>Màn hình Super Retina XDR 6.7 inch hiển thị sắc nét, chân thật</p><p>Chất liệu kính Ceramic Shield bền chắc, chịu va đập tốt</p><p>Chip khủng Apple A14 Bionic mang lại hiệu năng mạnh mẽ</p><p>Công nghệ LiDAR trải nghiệm chụp ảnh ấn tượng vào ban đêm</p><p>Camera trước quay video HDR Dolby Vision 4K sống động</p><p>Khả năng chống nước đạt chuẩn IP68 thách thức mọi thời tiết</p>",https://www.nguyenkim.com/dien-thoai-iphone-12-pro-max-256gb-vang.html
101425,101425,Điện thoại OPPO A12 3GB/32GB Bạc,2690000,2990000,OPPO,VND,"<p>Màn hình giọt nước rộng 6.2"" giảm ánh sáng xanh, bảo vệ mắt</p><p>Bộ vi xử lý MediaTek P35 8 nhân trải nghiệm tác vụ mượt mà</p><p>Bộ nhớ trong đến 32GB đủ lưu trữ những hình ảnh, video</p><p>Camera sau kép kết hợp AI cho bức ảnh sắc nét, chuyên nghiệp</p><p>Dung lượng pin 4230 mAh có thể chơi game, lướt web cả ngày</p><p>Âm thanh Dirac đem đến chất lượng âm thanh sống động</p><p>Bảo mật an toàn, mở khóa nhanh bằng vân tay và khuôn mặt</p>",https://www.nguyenkim.com/dien-thoai-oppo-a12-3gb-32gb-bac.html
101430,101430,Điện thoại OPPO A12 3GB/32GB Xanh Đam Mê,2690000,2990000,OPPO,VND,"<p>Màn hình giọt nước rộng 6.2"" giảm ánh sáng xanh, bảo vệ mắt</p><p>Bộ vi xử lý MediaTek P35 8 nhân trải nghiệm tác vụ mượt mà</p><p>Bộ nhớ trong đến 32GB đủ lưu trữ những hình ảnh, video</p><p>Camera sau kép kết hợp AI cho bức ảnh sắc nét, chuyên nghiệp</p><p>Dung lượng pin 4230 mAh có thể chơi game, lướt web cả ngày</p><p>Âm thanh Dirac đem đến chất lượng âm thanh sống động</p><p>Bảo mật an toàn, mở khóa nhanh bằng vân tay và khuôn mặt</p>",https://www.nguyenkim.com/dien-thoai-oppo-a12-3gb-32gb-xanh-dam-me.html
101434,101434,Điện thoại OPPO Reno4 Tím,7490000,8490000,OPPO,VND,<p>Điện thoại Oppo Reno4 được thiết kế với kiểu dáng hiện đại </p><p>Thiết kế camera selfie màu AI tự động điều chỉnh ánh sáng</p><p>Sở hữu bộ 4 camera sau cho chất lượng hình ảnh chuẩn</p><p>Bộ nhớ 128GB hỗ trợ thẻ nhớ lên đến 256GB vô cùng tiện lợi</p><p>Trang bị sạc nhanh VOOC 4.0 30W cùng dung lượng pin lớn</p><p>Kết nối Bluetooh 5.1 có tốc độ cao và Wifi đường truyền ổn định</p>,https://www.nguyenkim.com/dien-thoai-oppo-reno4-tim.html
101611,101611,Điện thoại iPhone SE 128 GB Trắng,10990000,14990000,Apple,VND,"<p>Thiết kế gọn nhẹ cao cấp với màn hình kích thước 4.7 inch</p><p>Công nghệ màn hình Retina HD hiển thị hình ảnh rõ nét</p><p>Chip A13 Bionic ưu việt cho cấu hình mạnh mẽ vượt trội</p><p>Camera sau 12MP cho chất lượng ảnh sắc nét vừa đủ</p><p>Hỗ trợ chuẩn Wi-Fi 6, Bluetooth 5.0, 4G LTE và 2 SIM</p><p><a href=""https://www.nguyenkim.com/nut-home-bien-mat-vay-cam-bien-van-tay-cua-iphone-tiep-theo-o-dau.html"" target=""_blank"" rel=""noopener noreferrer"">Cảm biến vân tay Touch ID</a> giúp mở khóa nhanh chóng</p><p>Pin bền bỉ, xem video liên tục 13 giờ, hỗ trợ sạc nhanh</p>",https://www.nguyenkim.com/dien-thoai-iphone-se-128-gb-trang.html
101621,101621,Điện thoại Xiaomi Redmi 9C 2GB/32GB Cam,2290000,2490000,Xiaomi,VND,"<p>Màn hình giọt nước, tối đa không gian trải nghiệm của người dùng</p><p>Màn hình IPS LCD, hiển thị hình ảnh sắc nét và chân thật </p><p>Bộ ba camera - đa tính năng, bắt trọn từng khoảnh khắc </p><p>Bộ vi xử lý MediaTek Helio G35 giúp chạy đa nhiệm mượt mà</p><p>Bộ nhớ trong 32GB, cho không gian lưu trữ thoải mái</p><p>Trang bị viên pin lên đến 5000 mAh, cho trải nghiệm lâu bền</p>",https://www.nguyenkim.com/dien-thoai-xiaomi-redmi-9c-2gb-32gb-cam.html
101626,101626,Điện thoại Xiaomi Redmi 9C 2GB/32GB Xám,2290000,2490000,Xiaomi,VND,"<p>Màn hình giọt nước, tối đa không gian trải nghiệm của người dùng</p><p>Màn hình IPS LCD, hiển thị hình ảnh sắc nét và chân thật </p><p>Bộ ba camera - đa tính năng, bắt trọn từng khoảnh khắc </p><p>Bộ vi xử lý MediaTek Helio G35 giúp chạy đa nhiệm mượt mà</p><p>Bộ nhớ trong 32GB, cho không gian lưu trữ thoải mái</p><p>Trang bị viên pin lên đến 5000 mAh, cho trải nghiệm lâu bền</p>",https://www.nguyenkim.com/dien-thoai-xiaomi-redmi-9c-2gb-32gb-xam.html
102001,102001,Điện thoại Samsung Galaxy A12 128GB Xanh,3990000,4290000,Samsung,VND,"<p>Màn hình 6.5'' HD+ mở rộng không gian trải nghiệm hình ảnh</p><p>Chip MediaTek Helio P35 8 nhân giúp đa nhiệm mượt mà ổn định</p><p>4 camera sau 48MP+5MP+2MP+2MP hỗ trợ chụp ảnh đa tính năng</p><p>Camera trước có độ phân giải 8MP chụp ảnh selfie đẹp tự nhiên</p><p>Dung lượng pin lớn 5000mAh thoải mái trải nghiệm cả ngày dài</p><p>Sạc nhanh siêu tốc 15W giúp nạp đầy năng lượng nhanh chóng</p><p>Thân máy hoàn thiện với những đường cong, dễ dàng cầm nắm</p>",https://www.nguyenkim.com/dien-thoai-samsung-galaxy-a12-128gb-xanh.html
102011,102011,Điện thoại Samsung Galaxy A12 128GB Đen,3990000,4290000,Samsung,VND,"<p>Màn hình 6.5'' HD+ mở rộng không gian trải nghiệm hình ảnh</p><p>Chip MediaTek Helio P35 8 nhân giúp đa nhiệm mượt mà ổn định</p><p>4 camera sau 48MP+5MP+2MP+2MP hỗ trợ chụp ảnh đa tính năng</p><p>Camera trước có độ phân giải 8MP chụp ảnh selfie đẹp tự nhiên</p><p>Dung lượng pin lớn 5000mAh thoải mái trải nghiệm cả ngày dài</p><p>Sạc nhanh siêu tốc 15W giúp nạp đầy năng lượng nhanh chóng</p><p>Thân máy hoàn thiện với những đường cong, dễ dàng cầm nắm</p>",https://www.nguyenkim.com/dien-thoai-samsung-galaxy-a12-128gb-den.html
102014,102014,Điện thoại Samsung Galaxy A12 128GB Trắng,3990000,4290000,Samsung,VND,"<p>Màn hình 6.5'' HD+ mở rộng không gian trải nghiệm hình ảnh</p><p>Chip MediaTek Helio P35 8 nhân giúp đa nhiệm mượt mà ổn định</p><p>4 camera sau 48MP+5MP+2MP+2MP hỗ trợ chụp ảnh đa tính năng</p><p>Camera trước có độ phân giải 8MP chụp ảnh selfie đẹp tự nhiên</p><p>Dung lượng pin lớn 5000mAh thoải mái trải nghiệm cả ngày dài</p><p>Sạc nhanh siêu tốc 15W giúp nạp đầy năng lượng nhanh chóng</p><p>Thân máy hoàn thiện với những đường cong, dễ dàng cầm nắm</p>",https://www.nguyenkim.com/dien-thoai-samsung-galaxy-a12-128gb-trang.html
102019,102019,Điện thoại OPPO A15 Đen,3190000,3490000,OPPO,VND,"<p>Màn hình giọt nước 6.52'' HD+ mở rộng không gian trải nghiệm</p><p>Chip Helio P35 8 nhân cho khả năng đa nhiệm tốt, tác vụ mượt mà</p><p>Cụm 3 camera AI 13MP+2MP+2MP chụp ảnh rõ nét, sống động</p><p>Camera trước 8MP tích hợp làm đẹp AI cho ảnh selfie đẹp tự nhiên</p><p>Thoải mái trải nghiệm cả ngày dài với pin dung lượng 4230mAh</p><p>Cảm biến vân tay, nhận diện khuôn mặt AI giúp mở khóa nhanh</p><p>Thiết kế mỏng nhẹ, mặt lưng 3D cho cảm giác cầm nắm thoải mái</p>",https://www.nguyenkim.com/dien-thoai-oppo-a15-den.html
102024,102024,Điện thoại OPPO A15 Trắng,3190000,3490000,OPPO,VND,"<p>Màn hình giọt nước 6.52'' HD+ mở rộng không gian trải nghiệm</p><p>Chip Helio P35 8 nhân cho khả năng đa nhiệm tốt, tác vụ mượt mà</p><p>Cụm 3 camera AI 13MP+2MP+2MP chụp ảnh rõ nét, sống động</p><p>Camera trước 8MP tích hợp làm đẹp AI cho ảnh selfie đẹp tự nhiên</p><p>Thoải mái trải nghiệm cả ngày dài với pin dung lượng 4230mAh</p><p>Cảm biến vân tay, nhận diện khuôn mặt AI giúp mở khóa nhanh</p><p>Thiết kế mỏng nhẹ, mặt lưng 3D cho cảm giác cầm nắm thoải mái</p>",https://www.nguyenkim.com/dien-thoai-oppo-a15-trang.html
102029,102029,Điện thoại OPPO Reno5 Đen,8190000,8690000,OPPO,VND,"<p>Màn hình 6.43'' FHD+ cho trải nghiệm hình ảnh chân thực, rõ nét</p><p>Bộ xử lý Qualcomm Snapdragon 720G tác vụ mượt mà, ổn định</p><p>4 camera sau 64MP+8MP+2MP+2MP hỗ trợ chụp ảnh đa tính năng</p><p>Camera trước 44MP AI chụp ảnh selfie đẹp sắc nét, sống động</p><p>Thoải mái trải nghiệm cả ngày dài với dung lượng pin 4310mAh</p><p>Cảm biến vân tay giúp mở khóa nhanh chóng chỉ với một chạm</p>",https://www.nguyenkim.com/dien-thoai-oppo-reno5-den.html
102034,102034,Điện thoại OPPO Reno5 Bạc,8190000,8690000,OPPO,VND,"<p>Màn hình 6.43'' FHD+ cho trải nghiệm hình ảnh chân thực, rõ nét</p><p>Bộ xử lý Qualcomm Snapdragon 720G tác vụ mượt mà, ổn định</p><p>4 camera sau 64MP+8MP+2MP+2MP hỗ trợ chụp ảnh đa tính năng</p><p>Camera trước 44MP AI chụp ảnh selfie đẹp sắc nét, sống động</p><p>Thoải mái trải nghiệm cả ngày dài với dung lượng pin 4310mAh</p><p>Công nghệ sạc nhanh 50W nạp đầy pin 100% chỉ trong 48 phút</p><p>Cảm biến vân tay giúp mở khóa nhanh chóng chỉ với một chạm</p>",https://www.nguyenkim.com/dien-thoai-oppo-reno5-bac.html
102035,102035,Điện thoại Vivo Y51 8GB/128GB Xanh Dương,5490000,6290000,Vivo,VND,"<p>Màn hình lớn 6.58'' FHD+ cho trải nghiệm hình ảnh rõ nét, đã mắt</p><p>Dung lượng pin khủng 5000mAh thoải mái trải nghiệm cả ngày dài</p><p>Bộ vi xử lý SDM662, 8GB RAM đa nhiệm tốt, mượt mà mọi tác vụ</p><p>Cụm 3 camera sau 48MP+8MP+2MP chụp góc rộng, xóa phông,...</p><p>Camera trước có độ phân giải 16MP chụp ảnh selfie đẹp sắc nét</p><p>Mở khóa vân tay cạnh bên giúp mở khóa nhanh chỉ với một chạm</p>",https://www.nguyenkim.com/dien-thoai-vivo-y51-8gb-128gb-xanh-duong.html
102039,102039,Điện thoại Vivo Y51 8GB/128GB Tím Bạc,5490000,6290000,Vivo,VND,"<p>Màn hình lớn 6.58'' FHD+ cho trải nghiệm hình ảnh rõ nét, đã mắt</p><p>Dung lượng pin khủng 5000mAh thoải mái trải nghiệm cả ngày dài</p><p>Bộ vi xử lý SDM662, 8GB RAM đa nhiệm tốt, mượt mà mọi tác vụ</p><p>Cụm 3 camera sau 48MP+8MP+2MP chụp góc rộng, xóa phông,...</p><p>Camera trước có độ phân giải 16MP chụp ảnh selfie đẹp sắc nét</p><p>Mở khóa vân tay cạnh bên mở khóa nhanh chóng chỉ với một chạm</p>",https://www.nguyenkim.com/dien-thoai-vivo-y51-8gb-128gb-tim-bac.html
102336,102336,Điện thoại Samsung Galaxy S21 Plus 5G 8GB/128GB Đen,18990000,25990000,Samsung,VND,"<p>Màn hình 6.7 inch Full HD+ hiển thị hình ảnh sắc nét, màu sắc sống động</p><p>Bộ vi xử lý Exynos 2100 (5nm) cho tốc độ xử lý mạnh mẽ, nhanh chóng</p><p>Camera sau 12MP + 12MP + 64MP chụp chân dung, chụp đêm siêu nét</p><p>Camera trước 10MP lấy nét nhanh, chụp ảnh selfie rõ nét, đẹp tự nhiên</p><p>Camera quay video 8K chuyên nghiệp, quay phim siêu chống rung mượt mà</p><p>Cảm biến vân tay dưới màn hình mở khóa nhanh an toàn chỉ với một chạm</p><p>Dung lượng pin 4800mAh hỗ trợ sạc nhanh thoải mái sử dụng cả ngày</p>",https://www.nguyenkim.com/dien-thoai-samsung-galaxy-s21-plus-5g-8gb-128gb-den.html
102340,102340,Điện thoại Samsung Galaxy S21 Plus 5G 8GB/128GB Bạc,18990000,25990000,Samsung,VND,"<p>Màn hình 6.7 inch Full HD+ hiển thị hình ảnh sắc nét, màu sắc sống động</p><p>Bộ vi xử lý Exynos 2100 (5nm) cho tốc độ xử lý mạnh mẽ, nhanh chóng</p><p>Camera sau 12MP + 12MP + 64MP chụp chân dung, chụp đêm siêu nét</p><p>Camera trước 10MP lấy nét nhanh, chụp ảnh selfie rõ nét, đẹp tự nhiên</p><p>Camera quay video 8K chuyên nghiệp, quay phim siêu chống rung mượt mà</p><p>Cảm biến vân tay dưới màn hình mở khóa nhanh an toàn chỉ với một chạm</p><p>Dung lượng pin 4800mAh hỗ trợ sạc nhanh thoải mái sử dụng cả ngày</p>",https://www.nguyenkim.com/dien-thoai-samsung-galaxy-s21-plus-5g-8gb-128gb-bac.html
102346,102346,Điện thoại Samsung Galaxy S21 Ultra 5G 12GB/128GB Đen,23990000,30990000,Samsung,VND,"<p>Màn hình Infinity-O 6.8'' WQHD+ hiển thị hình ảnh sắc nét, sống động</p><p>Công Nghệ Dynamic AMOLED 2X truyền tải trọn vẹn 100% dải sắc màu</p><p>Màn hình 120Hz siêu mượt phản hồi cực nhanh, chuyển đổi mượt mà</p><p>Bộ vi xử lý Exynos 2100 (5nm) cho sức mạnh đột phá, tốc độ xử lý ấn tượng</p><p>Camera trước có độ phân giải vượt trội 40MP chụp selfie sắc nét tuyệt đẹp</p><p>Bộ camera sau chụp ảnh chuyên nghiệp, quay video 8K chất lượng, mượt mà</p><p>Pin dung lượng lớn 5000mAh, hỗ trợ sạc nhanh thoải mái sử dụng cả ngày</p>",https://www.nguyenkim.com/dien-thoai-samsung-galaxy-s21-ultra-5g-12gb-128gb-den.html
102351,102351,Điện thoại Samsung Galaxy S21 Ultra 5G 12GB/128GB Bạc,23990000,30990000,Samsung,VND,"<p>Màn hình Infinity-O 6.8'' WQHD+ hiển thị hình ảnh sắc nét, sống động</p><p>Công Nghệ Dynamic AMOLED 2X truyền tải trọn vẹn 100% dải sắc màu</p><p>Màn hình 120Hz siêu mượt phản hồi cực nhanh, chuyển đổi mượt mà</p><p>Bộ vi xử lý Exynos 2100 (5nm) cho sức mạnh đột phá, tốc độ xử lý ấn tượng</p><p>Camera trước có độ phân giải vượt trội 40MP chụp selfie sắc nét tuyệt đẹp</p><p>Bộ camera sau chụp ảnh chuyên nghiệp, quay video 8K chất lượng, mượt mà</p><p>Pin dung lượng lớn 5000mAh, hỗ trợ sạc nhanh thoải mái sử dụng cả ngày</p>",https://www.nguyenkim.com/dien-thoai-samsung-galaxy-s21-ultra-5g-12gb-128gb-bac.html
102356,102356,Điện thoại Nokia 5.4 Xanh,4590000,4590000,,,,https://www.nguyenkim.com/dien-thoai-nokia-5-4-xanh.html
102375,102375,Điện thoại Xiaomi Redmi 9 4GB/64GB Tím,2990000,3990000,Xiaomi,VND,"<p>Thiết kế mặt lưng nổi bật thay đổi màu theo từng góc độ ánh sáng</p><p>Màn hình 6.53 inch Full HD+ hiển thị hình ảnh chân thực, sắc nét</p><p>Chip Helio G80 8 nhân cho hiệu năng ổn định, tác vụ mượt mà</p><p>Bộ 4 camera 13MP+ 8MP+ 5MP+ 2MP chụp ảnh rõ nét, chân thực</p><p>Mở khóa vân tay và nhận diện khuôn mặt giúp mở khóa nhanh</p><p>Pin dung lượng khủng 5020mAh thoải mái sử dụng cả ngày dài</p>",https://www.nguyenkim.com/dien-thoai-xiaomi-redmi-9-4gb-64gb-tim.html
102380,102380,Điện thoại Xiaomi Redmi 9 4GB/64GB Xám,2990000,3990000,Xiaomi,VND,"<p>Thiết kế mặt lưng nổi bật thay đổi màu theo từng góc độ ánh sáng</p><p>Màn hình 6.53 inch Full HD+ hiển thị hình ảnh chân thực, sắc nét</p><p>Chip Helio G80 8 nhân cho hiệu năng ổn định, tác vụ mượt mà</p><p>Bộ 4 camera 13MP+ 8MP+ 5MP+ 2MP chụp ảnh rõ nét, chân thực</p><p>Mở khóa vân tay và nhận diện khuôn mặt giúp mở khóa nhanh</p><p>Pin dung lượng khủng 5020mAh thoải mái sử dụng cả ngày dài</p>",https://www.nguyenkim.com/dien-thoai-xiaomi-redmi-9-4gb-64gb-xam.html
102637,102637,Điện thoại OPPO A15s Đen,3690000,3990000,OPPO,VND,"<p>Màn hình 6.52 inch HD+ mở rộng không gian trải nghiệm hình ảnh</p><p>Chip MediaTek Helio P35, 4GB RAM cho hiệu năng ổn định, đa nhiệm tốt</p><p>Camera trước có độ phân giải 8MP chụp ảnh selfie rõ nét, đẹp tự nhiên</p><p>Camera sau 13MP + 2MP + 2MP chụp góc rộng, bắt trọn khoảnh khắc</p><p>Dung lượng pin 4230mAh thoải mái lướt web, xem Youtube,.. cả ngày </p><p>Cảm biến vân tay giúp mở khóa nhanh chóng chỉ với một chạm</p><p>Mặt lưng cong 3D mềm mại mang đến cảm giác cầm nắm thoải mái</p>",https://www.nguyenkim.com/dien-thoai-oppo-a15s-den.html
102639,102639,Điện thoại OPPO A15s Xanh,3690000,3990000,OPPO,VND,"<p>Màn hình 6.52 inch HD+ mở rộng không gian trải nghiệm hình ảnh</p><p>Chip MediaTek Helio P35, 4GB RAM cho hiệu năng ổn định, đa nhiệm tốt</p><p>Camera trước có độ phân giải 8MP chụp ảnh selfie rõ nét, đẹp tự nhiên</p><p>Camera sau 13MP + 2MP + 2MP chụp góc rộng, bắt trọn khoảnh khắc</p><p>Dung lượng pin 4230mAh thoải mái lướt web, xem Youtube,.. cả ngày </p><p>Cảm biến vân tay giúp mở khóa nhanh chóng chỉ với một chạm</p><p>Mặt lưng cong 3D mềm mại mang đến cảm giác cầm nắm thoải mái</p>",https://www.nguyenkim.com/dien-thoai-oppo-a15s-xanh.html
103185,103185,Điện thoại Nokia 6300 4G Xanh,1240000,1290000,Nokia,VND,"<p>Thiết kế nhỏ gọn, độ bền cao cho cảm giác cầm nắm chắc chắn</p><p>Điện thoại hỗ trợ kết nối 4G, thoải sức giải trí với Facebook, Youtube,..</p><p>Dễ dàng lưu lại bức ảnh cơ bản với camera sau hỗ trợ đèn Flash</p><p>Dung lượng pin lớn lên đến 1500mAh sử dụng liên tục nhiều ngày</p><p>Hỗ trợ phát sóng wifi chia sẻ kết nối internet đến nhiều thiết bị khác</p>",https://www.nguyenkim.com/dien-thoai-nokia-6300-4g-xanh.html
103510,103510,Điện thoại Samsung Galaxy A02s 64GB Xanh,3350000,3590000,Samsung,VND,"<p>Thiết kế mặt lưng cong 3D cho cảm giác cầm nắm chắc chắn, thoải mái</p><p>Trải nghiệm hình ảnh chân thực trên màn hình Infinity-V HD+ 6.5 inch</p><p>Vi xử lý Snapdragon 450 8 nhân xử lý tác vụ nhanh, đa nhiệm liền mạch</p><p>Bộ 3 camera độ phân giải 13MP + 2MP + 2MP cho chất lượng hình ảnh rõ nét</p><p>Camera trước 5MP chụp ảnh Selfie đẹp tự nhiên, bắt trọn mọi khoảnh khắc</p><p>Pin khủng 5000mAh và sạc nhanh 15W cho trải nghiệm suốt cả ngày dài</p>",https://www.nguyenkim.com/dien-thoai-samsung-galaxy-a02s-64gb-xanh.html
103511,103511,Điện thoại Samsung Galaxy A02s 64GB Đen,3350000,3590000,Samsung,VND,"<p>Thiết kế mặt lưng cong 3D cho cảm giác cầm nắm chắc chắn, thoải mái</p><p>Trải nghiệm hình ảnh chân thực trên màn hình Infinity-V HD+ 6.5 inch</p><p>Vi xử lý Snapdragon 450 8 nhân xử lý tác vụ nhanh, đa nhiệm liền mạch</p><p>Bộ 3 camera độ phân giải 13MP + 2MP + 2MP cho chất lượng hình ảnh rõ nét</p><p>Camera trước 5MP chụp ảnh Selfie đẹp tự nhiên, bắt trọn mọi khoảnh khắc</p><p>Pin khủng 5000mAh và sạc nhanh 15W cho trải nghiệm suốt cả ngày dài</p>",https://www.nguyenkim.com/dien-thoai-samsung-galaxy-a02s-64gb-den.html
103515,103515,Điện thoại Samsung Galaxy A02s 64GB Trắng,3350000,3590000,Samsung,VND,"<p>Thiết kế mặt lưng cong 3D cho cảm giác cầm nắm chắc chắn, thoải mái</p><p>Trải nghiệm hình ảnh chân thực trên màn hình Infinity-V HD+ 6.5 inch</p><p>Vi xử lý Snapdragon 450 8 nhân xử lý tác vụ nhanh, đa nhiệm liền mạch</p><p>Bộ 3 camera độ phân giải 13MP + 2MP + 2MP cho chất lượng hình ảnh rõ nét</p><p>Camera trước 5MP chụp ảnh Selfie đẹp tự nhiên, bắt trọn mọi khoảnh khắc</p><p>Pin khủng 5000mAh và sạc nhanh 15W cho trải nghiệm suốt cả ngày dài</p>",https://www.nguyenkim.com/dien-thoai-samsung-galaxy-a02s-64gb-trang.html
