'name', 'price', 'url', 'image', 'Model', 'Màu sắc',
         'Nhà sản xuất', 'Xuất xứ', 'Năm ra mắt ', 'Thời gian bảo hành', 
         'Địa điểm bảo hành', 'Hệ điều hành', 'Chipset', 'RAM', 'Bộ nhớ trong', 
         'Hỗ trợ thẻ nhớ ngoài', 'Cảm ứng', 'Loại màn hình', 'Kích thước màn hình', 
         'Độ phân giải màn hình', 'Camera trước', 'Camera sau', 'Đèn Flash', 'Video', 
         'Mạng 4G', 'Loại SIM', 'WIFI', 'Bluetooth', 'GPS', 'USB', 'Jack 3.5mm', 
         'Dung lượng Pin', 'Mở khóa nhanh', 'Thiết kế', 'Ghi âm', 'Radio', 
         'Màn hình tràn viền', 'Tiện ích khác ĐTDĐ', 'Kích thước sản phẩm'
Điện thoại Xiaomi Redmi 9A 2GB/32GB Xanh dương;2.290.000đ;https://www.nguyenkim.com/dien-thoai-xiaomi-redmi-9a-2gb-32gb-xanh-duong.html;https://www.nguyenkim.com/dien-thoai-xiaomi-redmi-9a-2gb-32gb-xanh-duong.html; REDMI 9A ; Xanh dương ; Xiaomi ; Trung Quốc ; 2020 ; 18 tháng ; Nguyễn Kim ; Android 10 ; MediaTek Helio G25 8 nhân ; 2 GB ; 32 GB ; MicroSD  hỗ trợ tối đa 512 GB ; Có ; IPS LCD ; 6.53 " ; HD+ (700 x 1600) pixels ; 5 MP ; 13 MP ; Có ; HD 720p@30fps  FullHD 1080p@30fps ; Có ; 2 Nano SIM ; Wi-Fi hotspot  Wi-Fi 802.11 a/b/g/n  Wi-Fi Direct ; LE  A2DP ; BDS  A-GPS  GLONASS ; Micro USB ; Có ; 5000 mAh ; Mở khoá khuôn mặt ; Nguyên khối ; Có ; Có ; Có ; Chạm 2 lần tắt màn hình  Chạm 2 lần sáng màn hình  Đèn pin  Chặn tin nhắn  Chặn cuộc gọi ; Dài 164.9 mm - Ngang 77.07 mm - Dày 9 mm 
Điện thoại Samsung Galaxy A52 4G 8GB/128GB Xanh;9.290.000đ;https://www.nguyenkim.com/dien-thoai-samsung-galaxy-a52-4g-8gb-128gb-xanh.html;https://www.nguyenkim.com/dien-thoai-samsung-galaxy-a52-4g-8gb-128gb-xanh.html; SM-A525F/DS ; Xanh ; Samsung ; Việt Nam ;; 12 tháng ; Nguyễn Kim ;; Vi xử lý 8 nhân Snapdragon 720G ; 8GB ; 128GB ;;; Màn hình tràn viền vô cực Super AMOLED Full HD+  độ sáng màn hình đến 800nit ; 6.5 " ;; 32MP ; 4 camera 64MP+12MP + 5MP + 5MP ;;;;;;;;;; 4500mAh  Công nghệ Sạc nhanh siêu tốc 25W ;;;;;;;
Điện thoại Samsung Galaxy A32 4G 6GB/128GB Xanh;5.650.000đ;https://www.nguyenkim.com/dien-thoai-samsung-galaxy-a32-4g-6gb-128gb-xanh.html;https://www.nguyenkim.com/dien-thoai-samsung-galaxy-a32-4g-6gb-128gb-xanh.html; SM-A325F/DS ; Xanh ; Samsung ; Việt Nam ;; 12 tháng ; Nguyễn Kim ;; Vi xử lý Helio G80 (12nm)  Octa-core 2.0GHz ; 6GB ; 128GB ;;; Infinity-U  Super AMOLED 90Hz  Tỉ lệ 209 ; 6.4 " ; FHD+ (1080x2400) pixels ; 20MP ; Siêu rộng 8MP  Rộng 64MP  Xóa phông 5MP  Cận cảnh 5MP ;;;;;;;;;; 5000mAh  Công Nghệ Sạc Nhanh Siêu Tốc 15W ;;;;;;;
Điện thoại Samsung Galaxy A52 4G 8GB/128GB Đen;9.290.000đ;https://www.nguyenkim.com/dien-thoai-samsung-galaxy-a52-4g-8gb-128gb-den.html;https://www.nguyenkim.com/dien-thoai-samsung-galaxy-a52-4g-8gb-128gb-den.html; SM-A525F/DS ; Đen ; Samsung ; Việt Nam ;; 12 tháng ; Nguyễn Kim ;; Vi xử lý 8 nhân Snapdragon 720G ; 8GB ; 128GB ;;; Màn hình tràn viền vô cực Super AMOLED Full HD+  độ sáng màn hình đến 800nit ; 6.5 " ;; 32MP ; 4 camera 64MP+12MP + 5MP + 5MP ;;;;;;;;;; 4500mAh  Công nghệ Sạc nhanh siêu tốc 25W ;;;;;;;
Điện thoại Samsung Galaxy A32 4G 6GB/128GB Tím;5.650.000đ;https://www.nguyenkim.com/samsung-galaxy-a32-4g-6gb-128gb-tim.html;https://www.nguyenkim.com/samsung-galaxy-a32-4g-6gb-128gb-tim.html; SM-A325F/DS ; Tím ; Samsung ; Việt Nam ; 2021 ; 12 tháng ; Nguyễn Kim ; 	Android ; Vi xử lý Helio G80 (12nm)  Octa-core 2.0GHz ; 6GB ; 128GB ;;; Infinity-U  Super AMOLED 90Hz  Tỉ lệ 209 ; 6.4 " ; FHD+ (1080x2400) pixels ; 20MP ; Siêu rộng 8MP  Rộng 64MP  Xóa phông 5MP  Cận cảnh 5MP ;;;;;;;;;; 5000mAh  Công Nghệ Sạc Nhanh Siêu Tốc 15W ;;;;;;;
Điện thoại Samsung Galaxy S20 FE 8GB/256GB Xanh;10.290.000đ;https://www.nguyenkim.com/dien-thoai-samsung-galaxy-s20-fe-8gb-256gb-xanh.html;https://www.nguyenkim.com/dien-thoai-samsung-galaxy-s20-fe-8gb-256gb-xanh.html; GALAXYS20F (SM-G780F/DS) ; Xanh ; Samsung ; Việt Nam ;; 12 tháng ; Nguyễn Kim ;;; 8 GB ; 256 GB ;;; Infinity-O Super AMOLED ; 6.5 " ;; 32 MP ; Chính 12 MP  8 MP  12 MP ;;; Hỗ trợ 4G ; Nano SIM ;;;;;; 4500 mAh  Sạc pin nhanh 25W ;;;;;;;
Điện thoại Samsung Galaxy A72 4G 8GB/256GB Đen;11.490.000đ;https://www.nguyenkim.com/dien-thoai-samsung-galaxy-a72-4g-8gb-256gb-den.html;https://www.nguyenkim.com/dien-thoai-samsung-galaxy-a72-4g-8gb-256gb-den.html; SM-A725F/DS ; Đen ; Samsung ; Việt Nam ;; 12 tháng ; Nguyễn Kim ;; Vi xử lý 8 nhân Snapdragon 720G ; 8GB ; 256GB ;;; Màn hình tràn viền vô cực Super AMOLED  độ sáng màn hình 800nit  Full HD+ ; 6.7 " ;; 32MP ;;;;;;;;;;; 5000mAh  Công nghệ Sạc nhanh siêu tốc 25W ;;;;;;;
Điện thoại Samsung Galaxy A32 4G 6GB/128GB Đen;5.650.000đ;https://www.nguyenkim.com/dien-thoai-samsung-galaxy-a32-4g-6gb-128gb-den.html;https://www.nguyenkim.com/dien-thoai-samsung-galaxy-a32-4g-6gb-128gb-den.html; SM-A325F/DS ; Đen ; Samsung ; Việt Nam ;; 12 tháng ; Nguyễn Kim ;; Vi xử lý Helio G80 (12nm)  Octa-core 2.0GHz ; 6GB ; 128GB ;;; Infinity-U  Super AMOLED 90Hz  Tỉ lệ 209 ; 6.4 " ; FHD+ (1080x2400) pixels ; 20MP ; Siêu rộng 8MP  Rộng 64MP  Xóa phông 5MP  Cận cảnh 5MP ;;;;;;;;;; 5000mAh  Công Nghệ Sạc Nhanh Siêu Tốc 15W ;;;;;;;
Điện thoại Samsung Galaxy A72 4G 8GB/256GB Tím;11.490.000đ;https://www.nguyenkim.com/dien-thoai-samsung-galaxy-a72-4g-8gb-256gb-tim.html;https://www.nguyenkim.com/dien-thoai-samsung-galaxy-a72-4g-8gb-256gb-tim.html; SM-A725F/DS ; Tím ; Samsung ; Việt Nam ;; 12 tháng ; Nguyễn Kim ;; Vi xử lý 8 nhân Snapdragon 720G ; 8GB ; 256GB ;;; Màn hình tràn viền vô cực Super AMOLED  độ sáng màn hình 800nit  Full HD+ ; 6.7 " ;; 32MP ;;;;;;;;;;; 5000mAh  Công nghệ Sạc nhanh siêu tốc 25W ;;;;;;;
Điện thoại Xiaomi Redmi 9C 3GB/64GB Xám;2.790.000đ;https://www.nguyenkim.com/dien-thoai-xiaomi-redmi-9c-3gb-64gb-xam.html;https://www.nguyenkim.com/dien-thoai-xiaomi-redmi-9c-3gb-64gb-xam.html; REDMI 9C ; Xám ; Xiaomi ; Trung Quốc ; 2020 ; 18 tháng ; Nguyễn Kim ; Android 10 ; MediaTek Helio G35 8 nhân ; 3 GB ; 64 GB ; MicroSD  hỗ trợ tối đa 512 GB ; Có ; IPS LCD ; 6.53 " ; HD+ (720 x 1600) pixels ; 5 MP ; 13 MP  2 MP  2 MP ; Có ; FullHD 1080p@30fps  HD 720p@30fps ; Có ; 2 Nano SIM ; Wi-Fi Direct  Wi-Fi 802.11 a/b/g/n  Wi-Fi hotspot ; LE v4.2  A2DP ; GLONASS  A-GPS ; Micro USB ; Có ; 5000 mAh ; Mở khóa bằng vân tay ; Nguyên khối ; Có ; Có ; Có ; Chạm 2 lần sáng màn hình  Đèn pin  Thu nhỏ màn hình sử dụng một tay  Chặn tin nhắn  Nhân bản ứng dụng  Chạm 2 lần tắt màn hình  Chặn cuộc gọi  Khoá ứng dụng ; Dài 164.9 mm - Ngang 77.07 mm - Dày 9.0 mm 
Điện thoại Samsung Galaxy S21 Ultra 5G 12GB/128GB Bạc;19.990.000đ;https://www.nguyenkim.com/dien-thoai-samsung-galaxy-s21-ultra-5g-12gb-128gb-bac.html;https://www.nguyenkim.com/dien-thoai-samsung-galaxy-s21-ultra-5g-12gb-128gb-bac.html; SM-G998B/DS ; Bạc ; Samsung ; Việt Nam ;; 12 tháng ; Nguyễn Kim ;; Vi xử lý Exynos 2100 (5nm) ; 12GB ; 128GB ;;; Vô cực Infinity-O  WQHD+  Dynamic AMOLED 2X ; 6.8 " ;; Ống kính 40MP AF F2.2 ; Ống kính góc siêu rộng 12MP (2PD) AF f2.2  Ống kính góc rộng 108MP F1.8 OIS  Ống kính Zoom quang học 1 10MP (3x  2PD) OIS F2.4  Ống kính Zoom quang học 2 10MP (10x  2PD) OIS F4.9  ToF Laser AF  Quay phim 8K ;;;;;;;;;; 5000mAh sạc siêu nhanh 25W / Sạc không dây ;;;;;;;
Điện thoại Samsung Galaxy A72 4G 8GB/256GB Xanh;9.192.000đ;https://www.nguyenkim.com/dien-thoai-samsung-galaxy-a72-4g-8gb-256gb-xanh.html;https://www.nguyenkim.com/dien-thoai-samsung-galaxy-a72-4g-8gb-256gb-xanh.html; SM-A725F/DS ; Xanh ; Samsung ; Việt Nam ;; 12 tháng ; Nguyễn Kim ;; Vi xử lý 8 nhân Snapdragon 720G ; 8GB ; 256GB ;;; Màn hình tràn viền vô cực Super AMOLED  độ sáng màn hình 800nit  Full HD+ ; 6.7 " ;; 32MP ;;;;;;;;;;; 5000mAh  Công nghệ Sạc nhanh siêu tốc 25W ;;;;;;;
Điện thoại Xiaomi Redmi 9A 2GB/32GB Xám;2.290.000đ;https://www.nguyenkim.com/dien-thoai-xiaomi-redmi-9a-2gb-32gb-xam.html;https://www.nguyenkim.com/dien-thoai-xiaomi-redmi-9a-2gb-32gb-xam.html; REDMI 9A ; Xám ; Xiaomi ; Trung Quốc ; 2020 ; 18 tháng ; Nguyễn Kim ; Android 10 ; MediaTek Helio G25 8 nhân ; 2 GB ; 32 GB ; MicroSD  hỗ trợ tối đa 512 GB ; Có ; IPS LCD ; 6.53 " ; HD+ (700 x 1600) pixels ; 5 MP ; 13 MP ; Có ; HD 720p@30fps  FullHD 1080p@30fps ; Có ; 2 Nano SIM ; Wi-Fi hotspot  Wi-Fi 802.11 a/b/g/n  Wi-Fi Direct ; LE  A2DP ; BDS  A-GPS  GLONASS ; Micro USB ; Có ; 5000 mAh ; Mở khoá khuôn mặt ; Nguyên khối ; Có ; Có ; Có ; Chạm 2 lần tắt màn hình  Chạm 2 lần sáng màn hình  Đèn pin  Chặn tin nhắn  Chặn cuộc gọi ; Dài 164.9 mm - Ngang 77.07 mm - Dày 9 mm 
Điện thoại Samsung Galaxy S20 Ultra Xám;29.990.000đ;https://www.nguyenkim.com/samsung-galaxy-s20-ultra.html;https://www.nguyenkim.com/samsung-galaxy-s20-ultra.html; SM-G988B/DS ; Xám ; Samsung ; Việt Nam ; 2020 ; 12 Tháng ; Nguyễn Kim ; Android 10  One UI 2.1 ; Exynos 990 ; 12 GB ; 128 GB ;; Có ; Dynamic AMOLED 2x ; 6.9 " ;; 40 MP ; 108 MP + 48 MP + 12 MP ;;; Có ; 2 Nano SIM ; Có ; Bluetooth 5.0 ; BDS  A-GPS  GLONASS ; USB Type-C ;; 5000 mAh ;; Nguyên khối ; Có  microphone chuyên dụng chống ồn ; Không ; Có ;;
Điện thoại OPPO Reno4 Xanh thiên hà;6.792.000đ;https://www.nguyenkim.com/dien-thoai-oppo-reno4-xanh-thien-ha.html;https://www.nguyenkim.com/dien-thoai-oppo-reno4-xanh-thien-ha.html; CPH2113 ; Xanh Thiên Hà ; OPPO ; Trung Quốc ; 2020 ; 12 Tháng ; Nguyễn Kim ; ColorOS 7.2  nền tảng Android 10 ; Qualcomm Snapdragon 720G ; 8 GB ; 128 GB ; Hỗ trợ thẻ nhớ tối đa 256GB ; Có ; AMOLED ; 6.4 " ; FHD+ (1080 x 2400) pixels ; 32 MP ; 4 camera sau 48MP  8MP  2MP  2MP ; Có ; Có ;; Dual nano-SIM ; 802.11 a/b/g/n/ac/ ; Bluetooth 5.1 ; Có ; Type-C ; Có ; 4015mAH ;;;; Có ;;; 160.3 x 73.9 x 7.7 mm 
Điện thoại Samsung Galaxy A22 6GB/128GB Xanh;4.790.000đ;https://www.nguyenkim.com/dien-thoai-samsung-galaxy-a22-6gb-128gb-xanh.html;https://www.nguyenkim.com/dien-thoai-samsung-galaxy-a22-6gb-128gb-xanh.html; A22 (SM-A225F/DS) ; Xanh ; Samsung ; Việt Nam ;; 12 tháng ; Nguyễn Kim ;; Bộ vi xử lí tám nhân  xung nhịp tối đa 2GHz ; 6GB ; 128GB ;;; Tràn viền vô cực Infinity-U  Super AMOLED HD+  Tần số quét 90Hz  độ sáng lên đến 600 nit ; 6.4 " ;; 13 MP ; 4 Camera 48 MP + 8 MP + 2 MP + 2 MP ;;;;;;;;;; 5000 mAh  Công nghệ sạc nhanh siêu tốc 15W ;;;;;;;
Điện thoại Samsung Galaxy A72 4G 8GB/256GB Trắng;11.490.000đ;https://www.nguyenkim.com/dien-thoai-samsung-galaxy-a72-4g-8gb-256gb-trang.html;https://www.nguyenkim.com/dien-thoai-samsung-galaxy-a72-4g-8gb-256gb-trang.html; SM-A725F/DS ; Trắng ; Samsung ; Việt Nam ;; 12 tháng ; Nguyễn Kim ;; Vi xử lý 8 nhân Snapdragon 720G ; 8GB ; 256GB ;;; Màn hình tràn viền vô cực Super AMOLED  độ sáng màn hình 800nit  Full HD+ ; 6.7 " ;; 32MP ;;;;;;;;;;; 5000mAh  Công nghệ Sạc nhanh siêu tốc 25W ;;;;;;;
Điện thoại Samsung Galaxy A22 6GB/128GB Đen;4.790.000đ;https://www.nguyenkim.com/dien-thoai-samsung-galaxy-a22-6gb-128gb-den.html;https://www.nguyenkim.com/dien-thoai-samsung-galaxy-a22-6gb-128gb-den.html; A22 (SM-A225F/DS) ; Đen ; Samsung ; Việt Nam ;; 12 tháng ; Nguyễn Kim ;; Bộ vi xử lí tám nhân  xung nhịp tối đa 2GHz ; 6GB ; 128GB ;;; Tràn viền vô cực Infinity-U  Super AMOLED HD+  Tần số quét 90Hz  độ sáng lên đến 600 nit ; 6.4 " ;; 13 MP ; 4 Camera 48 MP + 8 MP + 2 MP + 2 MP ;;;;;;;;;; 5000 mAh  Công nghệ sạc nhanh siêu tốc 15W ;;;;;;;
Điện thoại Xiaomi Redmi 9C 3GB/64GB Cam;2.790.000đ;https://www.nguyenkim.com/dien-thoai-xiaomi-redmi-9c-3gb-64gb-cam.html;https://www.nguyenkim.com/dien-thoai-xiaomi-redmi-9c-3gb-64gb-cam.html; REDMI 9C ; Cam ; Xiaomi ; Trung Quốc ; 2020 ; 18 tháng ; Nguyễn Kim ; Android 10 ; MediaTek Helio G35 8 nhân ; 3 GB ; 64 GB ; MicroSD  hỗ trợ tối đa 512 GB ; Có ; IPS LCD ; 6.53 " ; HD+ (720 x 1600) pixels ; 5 MP ; 13 MP  2 MP  2 MP ; Có ; FullHD 1080p@30fps  HD 720p@30fps ; Có ; 2 Nano SIM ; Wi-Fi Direct  Wi-Fi 802.11 a/b/g/n  Wi-Fi hotspot ; LE v4.2  A2DP ; GLONASS  A-GPS ; Micro USB ; Có ; 5000 mAh ; Mở khóa bằng vân tay ; Nguyên khối ; Có ; Có ; Có ; Chạm 2 lần sáng màn hình  Đèn pin  Thu nhỏ màn hình sử dụng một tay  Chặn tin nhắn  Nhân bản ứng dụng  Chạm 2 lần tắt màn hình  Chặn cuộc gọi  Khoá ứng dụng ; Dài 164.9 mm - Ngang 77.07 mm - Dày 9.0 mm 
Điện thoại Nokia C20 2GB/32GB Xanh;1.990.000đ;https://www.nguyenkim.com/dien-thoai-nokia-c20-2gb-32gb-xanh.html;https://www.nguyenkim.com/dien-thoai-nokia-c20-2gb-32gb-xanh.html; NOKIAC20 ; Xanh ; Nokia ; Trung Quốc ;; 12 tháng ; Nguyễn Kim ; Android 11 (phiên bản Go) ; SC9863A 8 nhân | 1.6GHz ; 2 GB DDR3 DRAM ; 32 GB e-MMC 5.1  hỗ trợ thẻ nhớ ngoài 64GB ;;; chuẩn HD+ giọt nước  tỉ lệ 209 ; 6.5 " ;; 5MP  f2.2 với đèn Flash ; 5MP  f2.2 với đèn Flash ;;;;; 802.11 b/g/n ;; GPS/AGPS ; Micro USB (USB 2.0) ; Có ; 2950 mAh  pin rời ; Mở khóa khuôn mặt ;;;;;; 169.9 x 77.9 X 8.8 mm 
Điện thoại Samsung A33 5G 6GB/128GB Xanh;6.590.000đ;https://www.nguyenkim.com/dien-thoai-samsung-a33-5g-6gb-128gb-xanh.html;https://www.nguyenkim.com/dien-thoai-samsung-a33-5g-6gb-128gb-xanh.html; SM-A336E/DS ; Xanh ; Samsung ; Việt Nam ;; 12 Tháng ; Nguyễn Kim ; 	Android ;; 6GB ; 128GB ; MicroSD ;; Super AMOLED ; 6 4" " ; FHD +(1080 x 2400 ) pixels ; 13.0 MP ; 48.0 MP + 8.0 MP + 5.0 MP + 2.0 MP ; Không ; UHD 4K (3840 x 2160) @ 30 khung hình / giây ; 	Hỗ trợ 5G ; 2 sim ; 802.11 a / b / g / n / ac 2.4G + 5GHz  VHT80 ; Bluetooth v5.1 ;; USB 2.0 ;;;;;;;;; Cao 159 7 x Rộng 74 0 x Dày 8 1 mm 
Điện thoại Samsung Galaxy A13 4GB/128GB Đen;3.850.000đ;https://www.nguyenkim.com/dien-thoai-samsung-galaxy-a13-4gb-128gb-den.html;https://www.nguyenkim.com/dien-thoai-samsung-galaxy-a13-4gb-128gb-den.html; SM-A135F/DS ; Đen ; Samsung ; Việt Nam ;; 12 tháng ; Nguyễn Kim ;; Exynos850 (8 nhân) ; 4GB ; 128GB ; Hỗ trợ thẻ nhớ lên đến 1TB ;; FHD+ Infinity-V ; 6.6 " ;; 8MP ; Sau 50MP + Chụp Góc Siêu Rộng 5MP + Xoá phông 2MP + Macro 2MP ;;;;;;;;;; 5000 mAh  Sạc nhanh 15W ;;;;;;;
Điện thoại Samsung Galaxy A03 32GB Đen;2.650.000đ;https://www.nguyenkim.com/dien-thoai-samsung-galaxy-a03-32gb-den.html;https://www.nguyenkim.com/dien-thoai-samsung-galaxy-a03-32gb-den.html; A03 (SM-A035F/DS) ; Đen ; Samsung ; Việt Nam ;; 12 tháng ; Nguyễn Kim ;;;; 32GB ;;; Infinity-V TFT LCD 209 ; 6.5 " ; HD+ (720x1600) pixels ; 5MP F2.2 ; 48MP F1.8 (Main)  2MP F2.4 (Depth) ;;;;;;;;;; 5000mAh ;;;;;;;
Điện thoại Samsung Galaxy A13 4GB/128GB Xanh;3.850.000đ;https://www.nguyenkim.com/dien-thoai-samsung-galaxy-a13-4gb-128gb-xanh.html;https://www.nguyenkim.com/dien-thoai-samsung-galaxy-a13-4gb-128gb-xanh.html; SM-A135F/DS ; Xanh ; Samsung ; Việt Nam ;; 12 tháng ; Nguyễn Kim ;; Exynos850 (8 nhân) ; 4GB ; 128GB ; Hỗ trợ thẻ nhớ lên đến 1TB ;; FHD+ Infinity-V ; 6.6 " ;; 8MP ; Sau 50MP + Chụp Góc Siêu Rộng 5MP + Xoá phông 2MP + Macro 2MP ;;;;;;;;;; 5000 mAh  Sạc nhanh 15W ;;;;;;;
Điện thoại Samsung Galaxy A23 4GB/128GB Đen;4.890.000đ;https://www.nguyenkim.com/dien-thoai-samsung-galaxy-a23-4gb-128gb-den.html;https://www.nguyenkim.com/dien-thoai-samsung-galaxy-a23-4gb-128gb-den.html; SM-A235F/DS ; Đen ; Samsung ; Việt Nam ;; 12 tháng ; Nguyễn Kim ;; Snapdragon 680 (SM6225) (8 nhân) ; 4GB ; 128GB ; Hỗ trợ thẻ nhớ lên đến 1TB ;; FHD+ Infinity-V 90Hz ; 6.6 " ;; 8.0MP ; 50MP với chế độ quay chụp OIS sắc nét + Chụp Góc Siêu Rộng 5MP + Xoá phông 2MP + Macro 2MP ;;;;;;;;;; 5000 mAh  Sạc nhanh 25W ;;;;;;;
Điện thoại Samsung A33 5G 6GB/128GB Đen;6.590.000đ;https://www.nguyenkim.com/dien-thoai-samsung-a33-5g-6gb-128gb-den.html;https://www.nguyenkim.com/dien-thoai-samsung-a33-5g-6gb-128gb-den.html; SM-A336E/DS ; Đen ; Samsung ; Việt Nam ;; 12 Tháng ; Nguyễn Kim ; 	Android ;; 6GB ; 128GB ; MicroSD ;; Super AMOLED ; 6 4" " ; FHD +(1080 x 2400 ) pixels ; 13.0 MP ; 48.0 MP + 8.0 MP + 5.0 MP + 2.0 MP ; Không ; UHD 4K (3840 x 2160) @ 30 khung hình / giây ; 	Hỗ trợ 5G ; 2 sim ; 802.11 a / b / g / n / ac 2.4G + 5GHz  VHT80 ; Bluetooth v5.1 ;; USB 2.0 ;;;;;;;;; Cao 159 7 x Rộng 74 0 x Dày 8 1 mm 
Điện thoại iPhone 11 64GB Trắng;10.690.000đ;https://www.nguyenkim.com/dien-thoai-iphone-11-64gb-trang-vi-2.html;https://www.nguyenkim.com/dien-thoai-iphone-11-64gb-trang-vi-2.html; IPHONE1164GB ; Trắng ; Apple ; Trung Quốc ; 2019 ; 12 tháng ; Nguyễn Kim ; iOS 13 ; Apple A13 Bionic 6 nhân ; 4 GB ; 64 GB ;; Có ; Liquid Retina HD display ; 6.1 " ; 1792 x 828 pixels ; 12 MP  ƒ/2.2 aperture ; Dual 12MP Ultra Wide và Wide cameras ; Có ; 	4K tốc độ 24 fps  30 fps  hoặc 60 fps ;; Nano-SIM + eSIM ; 802.11ax Wi‑Fi 6 vói 2x2 MIMO ; 5.0 ;;;;;;;;;;;
Điện thoại Samsung Galaxy A03 32GB Xanh;2.650.000đ;https://www.nguyenkim.com/dien-thoai-samsung-galaxy-a03-32gb-xanh.html;https://www.nguyenkim.com/dien-thoai-samsung-galaxy-a03-32gb-xanh.html; A03 (SM-A035F/DS) ; Xanh ; Samsung ; Việt Nam ;; 12 tháng ; Nguyễn Kim ;;;; 32GB ;;; Infinity-V TFT LCD 209 ; 6.5 " ; HD+ (720x1600) pixels ; 5MP F2.2 ; 48MP F1.8 (Main)  2MP F2.4 (Depth) ;;;;;;;;;; 5000mAh ;;;;;;;
Điện thoại Samsung Galaxy A03s 64GB Đen;3.090.000đ;https://www.nguyenkim.com/dien-thoai-samsung-galaxy-a03s-64gb-den.html;https://www.nguyenkim.com/dien-thoai-samsung-galaxy-a03s-64gb-den.html; A03s (SM-A037F/DS) ; Đen ; Samsung ; Việt Nam ;; 12 tháng ; Nguyễn Kim ; Android ; MediaTek MT6765 ; 4GB ; 64GB ;;; PLS TFT LCD ; 6.5 " ; HD+ pixels ; 5 MP ; 13 MP + 2 MP + 2 MP ;;;;;;;;;; 5000 mAh ; Mở khoá vân tay cạnh viền ;;;;;; 164.2 x 75.9 x 9.1 mm 
Điện thoại Samsung A53 5G 128GB Cam;7.990.000đ;https://www.nguyenkim.com/dien-thoai-samsung-a53-5g-128gb-cam.html;https://www.nguyenkim.com/dien-thoai-samsung-a53-5g-128gb-cam.html; SM-A536E/DS ; Cam ; Samsung ; Việt Nam ;; 12 tháng ; Nguyễn Kim ;; Exynos 1280 (8 nhân) ; 8GB ; 128GB ; Hỗ trợ thẻ nhớ lên đến 1TB ;; FHD+ Infinity-O Super AMOLED 120Hz ; 6.5 " ;; 32.0MP ; 64MP với chế độ quay chụp OIS sắc nét + Chụp Góc Siêu Rộng 12MP + Xoá phông 5MP + Macro 5MP ;;; Kết nối 5G ;;;;;;; 5 000 mAh Sạc nhanh 25W ; Mở khóa vân tay trên màn hình ;;;;;;
Điện thoại Samsung Galaxy A03s 64GB Xanh;3.090.000đ;https://www.nguyenkim.com/dien-thoai-samsung-galaxy-a03s-64gb-xanh.html;https://www.nguyenkim.com/dien-thoai-samsung-galaxy-a03s-64gb-xanh.html; A03s (SM-A037F/DS) ; Xanh ; Samsung ; Việt Nam ;; 12 tháng ; Nguyễn Kim ;; MediaTek MT6765 ; 4GB ; 64GB ;;; PLS TFT LCD ; 6.5 " ; HD+ 720 x 1600 pixels ; 5 MP ; 13 MP + 2 MP + 2 MP ;;;;;;;;;; 5000 mAh ; Mở khoá vân tay cạnh viền ;;;;;; 164.2 x 75.9 x 9.1 mm 
Điện thoại Vivo Y15s 3GB/32GB Xanh Đen;2.650.000đ;https://www.nguyenkim.com/dien-thoai-vivo-y15s-3gb-32gb-xanh-den.html;https://www.nguyenkim.com/dien-thoai-vivo-y15s-3gb-32gb-xanh-den.html; Y15s (V2120) ; Xanh đen ; Vivo ; Trung Quốc ;; 12 tháng ; Nguyễn Kim ; Funtouch OS 11.1 (Tùy biến trên Android 11 (Go Edition) ; MediaTek Helio P35  ; 3GB	 ; 32GB  ;; Cảm ứng điện dung đa điểm  ; LCD (IPS) ; 6.51 " ; HD+ 1600*720 pixels ; f/2.0 (8MP) ; f/2.2 (13MP) + f/2.4 (2MP) ; Đèn Flash camera sau ;;;; 2.4GHz /5GHz  ; Bluetooth 5.0 ; Hỗ trợ ; Micro USB (USB 2.0)	 ;; 5000mAh (TYP)  ;;;;;;; 163.96 x 75.2 x 8.28 mm 
Điện thoại Samsung A73 8GB/128GB Xanh;11.190.000đ;https://www.nguyenkim.com/dien-thoai-samsung-a73-8gb-128gb-xanh.html;https://www.nguyenkim.com/dien-thoai-samsung-a73-8gb-128gb-xanh.html; A336 A736 ; Xanh ; Samsung ; Việt Nam ;; 12 Tháng ; Nguyễn Kim ; Android 12 ; Snapdragon 778G (8 nhân) ; 8GB ; 128GB ;;; Infinity-O Display ; 6.7” " ; 	FHD+ (2400x1080) pixels ; 32 MP ; 108 MP + 12 MP + 5 MP + 5 MP ;;;; Nano SIM ;;;;;; 5 000 mAh ; On-Screen Fingerprint ;;;;; Sạc nhanh 25W ; 7.6 x 163.7 x 76.1 mm 
Điện thoại Samsung Galaxy A23 4GB/128GB Xanh;4.890.000đ;https://www.nguyenkim.com/dien-thoai-samsung-galaxy-a23-4gb-128gb-xanh.html;https://www.nguyenkim.com/dien-thoai-samsung-galaxy-a23-4gb-128gb-xanh.html; SM-A235F/DS ; Xanh ; Samsung ; Việt Nam ;; 12 tháng ; Nguyễn Kim ;; Snapdragon 680 (SM6225) (8 nhân) ; 4GB ; 128GB ; Hỗ trợ thẻ nhớ lên đến 1TB ;; FHD+ Infinity-V 90Hz ; 6.6 " ;; 8.0MP ; 50MP với chế độ quay chụp OIS sắc nét + Chụp Góc Siêu Rộng 5MP + Xoá phông 2MP + Macro 2MP ;;;;;;;;;; 5000 mAh  Sạc nhanh 25W ;;;;;;;
Điện thoại Samsung A53 5G 128GB Xanh;7.990.000đ;https://www.nguyenkim.com/dien-thoai-samsung-a53-5g-128gb-xanh.html;https://www.nguyenkim.com/dien-thoai-samsung-a53-5g-128gb-xanh.html; SM-A536E/DS ; Xanh ; Samsung ; Việt Nam ;; 12 tháng ; Nguyễn Kim ;; Exynos 1280 (8 nhân) ; 8GB ; 128GB ; Hỗ trợ thẻ nhớ lên đến 1TB ;; FHD+ Infinity-O Super AMOLED 120Hz ; 6.5 " ;; 32.0MP ; 64MP với chế độ quay chụp OIS sắc nét + Chụp Góc Siêu Rộng 12MP + Xoá phông 5MP + Macro 5MP ;;; Kết nối 5G ;;;;;;; 5 000 mAh Sạc nhanh 25W ; Mở khóa vân tay trên màn hình ;;;;;;
Điện thoại OPPO A16K 3GB/32GB Xanh;3.150.000đ;https://www.nguyenkim.com/dien-thoai-oppo-a16k-xanh.html;https://www.nguyenkim.com/dien-thoai-oppo-a16k-xanh.html; A16K (CPH2349) ; Xanh ; OPPO ; Trung Quốc ; 2021 ; 12 tháng ; Nguyễn Kim ; ColorOS 11  nền tảng Android 11 ; Helio G35 8 nhân  tối đa 2.3GHz ; 3GB ; 32GB ; Hỗ trợ thẻ nhớ tối đa 1TB ;; LCD  Corning Gorilla Glass 3  màn hình giọt nước  16 triệu màu ; 6.52 " ; (HD+) 720 x 1600 pixels ; 5 MP ; 13 MP ; Đèn flash sau ;;; Dual nano-SIM + 1 khe thẻ nhớ ; 2.4G/5G  802.11 a/b/g/n/ac ; 5.0 ; Có ;;; 4230mAh (Typ) ;;;;;;; 164 x 75.4 x 7.85 mm 
Điện thoại Samsung A73 8GB/128GB Xám;11.190.000đ;https://www.nguyenkim.com/dien-thoai-samsung-a73-8gb-128gb-xam.html;https://www.nguyenkim.com/dien-thoai-samsung-a73-8gb-128gb-xam.html; A336 A736 ; Xám ; Samsung ; Việt Nam ;; 12 Tháng ; Nguyễn Kim ; Android 12 ;; 8 GB ; 128 GB ;;; Infinity-O Display ; 6.7” " ; 	FHD+ (2400x1080) pixels ; 32 MP ; 108 MP + 12 MP+ 5 MP+ 5 MP ;;;; Nano SIM ;;;;;; 5 000 mAh ; On-Screen Fingerprint ;;;;; Sạc nhanh 25W ;
Điện thoại Vivo Y15s 3GB/32GB Trắng Xanh;2.650.000đ;https://www.nguyenkim.com/dien-thoai-vivo-y15s-3gb-32gb-trang-xanh.html;https://www.nguyenkim.com/dien-thoai-vivo-y15s-3gb-32gb-trang-xanh.html; Y15s (V2120) ; Trắng Xanh ; Vivo ; Trung Quốc ;; 12 tháng ; Nguyễn Kim ; Funtouch OS 11.1 (Tùy biến trên Android 11 (Go Edition) ; MediaTek Helio P35  ; 3GB	 ; 32GB  ;; Cảm ứng điện dung đa điểm  ; LCD (IPS) ; 6.51 " ; HD+ 1600*720 pixels ; f/2.0 (8MP) ; f/2.2 (13MP) + f/2.4 (2MP) ; Đèn Flash camera sau ;;;; 2.4GHz /5GHz  ; Bluetooth 5.0 ; Hỗ trợ ; Micro USB (USB 2.0)	 ;; 5000mAh (TYP)  ;;;;;;; 163.96 x 75.2 x 8.28 mm 
Điện thoại Samsung A53 5G 128GB Đen;7.990.000đ;https://www.nguyenkim.com/dien-thoai-samsung-a53-5g-128gb-den.html;https://www.nguyenkim.com/dien-thoai-samsung-a53-5g-128gb-den.html; SM-A536E/DS ; Đen ; Samsung ; Việt Nam ;; 12 tháng ; Nguyễn Kim ;; Exynos 1280 (8 nhân) ; 8GB ; 128GB ; Hỗ trợ thẻ nhớ lên đến 1TB ;; FHD+ Infinity-O Super AMOLED 120Hz ; 6.5 " ;; 32.0MP ; 64MP với chế độ quay chụp OIS sắc nét + Chụp Góc Siêu Rộng 12MP + Xoá phông 5MP + Macro 5MP ;;; Kết nối 5G ;;;;;;; 5 000 mAh Sạc nhanh 25W ; Mở khóa vân tay trên màn hình ;;;;;;
Điện thoại OPPO A55 4GB/64GB Đen;4.190.000đ;https://www.nguyenkim.com/dien-thoai-oppo-a55-4gb-64gb-den.html;https://www.nguyenkim.com/dien-thoai-oppo-a55-4gb-64gb-den.html; A55 (CPH2325) ; Đen ; OPPO ; Trung Quốc ;; 12 tháng ; Nguyễn Kim ; ColorOS 11.1  nền tảng Android 11 ; Helio G35  tối đa 2.3GHz ; 4GB ; 64GB ; Hỗ trợ thẻ nhớ tối đa 256GB ;; LCD  màn hình chấm "O"  Kính cường lực NEG T2X-1  16 triệu màu ; 6.5 " ; HD+ 720 x 1600 pixels ; 16 MP ; 50 MP (chính) + 2 MP (marco) + 2 MP (xóa phông) ; Đèn flash sau ;;;; 2.4G/5G  802.11 a/b/g/n/ac ; 5.0 ; Có ;;; 5000mAh (Typ)  Sạc 18W ; Cảm biến vân tay (cạnh bên) ;;;;;; 163.6 x 75.7 x 8.4 mm 
Điện thoại Nokia C30 3GB/32GB Xanh Lục;2.650.000đ;https://www.nguyenkim.com/dien-thoai-nokia-c30-3gb-32gb-xanh-luc.html;https://www.nguyenkim.com/dien-thoai-nokia-c30-3gb-32gb-xanh-luc.html; NOKIAC30 ; Xanh ; Nokia ; Trung Quốc ;; 12 Tháng ; Nguyễn Kim ; Android 11 (Go Edition) ;; 3GB ; 32 GB ;; Mặt kính cong 2.5D ;; 6.82 " ; HD+ (720 x 1600) pixels ; 5 MP ; Chính 13 MP & Phụ 2 MP ;;;;;;;;;; 6000 mAh ;;;;;;; Dài 177.7 mm - Ngang 79.1 mm - Dày 9.9 mm mm 
Điện thoại Oppo A95 8GB/128GB Bạc;5.990.000đ;https://www.nguyenkim.com/dien-thoai-oppo-a95-bac.html;https://www.nguyenkim.com/dien-thoai-oppo-a95-bac.html; A95 (CPH2365) ; Bạc ; OPPO ; Trung Quốc ;; 12 tháng ; Nguyễn Kim ; ColorOS 11.1  nền tảng Android 11 ; Qualcomm Snapdragon 662  tối đa 2.0GHz ; 8GB ; 128GB ; Hỗ trợ thẻ nhớ tối đa 256GB ;; màn hình chấm O  AMOLED  Kính cường lực Schott X-UP  16 triệu màu ; 6.43 " ; 1080 x 2400 (FHD+) pixels ; 16 MP ; 48 MP (chính) + 2 MP (chiều sâu) + 2 MP (marco) ; Đèn flash sau ;;;; 2.4G/5G  802.11 a/b/g/n/ac ; 5.0 ; Có ;;; 5000mAh (Typ)  Sạc 33W ; Cảm biến vân tay trong màn hình ;;;;;; 160.3 x 73.8 x 7.95 mm 
Điện thoại Xiaomi Redmi Note 11 Pro 8GB/128GB Xám;6.990.000đ;https://www.nguyenkim.com/dien-thoai-xiaomi-redmi-note-11pro-8gb-128gb-xam.html;https://www.nguyenkim.com/dien-thoai-xiaomi-redmi-note-11pro-8gb-128gb-xam.html; REDMINOTE11PRO5G ; Xám ; Xiaomi ; Trung Quốc ;; 18 tháng ; Nguyễn Kim ; Android 11 ;; 8GB ; 128GB ;;; Super AMOLED ; 6.67" " ;; 16MP ; 108MP+ 8MP+ 2MP+ 2MP ;;;;;;;;;; 5000 mAh ;;;;;; sạc nhanh 67W ;
Điện thoại OPPO A55 4GB/64GB Xanh;4.190.000đ;https://www.nguyenkim.com/dien-thoai-oppo-a55-4gb-64gb-xanh.html;https://www.nguyenkim.com/dien-thoai-oppo-a55-4gb-64gb-xanh.html; A55 (CPH2325) ; Xanh ; OPPO ; Trung Quốc ;; 12 tháng ; Nguyễn Kim ; ColorOS 11.1  nền tảng Android 11 ; Helio G35  tối đa 2.3GHz ; 4GB ; 64GB ; Hỗ trợ thẻ nhớ tối đa 256GB ;; LCD  màn hình chấm "O"  Kính cường lực NEG T2X-1  16 triệu màu ; 6.5 " ; HD+ 720 x 1600 pixels ; 16 MP ; 50 MP (chính) + 2 MP (marco) + 2 MP (xóa phông) ; Đèn flash sau ;;;; 2.4G/5G  802.11 a/b/g/n/ac ; 5.0 ; Có ;;; 5000mAh (Typ)  Sạc 18W ; Cảm biến vân tay (cạnh bên) ;;;;;; 163.6 x 75.7 x 8.4 mm 
Điện thoại OPPO A55 4GB/64GB Xanh;4.190.000đ;https://www.nguyenkim.com/dien-thoai-oppo-a55-4gb-64gb-xanh.html;https://www.nguyenkim.com/dien-thoai-oppo-a55-4gb-64gb-xanh.html; A55 (CPH2325) ; Xanh ; OPPO ; Trung Quốc ;; 12 tháng ; Nguyễn Kim ; ColorOS 11.1  nền tảng Android 11 ; Helio G35  tối đa 2.3GHz ; 4GB ; 64GB ; Hỗ trợ thẻ nhớ tối đa 256GB ;; LCD  màn hình chấm "O"  Kính cường lực NEG T2X-1  16 triệu màu ; 6.5 " ; HD+ 720 x 1600 pixels ; 16 MP ; 50 MP (chính) + 2 MP (marco) + 2 MP (xóa phông) ; Đèn flash sau ;;;; 2.4G/5G  802.11 a/b/g/n/ac ; 5.0 ; Có ;;; 5000mAh (Typ)  Sạc 18W ; Cảm biến vân tay (cạnh bên) ;;;;;; 163.6 x 75.7 x 8.4 mm 
Điện thoại OPPO A76 6GB/128GB Xanh;5.490.000đ;https://www.nguyenkim.com/dien-thoai-oppo-a76-6gb-128gb-xanh.html;https://www.nguyenkim.com/dien-thoai-oppo-a76-6gb-128gb-xanh.html; CPH2375 - A76 ; Xanh ; OPPO ; Trung Quốc ;; 12 tháng ; Nguyễn Kim ; ColorOS 11.1  nền tảng Android 11 ; Qualcomm Snapdragon 680  tối đa 2.4GHz ; 6GB ; 128GB ; Hỗ trợ thẻ nhớ tối đa 1TB ;; Màn hình chấm O  LCD  90Hz  Kính cường lực AGC DT-Pro  16 triệu màu ; 6.56 " ; (HD+) 720 x 1612 pixels ; 8 MP ; 13 MP (chính) + 2 MP (đơn sắc) ; Đèn flash sau ;;;; 2.4G/5G  802.11 a/b/g/n/ac ; 5.0 ; Có ;; Có ; 5000mAh (Typ) ; Cảm biến vân tay cạnh bên ;;;;;; 164.4 x 75.7 x 8.4 mm 
Điện thoại OPPO Reno7 Z 5G Đen;9.490.000đ;https://www.nguyenkim.com/dien-thoai-oppo-reno7-z-5g-den.html;https://www.nguyenkim.com/dien-thoai-oppo-reno7-z-5g-den.html; CPH2343 - RENO7Z 5G ; Đen ; OPPO ; Trung Quốc ;; 12 tháng ; Nguyễn Kim ; ColorOS 12  nền tảng Android 11 ; Qualcomm Snapdragon 695 5G  tối đa 2.2GHz ; 8GB ; 128GB ;;; Màn hình đục lỗ  AMOLED  60Hz  Kính cường lực Schott X-UP  16 triệu màu ; 6.43 " ; (FHD+) 1080 x 2400 pixels ; 16MP ; 64MP (Chính) + 2MP (Mono) + 2MP (Marco) ; Đèn flash sau ;;;; Wifi 2.4G/5G  802.11 a/b/g/n/ac ; 5.1 ; Có ;; Có ; 4500mAh (Typ)  Siêu sạc nhanh superVOOC 33W ; Cảm biến vân tay (dưới màn hình) ;;;;;; 159.9 x 73.2 x 7.49 mm 
Điện thoại OPPO A76 6GB/128GB Đen;5.490.000đ;https://www.nguyenkim.com/dien-thoai-oppo-a76-6gb-128gb-den.html;https://www.nguyenkim.com/dien-thoai-oppo-a76-6gb-128gb-den.html; CPH2375 - A76 ; Đen ; OPPO ; Trung Quốc ;; 12 tháng ; Nguyễn Kim ; ColorOS 11.1  nền tảng Android 11 ; Qualcomm Snapdragon 680  tối đa 2.4GHz ; 6GB ; 128GB ; Hỗ trợ thẻ nhớ tối đa 1TB ;; Màn hình chấm O  LCD  90Hz  Kính cường lực AGC DT-Pro  16 triệu màu ; 6.56 " ; (HD+) 720 x 1612 pixels ; 8 MP ; 13 MP (chính) + 2 MP (đơn sắc) ; Đèn flash sau ;;;; 2.4G/5G  802.11 a/b/g/n/ac ; 5.0 ; Có ;; Có ; 5000mAh (Typ) ; Cảm biến vân tay cạnh bên ;;;;;; 164.4 x 75.7 x 8.4 mm 
Điện thoại iPhone 11 64GB Tím;10.690.000đ;https://www.nguyenkim.com/dien-thoai-iphone-11-64gb-tim-vi-2.html;https://www.nguyenkim.com/dien-thoai-iphone-11-64gb-tim-vi-2.html; IPHONE1164GB ; Tím ; Apple ; Trung Quốc ; 2019 ; 12 tháng ; Nguyễn Kim ; iOS 13 ; Apple A13 Bionic 6 nhân ; 4 GB ; 64 GB ;; Có ; Liquid Retina HD display ; 6.1 " ; 1792x828 pixels ; 12 MP  ƒ/2.2 aperture ; Dual 12MP Ultra Wide và Wide cameras ; Có ;;; Nano-SIM + eSIM ; 802.11ax Wi‑Fi 6  2x2 MIMO ; 5 ;;;;;;;;;; Face ID  Đèn pin  Apple Pay  Dolby Audio™  Sạc pin cho thiết bị khác  Chuẩn Kháng nước  Chuẩn kháng bụi  Sạc pin nhanh  Sạc pin không dây ;
Điện thoại Samsung Galaxy A52s 5G 8GB/128GB Tím;10.990.000đ;https://www.nguyenkim.com/dien-thoai-samsung-galaxy-a52s-5g-8gb-128gb-tim.html;https://www.nguyenkim.com/dien-thoai-samsung-galaxy-a52s-5g-8gb-128gb-tim.html; SM-A528B/DS ; Tím ; Samsung ; Việt Nam ;; 12 tháng ; Nguyễn Kim ; Android 11 ; Qualcomm Snapdragon 778G 5G (6 nm) ; 8GB ; 128GB ;;; Infinity-O Display ; 6.5 " ;; 32 MP ; Chính 64 MP 12MP 5MP 5MP ;;;; Nano SIM ;;;;;; 4500 mAh  25W sạc nhanh ;;;;;;;
Điện thoại OPPO Reno7 Z 5G Bạc;9.490.000đ;https://www.nguyenkim.com/dien-thoai-oppo-reno7-z-5g-bac.html;https://www.nguyenkim.com/dien-thoai-oppo-reno7-z-5g-bac.html; CPH2343 - RENO7Z 5G ; Bạc ; OPPO ; Trung Quốc ;; 12 tháng ; Nguyễn Kim ; ColorOS 12  nền tảng Android 11 ; Qualcomm Snapdragon 695 5G  tối đa 2.2GHz ; 8GB ; 128GB ;;; Màn hình đục lỗ  AMOLED  60Hz  Kính cường lực Schott X-UP  16 triệu màu ; 6.43 " ; (FHD+) 1080 x 2400 pixels ; 16MP ; 64MP (Chính) + 2MP (Mono) + 2MP (Marco) ; Đèn flash sau ;;;; Wifi 2.4G/5G  802.11 a/b/g/n/ac ; 5.1 ; Có ;; Có ; 4500mAh (Typ)  Siêu sạc nhanh superVOOC 33W ; Cảm biến vân tay (dưới màn hình) ;;;;;; 159.9 x 73.2 x 7.49 mm 
Điện thoại Vivo Y21s 4GB/128GB Trắng;3.890.000đ;https://www.nguyenkim.com/dien-thoai-vivo-y21s-4gb-128gb-trang.html;https://www.nguyenkim.com/dien-thoai-vivo-y21s-4gb-128gb-trang.html; Y21s (V2110) ; Trắng ; Vivo ; Trung Quốc ;; 12 tháng ; Nguyễn Kim ; Funtouch OS 11.1 (Tuỳ biến trên Android 11) ; Mediatek Helio G80  ; 4GB ; 128GB ;; Cảm ứng điện dung đa điểm  ; LCD  ; 6.51 " ; HD+ (1600*720)  pixels ; 8MP ; 50MP + 2MP + 2MP ; Đèn Flash camera sau ;;;; 2.4GHz / 5GHz  ; Bluetooth 5.0	 ; Hỗ trợ ; Type-C  ;; 5000mAh (TYP)  Sạc Siêu Tốc 18W ; Mở khóa vân tay ;;;;;; 164.26 x 76.08 x 8.00 mm 
Điện thoại Oppo A95 8GB/128GB Đen;5.990.000đ;https://www.nguyenkim.com/dien-thoai-oppo-a95-den.html;https://www.nguyenkim.com/dien-thoai-oppo-a95-den.html; A95 (CPH2365) ; Đen ; OPPO ; Trung Quốc ;; 12 tháng ; Nguyễn Kim ; ColorOS 11.1  nền tảng Android 11 ; Qualcomm Snapdragon 662  tối đa 2.0GHz ; 8GB ; 128GB ; Hỗ trợ thẻ nhớ tối đa 256GB ;; màn hình chấm O  AMOLED  Kính cường lực Schott X-UP  16 triệu màu ; 6.43 " ; 1080 x 2400 (FHD+) pixels ; 16 MP ; 48 MP (chính) + 2 MP (chiều sâu) + 2 MP (marco) ; Đèn flash sau ;;;; 2.4G/5G  802.11 a/b/g/n/ac ; 5.0 ; Có ;;; 5000mAh (Typ)  Sạc 33W ; Cảm biến vân tay trong màn hình ;;;;;; 160.3 x 73.8 x 7.95 mm 
Điện thoại Samsung Galaxy A03 32GB Đỏ;2.650.000đ;https://www.nguyenkim.com/dien-thoai-samsung-galaxy-a03-32gb-do.html;https://www.nguyenkim.com/dien-thoai-samsung-galaxy-a03-32gb-do.html; A03 (SM-A035F/DS) ; Đỏ ; Samsung ; Việt Nam ;; 12 tháng ; Nguyễn Kim ;;;; 32GB ;;; Infinity-V TFT LCD 209 ; 6.5 " ; HD+ (720x1600) pixels ; 5MP F2.2 ; 48MP F1.8 (Main)  2MP F2.4 (Depth) ;;;;;;;;;; 5000mAh ;;;;;;;
Điện thoại Vivo Y33s 8GB/128GB Đen;4.500.000đ;https://www.nguyenkim.com/dien-thoai-vivo-y33s-8gb-128gb-den.html;https://www.nguyenkim.com/dien-thoai-vivo-y33s-8gb-128gb-den.html; V2109 - Y33S ; Đen ; Vivo ; Trung Quốc ;; 12 tháng ; Nguyễn Kim ; Funtouch OS 11.1 (Tuỳ biến trên Android 11) ; MediaTek Helio G80 ; 8GB ; 128GB ;; Cảm ứng điện dung đa điểm ; LCD ; 6.58 " ; FHD+ (2408×1080) pixels ; 16MP ; 50MP + 2MP + 2MP ; Đèn Flash camera sau ;;;; 2.4GHz /5GHz ; Bluetooth 5.0 ; Hỗ trợ ; Type-C ;; 5000mAh (TYP)  Sạc Siêu Tốc 18W ; Mở khóa vân tay ;;;;;; 164.26x76.08x8.00 mm 
Điện thoại Vivo V23e 8GB/128GB Đen;5.990.000đ;https://www.nguyenkim.com/dien-thoai-vivo-v23e-8gb-128gb-den.html;https://www.nguyenkim.com/dien-thoai-vivo-v23e-8gb-128gb-den.html; V23e (V2116) ; Đen ; Vivo ; Trung Quốc ;; 12 tháng ; Nguyễn Kim ; Funtouch OS 12 (Tùy biến trên Android 11) ; MediaTek Helio G96 ; 8GB ; 128GB ;; Cảm ứng điện dung đa điểm ; AMOLED	 ; 6.44 " ; FHD+ 2400×1080 pixels ; 50MP ; 64MP AF + 8MP (Góc siêu rộng) + 2MP (Siêu cận) ; Đèn Flash camera sau ;;; 1 Nano SIM + 1 Nano SIM / 1 thẻ nhớ Micro SD ; 2.4GHz  5GHz ; Bluetooth 5.2 ; Hỗ trợ  ; Type-C ;; 4050mAh (TYP) ; Mở Khóa Vân Tay Dưới Màn Hình	 ;;;;;; 160.87 x 74.28 x 7.36 mm 
Điện thoại Vivo Y21 4GB/64GB Trắng;3.690.000đ;https://www.nguyenkim.com/dien-thoai-vivo-y21-4gb-64gb-trang.html;https://www.nguyenkim.com/dien-thoai-vivo-y21-4gb-64gb-trang.html; Y21 (V2111) ; Trắng ; Vivo ; Trung Quốc ;; 12 tháng ; Nguyễn Kim ;; Mediatek Helio P35  ; 4GB  ; 64GB  ;; LCD	 ; Cảm ứng điện dung đa điểm  ; 6.51 " ; 1600*720 (HD+) pixels ; 8MP ; 13MP + 2MP ; Đèn Flash camera sau  ;;;; 2.4GHz / 5GHz  ; Bluetooth 5.0  ; Hỗ trợ  ; Type-C  ;; 5000mAh (TYP)  Sạc Siêu Tốc 18W ;;;;;;; 164.26 x 76.08 x 8.00  mm 
Điện thoại Vivo V23e 8GB/128GB Xanh Hồng;5.990.000đ;https://www.nguyenkim.com/dien-thoai-vivo-v23e-8gb-128gb-xanh-hong.html;https://www.nguyenkim.com/dien-thoai-vivo-v23e-8gb-128gb-xanh-hong.html; V23e (V2116) ; Xanh Hồng ; Vivo ; Trung Quốc ;; 12 tháng ; Nguyễn Kim ; Funtouch OS 12 (Tùy biến trên Android 11) ; MediaTek Helio G96 ; 8GB ; 128GB ;; Cảm ứng điện dung đa điểm ; AMOLED	 ; 6.44 " ; FHD+ 2400×1080 pixels ; 50MP ; 64MP AF + 8MP (Góc siêu rộng) + 2MP (Siêu cận) ; Đèn Flash camera sau ;;; 1 Nano SIM + 1 Nano SIM / 1 thẻ nhớ Micro SD ; 2.4GHz  5GHz ; Bluetooth 5.2 ; Hỗ trợ  ; Type-C ;; 4050mAh (TYP) ; Mở Khóa Vân Tay Dưới Màn Hình	 ;;;;;; 160.87 x 74.28 x 7.41 mm 
Điện thoại Samsung Galaxy A13 4GB/128GB Cam;3.850.000đ;https://www.nguyenkim.com/dien-thoai-samsung-galaxy-a13-4gb-128gb-cam.html;https://www.nguyenkim.com/dien-thoai-samsung-galaxy-a13-4gb-128gb-cam.html; SM-A135F/DS ; Cam ; Samsung ; Việt Nam ;; 12 tháng ; Nguyễn Kim ;; Exynos850 (8 nhân) ; 4GB ; 128GB ; Hỗ trợ thẻ nhớ lên đến 1TB ;; FHD+ Infinity-V ; 6.6 " ;; 8MP ; Sau 50MP + Chụp Góc Siêu Rộng 5MP + Xoá phông 2MP + Macro 2MP ;;;;;;;;;; 5000 mAh  Sạc nhanh 15W ;;;;;;;
Điện thoại OPPO Reno7 4G 8GB/128GB Đen;7.690.000đ;https://www.nguyenkim.com/dien-thoai-oppo-reno7-4g-8gb-128gb-den.html;https://www.nguyenkim.com/dien-thoai-oppo-reno7-4g-8gb-128gb-den.html; RENO74G ; Đen ; OPPO ; Trung Quốc ; 2022 ; 12 Tháng ; Nguyễn Kim ; Android 12  ColorOS 12.1 ; Qualcomm Snapdragon 680  tối đa 2.4GHz ; 	8GB ; 	128GB ;;; AMOLED ; 6.4 " ; 	FHD+ (2400x1080) pixels ; 32MP ; 64MP(Chính) + 2MP(Marco) + 2MP(Bokeh) ; Có ;;; Nano-SIM CARD  Nano-USIM CARD ; Wi-Fi 5 (802.11ac) ; Bluetooth v5.1 ; GPS  A-GPS  BeiDou  GLONASS  GALILEO  hệ thống định vị QZSS có hỗ trợ ; 	USB Type-C ; Có ; 4500 mAh ; 	Cảm ứng vân tay dưới màn hình  nhận diện khuôn mặt ; Thiết kế da sợi thủy tinh  Thiết kế cổ điển siêu mỏng ;;;;;
Điện thoại Xiaomi Redmi Note 11 4GB/64GB Xanh Dương Đậm;4.390.000đ;https://www.nguyenkim.com/dien-thoai-xiaomi-redmi-note-11-4gb-64gb-xanh-duong-dam.html;https://www.nguyenkim.com/dien-thoai-xiaomi-redmi-note-11-4gb-64gb-xanh-duong-dam.html; Redmi Note 11 ; Xanh dương đậm ; Xiaomi ; Trung Quốc ; 2022 ; 18 tháng ; Nguyễn Kim ; Android 11 ; Snapdragon 680 8 nhân ; 4 GB ; 64 GB ;; Có ; AMOLED ; 6.43 " ; Full HD+ 1080 x 2400 pixels ; 13 MP ; Camera góc rộng 50 MP  f/1.8  PDAF  Camera góc siêu rộng 8 MP  Camera Macro 2MP f/2.4  Camera chân dung 2MP ; Có ; FullHD 1080p@30fps ; Có hỗ trợ ; 2 Nano SIM ; 	Wi-Fi 802.11 a/b/g/n/ac  Wi-Fi Direct ; 	v5.0 ; BDS  GALILEO  GLONASS  GPS ; Type-C  ; Có ; 5000 mAh ; Mở khoá khuôn mặt  Mở khoá vân tay cạnh viền ; Nguyên khối ;;;;; Dài 159.8 mm - Ngang 73.87 mm - Dày 8.09 mm 
Điện thoại Samsung A53 5G 128GB Trắng;7.990.000đ;https://www.nguyenkim.com/dien-thoai-samsung-a53-5g-128gb-trang.html;https://www.nguyenkim.com/dien-thoai-samsung-a53-5g-128gb-trang.html; SM-A536E/DS ; Trắng ; Samsung ; Việt Nam ;; 12 tháng ; Nguyễn Kim ;; Exynos 1280 (8 nhân) ; 8GB ; 128GB ; Hỗ trợ thẻ nhớ lên đến 1TB ;; FHD+ Infinity-O Super AMOLED 120Hz ; 6.5 " ;; 32.0MP ; 64MP với chế độ quay chụp OIS sắc nét + Chụp Góc Siêu Rộng 12MP + Xoá phông 5MP + Macro 5MP ;;; Kết nối 5G ;;;;;;; 5 000 mAh Sạc nhanh 25W ; Mở khóa vân tay trên màn hình ;;;;;;
Điện thoại Xiaomi Redmi Note 11 Pro 8GB/128GB Xanh Dương;6.990.000đ;https://www.nguyenkim.com/dien-thoai-xiaomi-redmi-note-11pro-8gb-128gb-xanh-duong.html;https://www.nguyenkim.com/dien-thoai-xiaomi-redmi-note-11pro-8gb-128gb-xanh-duong.html; REDMINOTE11PRO5G ; Xanh dương ; Xiaomi ; Trung Quốc ;; 18 tháng ; Nguyễn Kim ; Android 11 ;; 8GB ; 128GB ;;; Super AMOLED ; 6.67" " ;; 16MP ; 108MP+ 8MP+ 2MP+ 2MP ;;;;;;;;;; 5000 mAh ;;;;;; sạc nhanh 67W ;
Điện thoại iPhone 13 Pro Max 128GB Xanh Dương;27.990.000đ;https://www.nguyenkim.com/iphone-13-pro-max-128gb-xanh-duong.html;https://www.nguyenkim.com/iphone-13-pro-max-128gb-xanh-duong.html; iPhone 13 Pro Max 128GB ; Xanh Dương ; Apple ; Trung Quốc ; 2021 ; 12 tháng ; Nguyễn Kim ; iOS 15 ; Apple A15 Bionic ; 6GB ; 128GB ;;; OLED ; 6.7 " ; 1284 x 2778 pixels ; 12MP ; 12MP-12MP-12MP ;;;;;;;;;;; Face ID ; Nguyên khối  Khung thép không gỉ & Mặt lưng kính cường lực ;;;;;
Điện thoại OPPO A16K 3GB/32GB Đen;3.150.000đ;https://www.nguyenkim.com/dien-thoai-oppo-a16k-den.html;https://www.nguyenkim.com/dien-thoai-oppo-a16k-den.html; A16K (CPH2349) ; Đen ; OPPO ; Trung Quốc ; 2021 ; 12 tháng ; Nguyễn Kim ; ColorOS 11  nền tảng Android 11 ; Helio G35 8 nhân  tối đa 2.3GHz ; 3GB ; 32GB ; Hỗ trợ thẻ nhớ tối đa 1TB ;; LCD  Corning Gorilla Glass 3  màn hình giọt nước  16 triệu màu ; 6.52 " ; (HD+) 720 x 1600 pixels ; 5 MP ; 13 MP ; Đèn flash sau ;;; Dual nano-SIM + 1 khe thẻ nhớ ; 2.4G/5G  802.11 a/b/g/n/ac ; 5.0 ; Có ;;; 4230mAh (Typ) ;;;;;;; 164 x 75.4 x 7.85 mm 
Điện thoại Vivo Y21s 6GB/128GB Trắng;4.290.000đ;https://www.nguyenkim.com/dien-thoai-vivo-y21s-6gb-128gb-trang.html;https://www.nguyenkim.com/dien-thoai-vivo-y21s-6gb-128gb-trang.html; Y21s (V2110) ; Trắng ; Vivo ; Trung Quốc ;; 12 tháng ; Nguyễn Kim ; Funtouch OS 11.1 (Tuỳ biến trên Android 11) ; Mediatek Helio G80  ; 6GB ; 128GB ;; Cảm ứng điện dung đa điểm  ; LCD  ; 6.51 " ; HD+ (1600*720)  pixels ; 8MP ; 50MP + 2MP + 2MP ; Đèn Flash camera sau ;;;; 2.4GHz / 5GHz  ; Bluetooth 5.0	 ; Hỗ trợ ; Type-C  ;; 5000mAh (TYP)  Sạc Siêu Tốc 18W ; Mở khóa vân tay ;;;;;; 164.26 x 76.08 x 8.00 mm 
Điện thoại Vivo Y21s 6GB/128GB Trắng;4.290.000đ;https://www.nguyenkim.com/dien-thoai-vivo-y21s-6gb-128gb-trang.html;https://www.nguyenkim.com/dien-thoai-vivo-y21s-6gb-128gb-trang.html; Y21s (V2110) ; Trắng ; Vivo ; Trung Quốc ;; 12 tháng ; Nguyễn Kim ; Funtouch OS 11.1 (Tuỳ biến trên Android 11) ; Mediatek Helio G80  ; 6GB ; 128GB ;; Cảm ứng điện dung đa điểm  ; LCD  ; 6.51 " ; HD+ (1600*720)  pixels ; 8MP ; 50MP + 2MP + 2MP ; Đèn Flash camera sau ;;;; 2.4GHz / 5GHz  ; Bluetooth 5.0	 ; Hỗ trợ ; Type-C  ;; 5000mAh (TYP)  Sạc Siêu Tốc 18W ; Mở khóa vân tay ;;;;;; 164.26 x 76.08 x 8.00 mm 
Điện thoại Samsung A33 5G 6GB/128GB Cam;6.590.000đ;https://www.nguyenkim.com/dien-thoai-samsung-a33-5g-6gb-128gb-cam.html;https://www.nguyenkim.com/dien-thoai-samsung-a33-5g-6gb-128gb-cam.html; SM-A336E/DS ; Cam ; Samsung ; Việt Nam ;; 12 Tháng ; Nguyễn Kim ; 	Android ;; 6GB ; 128GB ; MicroSD ;; Super AMOLED ; 6 4" " ; FHD +(1080 x 2400 ) pixels ; 13.0 MP ; 48.0 MP + 8.0 MP + 5.0 MP + 2.0 MP ; Không ; UHD 4K (3840 x 2160) @ 30 khung hình / giây ; 	Hỗ trợ 5G ; 2 sim ; 802.11 a / b / g / n / ac 2.4G + 5GHz  VHT80 ; Bluetooth v5.1 ;; USB 2.0 ;;;;;;;;; Cao 159 7 x Rộng 74 0 x Dày 8 1 mm 
Điện thoại Vivo Y21 4GB/64GB Xanh Tím;3.690.000đ;https://www.nguyenkim.com/dien-thoai-vivo-y21-4gb-64gb-xanh-tim.html;https://www.nguyenkim.com/dien-thoai-vivo-y21-4gb-64gb-xanh-tim.html; Y21 (V2111) ; Xanh Tím ; Vivo ; Trung Quốc ;; 12 tháng ; Nguyễn Kim ;; Mediatek Helio P35  ; 4GB  ; 64GB  ;; LCD	 ; Cảm ứng điện dung đa điểm  ; 6.51 " ; 1600*720 (HD+) pixels ; 8MP ; 13MP + 2MP ; Đèn Flash camera sau  ;;;; 2.4GHz / 5GHz  ; Bluetooth 5.0  ; Hỗ trợ  ; Type-C  ;; 5000mAh (TYP)  Sạc Siêu Tốc 18W ;;;;;;; 164.26 x 76.08 x 8.00  mm 
Điện thoại Vivo Y33s 8GB/128GB Xanh Hồng;4.500.000đ;https://www.nguyenkim.com/dien-thoai-vivo-y33s-8gb-128gb-xanh-hong.html;https://www.nguyenkim.com/dien-thoai-vivo-y33s-8gb-128gb-xanh-hong.html; V2109 - Y33S ; Xanh Hồng ; Vivo ; Trung Quốc ;; 12 tháng ; Nguyễn Kim ; Funtouch OS 11.1 (Tuỳ biến trên Android 11) ; MediaTek Helio G80 ; 8GB ; 128GB ;; Cảm ứng điện dung đa điểm ; LCD ; 6.58 " ; FHD+ (2408×1080) pixels ; 16MP ; 50MP + 2MP + 2MP ; Đèn Flash camera sau ;;;; 2.4GHz /5GHz ; Bluetooth 5.0 ; Hỗ trợ ; Type-C ;; 5000mAh (TYP)  Sạc Siêu Tốc 18W ; Mở khóa vân tay ;;;;;; 164.26x76.08x8.00 mm 
Điện thoại iPhone 13 Pro Max 128GB Vàng Đồng;27.990.000đ;https://www.nguyenkim.com/iphone-13-pro-max-128gb-vang-dong.html;https://www.nguyenkim.com/iphone-13-pro-max-128gb-vang-dong.html; iPhone 13 Pro Max 128GB ; Vàng Đồng ; Apple ; Trung Quốc ; 2021 ; 12 tháng ; Nguyễn Kim ; iOS 15 ; Apple A15 Bionic ; 6GB ; 128GB ;;; OLED ; 6.7 " ; 1284 x 2778 pixels ; 12MP ; 12MP-12MP-12MP ;;;;;;;;;;; Face ID ; Nguyên khối  Khung thép không gỉ & Mặt lưng kính cường lực ;;;;;
Điện thoại Nokia 110 4G Xanh;850.000đ;https://www.nguyenkim.com/dien-thoai-nokia-110-4g-xanh.html;https://www.nguyenkim.com/dien-thoai-nokia-110-4g-xanh.html; NOKIA1104GDS ; Xanh ; Nokia ; Trung Quốc ;; 12 Tháng ; Nguyễn Kim ; Series 30+ ; Unisoc T107 ; 48 MB ; 128 MB ;;; TFT LCD ; 1.8 " ; QQVGA (120 x 160) pixels ;; 0.08 MP ; Có ;; Có ; 2 Nano SIM ;;;;; Có ; 1020 mAh  sạc 2.75W ;;;;;; Đèn pin  Trò chơi  Tiếng Anh với Oxford (từ Dữ liệu gốc)/Internet  Đài FM (chế độ kép có dây & không dây)  Máy nghe nhạc MP3 ; 121 x 50 x 14.5 mm 
Điện thoại Nokia 110 4G Vàng;850.000đ;https://www.nguyenkim.com/dien-thoai-nokia-110-4g-vang.html;https://www.nguyenkim.com/dien-thoai-nokia-110-4g-vang.html; NOKIA1104GDS ; Vàng ; Nokia ; Trung Quốc ;; 12 Tháng ; Nguyễn Kim ; Series 30+ ; Unisoc T107 ; 48 MB ; 128 MB ;;; TFT LCD ; 1.8 " ; QQVGA (120 x 160) pixels ;; 0.08 MP ; Có ;; Có ; 2 Nano SIM ;;;;; Có ; 1020 mAh  sạc 2.75W ;;;;;; Đèn pin  Trò chơi  Tiếng Anh với Oxford (từ Dữ liệu gốc)/Internet  Đài FM (chế độ kép có dây & không dây)  Máy nghe nhạc MP3 ; 121 x 50 x 14.5 mm 
Điện thoại OPPO Reno7 4G 8GB/128GB Cam;7.690.000đ;https://www.nguyenkim.com/dien-thoai-oppo-reno7-4g-8gb-128gb-cam.html;https://www.nguyenkim.com/dien-thoai-oppo-reno7-4g-8gb-128gb-cam.html; RENO74G ; Cam ; OPPO ; Trung Quốc ; 2022 ; 12 Tháng ; Nguyễn Kim ; Android 12  ColorOS 12.1 ; Qualcomm Snapdragon 680  tối đa 2.4GHz ; 	8GB ; 	128GB ;;; AMOLED ; 6.4 " ; 	FHD+ (2400x1080) pixels ; 32MP ; 64MP(Chính) + 2MP(Marco) + 2MP(Bokeh) ; Có ;;; Nano-SIM CARD  Nano-USIM CARD ; Wi-Fi 5 (802.11ac) ; Bluetooth v5.1 ; GPS  A-GPS  BeiDou  GLONASS  GALILEO  hệ thống định vị QZSS có hỗ trợ ; USB Type-C ; Có ; 4500 mAh ; 	Cảm ứng vân tay dưới màn hình  nhận diện khuôn mặt ; 	Thiết kế da sợi thủy tinh  thiết kế cổ điển siêu mỏng ;;;;;
Điện thoại Vivo Y21s 4GB/128GB Xanh;3.890.000đ;https://www.nguyenkim.com/dien-thoai-vivo-y21s-4gb-128gb-xanh.html;https://www.nguyenkim.com/dien-thoai-vivo-y21s-4gb-128gb-xanh.html; Y21s (V2110) ; Xanh ; Vivo ; Trung Quốc ;; 12 tháng ; Nguyễn Kim ; Funtouch OS 11.1 (Tuỳ biến trên Android 11) ; Mediatek Helio G80  ; 4GB ; 128GB ;; Cảm ứng điện dung đa điểm  ; LCD  ; 6.51 " ; HD+ (1600*720)  pixels ; 8MP ; 50MP + 2MP + 2MP ; Đèn Flash camera sau ;;;; 2.4GHz / 5GHz  ; Bluetooth 5.0	 ; Hỗ trợ ; Type-C  ;; 5000mAh (TYP)  Sạc Siêu Tốc 18W ; Mở khóa vân tay ;;;;;; 164.26 x 76.08 x 8.00 mm 
Điện thoại Nokia C21 Plus 2GB/64GB Xám Ánh Kim;2.490.000đ;https://www.nguyenkim.com/dien-thoai-nokia-c21-plus-2gb-64gb-xam-anh-kim.html;https://www.nguyenkim.com/dien-thoai-nokia-c21-plus-2gb-64gb-xam-anh-kim.html; NOKIAC21PLUS2/64 ; Xám Ánh Kim ; Nokia ; Trung Quốc ;; 12 Tháng ; Nguyễn Kim ; Android 11 (Go Edition) ;; 2 GB ; 64 GB ;;;; 6.5 " ; 	HD+ (720 x 1560) pixels ; 5 MP ; 13 MP + 2 MP ; Có ;;; 2 Nano SIM + 1 Micro SD ; Wifi 802.11 b/g/n ; Bluetooth® 4.2 ; GPS/AGPS ; USB Micro (USB 2.0) ; Có ; 5050 mAh | Pin liền ; 	Mở khóa bằng vân tay  Mở khóa bằng khuôn mặt ;;;;;; 164.8 x 75.9 X 8.55 mm 
Điện thoại Nokia 110 4G Đen;850.000đ;https://www.nguyenkim.com/dien-thoai-nokia-110-4g-den.html;https://www.nguyenkim.com/dien-thoai-nokia-110-4g-den.html; NOKIA1104GDS ; Đen ; Nokia ; Trung Quốc ;; 12 Tháng ; Nguyễn Kim ; Series 30+ ; Unisoc T107 ; 48 MB ; 128 MB ;;; TFT LCD ; 1.8 " ; QQVGA (120 x 160) pixels ;; 0.08 MP ; Có ;; Có ; 2 Nano SIM ;;;;; Có ; 1020 mAh  sạc 2.75W ;;;;;; Đèn pin  Trò chơi  Tiếng Anh với Oxford (từ Dữ liệu gốc)/Internet  Đài FM (chế độ kép có dây & không dây)  Máy nghe nhạc MP3 ; 121 x 50 x 14.5 mm 
Điện thoại Nokia C21 Plus 2GB/64GB Xanh Thiên Thạch;2.490.000đ;https://www.nguyenkim.com/dien-thoai-nokia-c21-plus-2gb-64gb-xanh-thien-thach.html;https://www.nguyenkim.com/dien-thoai-nokia-c21-plus-2gb-64gb-xanh-thien-thach.html; NOKIAC21PLUS2/64 ; Xanh Thiên Thạch ; Nokia ; Trung Quốc ;; 12 Tháng ; Nguyễn Kim ; Android 11 (Go Edition) ;; 2 GB ; 64 GB ;;;; 6.5 " ; 	HD+ (720 x 1560) pixels ; 5 MP ; 13 MP + 2 MP ; Có ;;; 2 Nano SIM + 1 Micro SD ; Wifi 802.11 b/g/n ; Bluetooth® 4.2 ; GPS/AGPS ; USB Micro (USB 2.0) ; Có ; 5050 mAh | Pin liền ; 	Mở khóa bằng vân tay  Mở khóa bằng khuôn mặt ;;;;;; 164.8 x 75.9 X 8.55 mm 
Điện thoại Samsung S22 Ultra 12GB/256GB Đen;33.990.000đ;https://www.nguyenkim.com/dien-thoai-samsung-s22-ultra-12gb-256gb-den.html;https://www.nguyenkim.com/dien-thoai-samsung-s22-ultra-12gb-256gb-den.html; G908 ; Đen ; Samsung ; Việt Nam ;; 12 tháng ; Nguyễn Kim ;; Qualcomm Snapdragon 8 Gen 1 ; 12GB ; 256GB ;;;; 6.8 " ;; 40MP ; Camera chính 108MP  Camera góc siêu rộng 12MP  Camera tele 10MP  Camera tele 10MP ;;;;;;;;;; 5.000 mAh ;;;;;;;
Điện thoại iPhone 13 Pro Max 128GB Vàng Đồng;27.990.000đ;https://www.nguyenkim.com/dien-thoai-iphone-13-pro-max-128gb-vang-dong-vi.html;https://www.nguyenkim.com/dien-thoai-iphone-13-pro-max-128gb-vang-dong-vi.html; iPhone 13 Pro Max 128GB ; Vàng Đồng ; Apple ; Trung Quốc ; 2021 ; 12 tháng ; Nguyễn Kim ; iOS 15 ; Apple A15 Bionic ; 6GB ; 128GB ;;; OLED ; 6.7 " ; 1284 x 2778 pixels ; 12MP ; 12MP-12MP-12MP ;;;;;;;;;;; Face ID ; Nguyên khối  Khung thép không gỉ & Mặt lưng kính cường lực ;;;;;
Điện thoại Samsung A73 8GB/128GB Trắng;11.190.000đ;https://www.nguyenkim.com/dien-thoai-samsung-a73-8gb-128gb-trang.html;https://www.nguyenkim.com/dien-thoai-samsung-a73-8gb-128gb-trang.html; A336 A736 ; Trắng ; Samsung ; Việt Nam ;; 12 Tháng ; Nguyễn Kim ; Android 12 ; Snapdragon 778G (8 nhân) ; 8 GB ; 128 GB ;;; Infinity-O Display ; 6.7" " ; 	FHD+ (2400x1080) pixels ; 32 MP ; 108 MP + 12 MP + 5 MP + 5 MP ;;;; Nano SIM ;;;;;; 5 000 mAh ; On-Screen Fingerprint ;;;;; Sạc nhanh 25W ;
Điện thoại Nokia 105 4G Đỏ;750.000đ;https://www.nguyenkim.com/dien-thoai-nokia-105-4g-do.html;https://www.nguyenkim.com/dien-thoai-nokia-105-4g-do.html; NOKIA1054GDS ; Đỏ ; Nokia ; Trung Quốc ;; 12 Tháng ; Nguyễn Kim ; Series 30+ ; Unisoc T107 ; 48 MB ; 128 MB ;;; TFT LCD ; 1.8 " ; QQVGA (120 x 160) pixels ;;; Có ;; Có hỗ trợ ; 2 Nano SIM ;;;;;; 1020 mAh  sạc 2.75W ;;;;;;; 121x50x14.5 mm 
Điện thoại Xiaomi Redmi Note 11S 8GB/128GB Trắng;5.990.000đ;https://www.nguyenkim.com/dien-thoai-xiaomi-redmi-note-11s-8gb-128gb-trang.html;https://www.nguyenkim.com/dien-thoai-xiaomi-redmi-note-11s-8gb-128gb-trang.html; REDMINOTE11S ; Trắng ; Xiaomi ; Trung Quốc ;; 18 tháng ; Nguyễn Kim ; Android 11 ; Mediatek Helio G96 (12 nm) ; 8GB ; 128GB ;;; AMOLED LCD ; 6.43 " ;; 16MP ; 108MP + 8MP + 2MP + 2MP ;;;;;;;;;; 5000 mAh ;;;;;; có sạc nhanh 33W ;
Điện thoại iPhone 13 Pro 128GB Bạc;25.990.000đ;https://www.nguyenkim.com/iphone-13-pro-128gb-bac.html;https://www.nguyenkim.com/iphone-13-pro-128gb-bac.html; iPhone 13 Pro 128GB ; Bạc ; Apple ; Trung Quốc ;; 12 tháng ; Nguyễn Kim ; iOS 15 ; Apple A15 Bionic ; 6GB ; 128GB ;;; OLED ; 6.1 " ; 2532 x 1170 pixels ; 12MP ; 12MP-12MP-12MP ;;;;;;;;;;; Face ID ;;;;;;
Điện thoại Nokia 105 4G Xanh;750.000đ;https://www.nguyenkim.com/dien-thoai-nokia-105-4g-xanh.html;https://www.nguyenkim.com/dien-thoai-nokia-105-4g-xanh.html; NOKIA1054GDS ; Xanh ; Nokia ; Trung Quốc ;; 12 Tháng ; Nguyễn Kim ; Series 30+ ; Unisoc T107 ; 48 MB ; 128 MB ;;; TFT LCD ; 1.8 " ; QQVGA (120 x 160) pixels ;;; Có ;; Có hỗ trợ ; 2 Nano SIM ;;;;;; 1020 mAh  sạc 2.75W ;;;;;;; 121x50x14.5 mm 
Điện thoại Vivo Y21s 6GB/128GB Xanh;4.290.000đ;https://www.nguyenkim.com/dien-thoai-vivo-y21s-6gb-128gb-xanh.html;https://www.nguyenkim.com/dien-thoai-vivo-y21s-6gb-128gb-xanh.html; Y21s (V2110) ; Xanh ; Vivo ; Trung Quốc ;; 12 tháng ; Nguyễn Kim ; Funtouch OS 11.1 (Tuỳ biến trên Android 11) ; Mediatek Helio G80  ; 6GB ; 128GB ;; Cảm ứng điện dung đa điểm  ; LCD  ; 6.51 " ; HD+ (1600*720)  pixels ; 8MP ; 50MP + 2MP + 2MP ; Đèn Flash camera sau ;;;; 2.4GHz / 5GHz  ; Bluetooth 5.0	 ; Hỗ trợ ; Type-C  ;; 5000mAh (TYP)  Sạc Siêu Tốc 18W ; Mở khóa vân tay ;;;;;; 164.26 x 76.08 x 8.00 mm 
Điện thoại Xiaomi Redmi Note 11S 8GB/128GB Xanh Dương;5.990.000đ;https://www.nguyenkim.com/dien-thoai-xiaomi-redmi-note-11s-8gb-128gb-xanh-duong.html;https://www.nguyenkim.com/dien-thoai-xiaomi-redmi-note-11s-8gb-128gb-xanh-duong.html; REDMINOTE11S ; Xanh dương ; Xiaomi ; Trung Quốc ;; 18 tháng ; Nguyễn Kim ; Android 11 ; Mediatek Helio G96 (12 nm) ; 8GB ; 128GB ;;; AMOLED LCD ; 6.43 " ;; 16MP ; 108MP + 8MP + 2MP + 2MP ;;;;;;;;;; 5000 mAh ;;;;;; có sạc nhanh 33W ;
Điện thoại Samsung S22 Ultra 12GB/512GB Xanh Lá;36.990.000đ;https://www.nguyenkim.com/dien-thoai-samsung-s22-ultra-12gb-512gb-xanh-la.html;https://www.nguyenkim.com/dien-thoai-samsung-s22-ultra-12gb-512gb-xanh-la.html; G908 ; Xanh lá ; Samsung ; Việt Nam ;; 12 tháng ; Nguyễn Kim ;; Qualcomm Snapdragon 8 Gen 1 ; 12GB ; 512GB ;;;; 6.8 " ;; 40MP ; Camera chính 108MP  Camera góc siêu rộng 12MP  Camera tele 10MP  Camera tele 10MP ;;;;;;;;;; 5.000 mAh ;;;;;;;
Điện thoại Samsung S22 Ultra 8GB/128GB Đen;30.990.000đ;https://www.nguyenkim.com/dien-thoai-samsung-s22-ultra-8gb-128gb-den.html;https://www.nguyenkim.com/dien-thoai-samsung-s22-ultra-8gb-128gb-den.html; G908 ; Đen ; Samsung ; Việt Nam ;; 12 tháng ; Nguyễn Kim ;; Qualcomm Snapdragon 8 Gen 1 ; 8GB ; 128GB ;;;; 6.8 " ;; 40MP ; Camera chính 108MP  Camera góc siêu rộng 12MP  Camera tele 10MP  Camera tele 10MP ;;;;;;;;;; 5.000 mAh ;;;;;;;
Điện thoại Samsung S21 FE 5G 8GB/128GB Tím;12.490.000đ;https://www.nguyenkim.com/dien-thoai-samsung-s21-fe-5g-8gb-128gb-tim.html;https://www.nguyenkim.com/dien-thoai-samsung-s21-fe-5g-8gb-128gb-tim.html; SM-G990E/DS ; Tím ; Samsung ; Việt Nam ;; 12 tháng ; Nguyễn Kim ;; Exynos 2100 ; 8GB ; 128GB ;;; Dynamic AMOLED 2X  Tần số quét 120 Hz ; 6.4 " ; Full HD+ (1080 x 2340) pixels ; 32 MP ; Góc siêu rộng 12MP  Góc rộng 12MP  Tele 8MP ;;; Kết nối 5G ;;;;;;; 4 500mAh  Hỗ trợ sạc siêu nhanh 25W ;; Nguyên khối ;;;;; 155.7 x 74.5 x 7.9 mm 
Điện thoại Samsung S22 Ultra 12GB/256GB Trắng;33.990.000đ;https://www.nguyenkim.com/dien-thoai-samsung-s22-ultra-12gb-256gb-trang.html;https://www.nguyenkim.com/dien-thoai-samsung-s22-ultra-12gb-256gb-trang.html; G908 ; Trắng ; Samsung ; Việt Nam ;; 12 tháng ; Nguyễn Kim ;; Qualcomm Snapdragon 8 Gen 1 ; 12GB ; 256GB ;;;; 6.8 " ;; 40MP ; Camera chính 108MP  Camera góc siêu rộng 12MP  Camera tele 10MP  Camera tele 10MP ;;;;;;;;;; 5.000 mAh ;;;;;;;
Điện thoại Xiaomi Redmi Note 11S 8GB/128GB Xám;5.990.000đ;https://www.nguyenkim.com/dien-thoai-xiaomi-redmi-note-11s-8gb-128gb-xam.html;https://www.nguyenkim.com/dien-thoai-xiaomi-redmi-note-11s-8gb-128gb-xam.html; REDMINOTE11S ; Xám ; Xiaomi ; Trung Quốc ;; 18 tháng ; Nguyễn Kim ; Android 11 ; Mediatek Helio G96 (12 nm) ; 8GB ; 128GB ;;; AMOLED LCD ; 6.43 " ;; 16MP ; 108MP + 8MP + 2MP + 2MP ;;;;;;;;;; 5000 mAh ;;;;;; có sạc nhanh 33W ;
Điện thoại iPhone 13 Pro Max 128GB Xanh lá;27.990.000đ;https://www.nguyenkim.com/dien-thoai-iphone-13-pro-max-128gb-xanh-la.html;https://www.nguyenkim.com/dien-thoai-iphone-13-pro-max-128gb-xanh-la.html; iPhone 13 Pro Max 128GB ; Xanh lá ; Apple ; Trung Quốc ; 2021 ; 12 tháng ; Nguyễn Kim ; iOS 15 ; Apple A15 Bionic ; 6GB ; 128GB ;;; OLED ; 6.7 " ; 1284 x 2778 pixels ; 12MP ; 12MP-12MP-12MP ;;;;;;;;;;; Face ID ; Nguyên khối  Khung thép không gỉ & Mặt lưng kính cường lực ;;;;;
Điện thoại iPhone 13 Pro Max 128GB Xanh lá;27.990.000đ;https://www.nguyenkim.com/iphone-13-pro-max-128gb-xanh-la.html;https://www.nguyenkim.com/iphone-13-pro-max-128gb-xanh-la.html; iPhone 13 Pro Max 128GB ; Xanh lá ; Apple ; Trung Quốc ; 2021 ; 12 tháng ; Nguyễn Kim ; iOS 15 ; Apple A15 Bionic ; 6GB ; 128GB ;;; OLED ; 6.7 " ; 1284 x 2778 pixels ; 12MP ; 12MP-12MP-12MP ;;;;;;;;;;; Face ID ; Nguyên khối  Khung thép không gỉ & Mặt lưng kính cường lực ;;;;;
Điện thoại Xiaomi Redmi Note 11 Pro 8GB/128GB Trắng;6.990.000đ;https://www.nguyenkim.com/dien-thoai-xiaomi-redmi-note-11pro-8gb-128gb-trang.html;https://www.nguyenkim.com/dien-thoai-xiaomi-redmi-note-11pro-8gb-128gb-trang.html; REDMINOTE11PRO5G ; Trắng ; Xiaomi ; Trung Quốc ;; 18 tháng ; Nguyễn Kim ; Android 11 ;; 8GB ; 128GB ;;; Super AMOLED ; 6.67" " ;; 16MP ; 108MP+ 8MP+ 2MP+ 2MP ;;;;;;;;;; 5000 mAh ;;;;;; sạc nhanh 67W ;
Điện thoại Nokia G21 4GB/128GB Tím Cực Quang;3.490.000đ;https://www.nguyenkim.com/dien-thoai-nokia-g21-4gb-128gb-tim-cuc-quang.html;https://www.nguyenkim.com/dien-thoai-nokia-g21-4gb-128gb-tim-cuc-quang.html; NOKIAG21(4+128G) ; Tím ; Nokia ; Trung Quốc ;; 12 Tháng ; Nguyễn Kim ; Android 11 (64bit) ; 8 nhân Unisoc T606 (2xA75 and 6xA55 1.6G) ; 4 GB ; 128 GB ; Hỗ trợ thẻ nhớ ngoài lên đến 512GB ;; chuẩn HD+ giọt nước  tỉ lệ 209 ; 6.5 " ;; 8MP ; 50MP AF + 2MP Macro + 2MP FF Cảm biến độ sâu trường ảnh | AI Super Resolution Zoom ; Có ;;; Nano SIM + Nano SIM hoặc Nano SIM + MicroSD ; WiFi 802.11 a/b/g/n/ac (hai băng tần 2.4Ghz/5Ghz) ; Bluetooth® 5 ; Có ; USB PD 3.0  USB Type-C ; Có ;; 	Mở khóa bằng vân tay  Mở khóa bằng khuôn mặt ;;;;;; 164.6 x 75.9 x 8.5 mm 
Điện thoại Samsung S22 Ultra 8GB/128GB Trắng;30.990.000đ;https://www.nguyenkim.com/dien-thoai-samsung-s22-ultra-8gb-128gb-trang.html;https://www.nguyenkim.com/dien-thoai-samsung-s22-ultra-8gb-128gb-trang.html; G908 ; Trắng ; Samsung ; Việt Nam ;; 12 tháng ; Nguyễn Kim ;; Qualcomm Snapdragon 8 Gen 1 ; 8GB ; 128GB ;;;; 6.8 " ;; 40MP ; Camera chính 108MP  Camera góc siêu rộng 12MP  Camera tele 10MP  Camera tele 10MP ;;;;;;;;;; 5.000 mAh ;;;;;;;
Điện thoại Nokia G21 4GB/128GB Xanh Bắc Âu;3.490.000đ;https://www.nguyenkim.com/dien-thoai-nokia-g21-4gb-128gb-xanh-bac-au.html;https://www.nguyenkim.com/dien-thoai-nokia-g21-4gb-128gb-xanh-bac-au.html; NOKIAG21(4+128G) ; Xanh ; Nokia ; Trung Quốc ;; 12 Tháng ; Nguyễn Kim ; Android 11 (64bit) ; 8 nhân Unisoc T606 (2xA75 and 6xA55 1.6G) ; 4 GB ; 128 GB ; Hỗ trợ thẻ nhớ ngoài lên đến 512GB ;; chuẩn HD+ giọt nước  tỉ lệ 209 ; 6.5 " ;; 8MP ; 50MP AF + 2MP Macro + 2MP FF Cảm biến độ sâu trường ảnh | AI Super Resolution Zoom ; Có ;;; Nano SIM + Nano SIM hoặc Nano SIM + MicroSD ; WiFi 802.11 a/b/g/n/ac (hai băng tần 2.4Ghz/5Ghz) ; Bluetooth® 5 ; Có ; USB PD 3.0  USB Type-C ; Có ;; 	Mở khóa bằng vân tay  Mở khóa bằng khuôn mặt ;;;;;; 164.6 x 75.9 x 8.5 mm 
Điện thoại Samsung S22 Ultra 8GB/128GB Đỏ;30.990.000đ;https://www.nguyenkim.com/dien-thoai-samsung-s22-ultra-8gb-128gb-do.html;https://www.nguyenkim.com/dien-thoai-samsung-s22-ultra-8gb-128gb-do.html; G908 ; Đỏ ; Samsung ; Việt Nam ;; 12 tháng ; Nguyễn Kim ;; Qualcomm Snapdragon 8 Gen 1 ; 8GB ; 128GB ;;;; 6.8 " ;; 40MP ; Camera chính 108MP  Camera góc siêu rộng 12MP  Camera tele 10MP  Camera tele 10MP ;;;;;;;;;; 5.000 mAh ;;;;;;;
Điện thoại Samsung S21 FE 5G 6GB/128GB Tím;10.990.000đ;https://www.nguyenkim.com/dien-thoai-samsung-s21-fe-5g-6gb-128gb-tim.html;https://www.nguyenkim.com/dien-thoai-samsung-s21-fe-5g-6gb-128gb-tim.html; SM-G990E/DS ; Tím ; Samsung ; Việt Nam ;; 12 tháng ; Nguyễn Kim ;; Exynos 2100 ; 6GB ; 128GB ;;; Dynamic AMOLED 2X  Tần số quét 120 Hz ; 6.4 " ; Full HD+ (1080 x 2340) pixels ; 32 MP ; Góc siêu rộng 12MP  Góc rộng 12MP  Tele 8MP ;;; Kết nối 5G ;;;;;;; 4 500mAh  Hỗ trợ sạc siêu nhanh 25W ;; Nguyên khối ;;;;; 155.7 x 74.5 x 7.9 mm 
Điện thoại Samsung Galaxy S22 Ultra 5G 256GB Xanh lá;33.990.000đ;https://www.nguyenkim.com/dien-thoai-samsung-galaxy-s22-ultra-5g-256gb-xanh-la.html;https://www.nguyenkim.com/dien-thoai-samsung-galaxy-s22-ultra-5g-256gb-xanh-la.html; SAMSUNGS22ULTRA(12+256GB) ; Xanh lá ; Samsung ; Việt Nam ; 2022 ; 12 Tháng ; Nguyễn Kim ; Android 12  One UI 4.1 ; Vi xử lý 4nm ; 	12GB ; 	256GB ;; Có ; Màn hình Dynamic AMOLED 2X ; 6.8 " ; Quad HD+ (3088 x 1440) pixels ; 40MP ; Chính 108MP  Phụ 12MP  10MP và 10MP ; Có ;;; SIM 1 + SIM 2 or Embedded SIM ; 802.11 a/b/g/n/ac/ax 2.4G+5GHz+6GHz  HE160  MIMO  1024-QAM ; Bluetooth v5.2 ; GPS  Glonass  Beidou  Galileo  QZSS ; USB Type-C (USB 3.2 Gen 1) ;; 5000 mAh ; 	Mở khóa bằng vân tay  Mở khóa bằng khuôn mặt ;;;;;;
Điện thoại Samsung Galaxy A52s 5G 8GB/128GB Xanh;10.990.000đ;https://www.nguyenkim.com/dien-thoai-samsung-galaxy-a52s-5g-8gb-128gb-xanh.html;https://www.nguyenkim.com/dien-thoai-samsung-galaxy-a52s-5g-8gb-128gb-xanh.html; SM-A528B/DS ; Xanh ; Samsung ; Việt Nam ;; 12 tháng ; Nguyễn Kim ; Android 11 ; Qualcomm Snapdragon 778G 5G (6 nm) ; 8GB ; 128GB ;;; Infinity-O Display ; 6.5 " ;; 32 MP ; Chính 64 MP 12MP 5MP 5MP ;;;; Nano SIM ;;;;;; 4500 mAh  25W sạc nhanh ;;;;;;;
Điện thoại Samsung S22 8GB/128GB Đen;21.990.000đ;https://www.nguyenkim.com/dien-thoai-samsung-s22-8gb-128gb-den.html;https://www.nguyenkim.com/dien-thoai-samsung-s22-8gb-128gb-den.html; G901 ; Đen ; Samsung ; Việt Nam ;; 12 tháng ; Nguyễn Kim ;; Qualcomm Snapdragon 8 Gen 1 ; 	8GB ; 	128GB ;;;; 6.1 inch " ; 1080 x 2340 pixels ;;;;;;;;;;;; 3.700 mAh ;;;;;;;
Điện thoại Samsung S22 Ultra 12GB/256GB Đỏ;33.990.000đ;https://www.nguyenkim.com/dien-thoai-samsung-s22-ultra-12gb-256gb-do.html;https://www.nguyenkim.com/dien-thoai-samsung-s22-ultra-12gb-256gb-do.html; G908 ; Đỏ ; Samsung ; Việt Nam ;; 12 tháng ; Nguyễn Kim ;; Qualcomm Snapdragon 8 Gen 1 ; 12GB ; 256GB ;;;; 6.8 " ;; 40MP ; Camera chính 108MP  Camera góc siêu rộng 12MP  Camera tele 10MP  Camera tele 10MP ;;;;;;;;;; 5.000 mAh ;;;;;;;
Điện thoại Samsung S21 FE 5G 8GB/128GB Xám;12.490.000đ;https://www.nguyenkim.com/dien-thoai-samsung-s21-fe-5g-8gb-128gb-xam.html;https://www.nguyenkim.com/dien-thoai-samsung-s21-fe-5g-8gb-128gb-xam.html; SM-G990E/DS ; Xám ; Samsung ; Việt Nam ;; 12 tháng ; Nguyễn Kim ;; Exynos 2100 ; 8GB ; 128GB ;;; Dynamic AMOLED 2X  Tần số quét 120 Hz ; 6.4 " ; Full HD+ (1080 x 2340) pixels ; 32 MP ; Góc siêu rộng 12MP  Góc rộng 12MP  Tele 8MP ;;; Kết nối 5G ;;;;;;; 4 500mAh  Hỗ trợ sạc siêu nhanh 25W ;; Nguyên khối ;;;;; 155.7 x 74.5 x 7.9 mm 
Điện thoại iPhone 13 Pro Max 128GB Xám;27.990.000đ;https://www.nguyenkim.com/iphone-13-pro-max-128gb-xam.html;https://www.nguyenkim.com/iphone-13-pro-max-128gb-xam.html; iPhone 13 Pro Max 128GB ; Xám ; Apple ; Trung Quốc ; 2021 ; 12 tháng ; Nguyễn Kim ; iOS 15 ; Apple A15 Bionic ; 6GB ; 128GB ;;; OLED ; 6.7 " ; 1284 x 2778 pixels ; 12MP ; 12MP-12MP-12MP ;;;;;;;;;;; Face ID ; Nguyên khối  Khung thép không gỉ & Mặt lưng kính cường lực ;;;;;
Điện thoại Samsung S22 Ultra 12GB/512GB Đen;36.990.000đ;https://www.nguyenkim.com/dien-thoai-samsung-s22-ultra-12gb-512gb-den.html;https://www.nguyenkim.com/dien-thoai-samsung-s22-ultra-12gb-512gb-den.html; G908 ; Đen ; Samsung ; Việt Nam ;; 12 tháng ; Nguyễn Kim ;; Qualcomm Snapdragon 8 Gen 1 ; 12GB ; 512GB ;;;; 6.8 " ;; 40MP ; Camera chính 108MP  Camera góc siêu rộng 12MP  Camera tele 10MP  Camera tele 10MP ;;;;;;;;;; 5.000 mAh ;;;;;;;
Điện thoại Samsung S22 Ultra 12GB/512GB Đỏ;36.990.000đ;https://www.nguyenkim.com/dien-thoai-samsung-s22-ultra-12gb-512gb-do.html;https://www.nguyenkim.com/dien-thoai-samsung-s22-ultra-12gb-512gb-do.html; G908 ; Đỏ ; Samsung ; Việt Nam ;; 12 tháng ; Nguyễn Kim ;; Qualcomm Snapdragon 8 Gen 1 ; 12GB ; 512GB ;;;; 6.8 " ;; 40MP ; Camera chính 108MP  Camera góc siêu rộng 12MP  Camera tele 10MP  Camera tele 10MP ;;;;;;;;;; 5.000 mAh ;;;;;;;
Điện thoại iPhone 13 Pro Max 128GB Vàng Đồng;27.990.000đ;https://www.nguyenkim.com/dien-thoai-iphone-13-pro-max-128gb-vang-dong-vi-2.html;https://www.nguyenkim.com/dien-thoai-iphone-13-pro-max-128gb-vang-dong-vi-2.html; iPhone 13 Pro Max 128GB ; Vàng Đồng ; Apple ; Trung Quốc ; 2021 ; 12 tháng ; Nguyễn Kim ; iOS 15 ; Apple A15 Bionic ; 6GB ; 128GB ;;; OLED ; 6.7 " ; 1284 x 2778 pixels ; 12MP ; 12MP-12MP-12MP ;;;;;;;;;;; Face ID ; Nguyên khối  Khung thép không gỉ & Mặt lưng kính cường lực ;;;;;
Điện thoại Samsung Galaxy S22 Ultra 5G 128GB Xanh lá;30.990.000đ;https://www.nguyenkim.com/dien-thoai-samsung-galaxy-s22-ultra-5g-128gb-xanh-la.html;https://www.nguyenkim.com/dien-thoai-samsung-galaxy-s22-ultra-5g-128gb-xanh-la.html; SAMSUNGS22ULTRA(8+128GB) ; Xanh lá ; Samsung ; Việt Nam ; 2022 ; 12 Tháng ; Nguyễn Kim ; Android 12  One UI 4.1 ; Vi xử lý 4nm ; 	8GB ; 	128GB ;; Có ; Màn hình Dynamic AMOLED 2X ; 6.8 " ; Quad HD+ (3088 x 1440) pixels ; 40MP ; Chính 108MP  Phụ 12MP  10MP và 10MP ;;;; SIM 1 + SIM 2 or Embedded SIM ; 802.11 a/b/g/n/ac/ax 2.4G+5GHz+6GHz  HE160  MIMO  1024-QAM ; Bluetooth v5.2 ; GPS  Glonass  Beidou  Galileo  QZSS ; USB Type-C (USB 3.2 Gen 1) ;; 5000mAh ; 	Mở khóa bằng vân tay  Mở khóa bằng khuôn mặt ;;;;;;
Điện thoại iPhone 13 Pro 256GB Xám;27.490.000đ;https://www.nguyenkim.com/iphone-13-pro-256gb-xam.html;https://www.nguyenkim.com/iphone-13-pro-256gb-xam.html; iPhone 13 Pro 256GB ; Xám ; Apple ; Trung Quốc ;; 12 tháng ; Nguyễn Kim ; iOS 15 ; Apple A15 Bionic ; 6GB ; 256GB ;;; OLED ; 6.1 " ; 2532 x 1170 pixels ; 12MP ; 12MP-12MP-12MP ;;;;;;;;;;; Face ID ;;;;;;
Điện thoại iPhone 13 Pro 256GB Xanh Dương;27.490.000đ;https://www.nguyenkim.com/iphone-13-pro-256gb-xanh-duong.html;https://www.nguyenkim.com/iphone-13-pro-256gb-xanh-duong.html; iPhone 13 Pro 256GB ; Xanh dương ; Apple ; Trung Quốc ; 2021 ; 12 tháng ; Nguyễn Kim ; iOS 15 ; Apple A15 Bionic ; 6GB ; 256GB ;;; OLED ; 6.1 " ; 2532 x 1170 pixels ; 12MP ; 12MP-12MP-12MP ;;;;;;;;;;; Face ID ;;;;;;
Điện thoại iPhone 13 Pro Max 128GB Vàng Đồng;27.990.000đ;https://www.nguyenkim.com/dien-thoai-iphone-13-pro-max-128gb-vang-dong-vi-2.html;https://www.nguyenkim.com/dien-thoai-iphone-13-pro-max-128gb-vang-dong-vi-2.html; iPhone 13 Pro Max 128GB ; Vàng Đồng ; Apple ; Trung Quốc ; 2021 ; 12 tháng ; Nguyễn Kim ; iOS 15 ; Apple A15 Bionic ; 6GB ; 128GB ;;; OLED ; 6.7 " ; 1284 x 2778 pixels ; 12MP ; 12MP-12MP-12MP ;;;;;;;;;;; Face ID ; Nguyên khối  Khung thép không gỉ & Mặt lưng kính cường lực ;;;;;
Điện thoại iPhone 11 64GB Đen;10.690.000đ;https://www.nguyenkim.com/dien-thoai-iphone-11-64gb-den-vi-3.html;https://www.nguyenkim.com/dien-thoai-iphone-11-64gb-den-vi-3.html; IPHONE1164GB ; Đen ; Apple ; Trung Quốc ; 2019 ; 12 Tháng ; Nguyễn Kim ; iOS 13 ; Apple A13 Bionic 6 nhân ; 4 GB ; 64 GB ;; Có ; Liquid Retina HD display ; 6.1 " ; 1792 x 828 pixels ; 12 MP  ƒ/2.2 aperture ; 	Dual 12MP Ultra Wide và Wide cameras ; Có ; 	4K tốc độ 24 fps  30 fps  hoặc 60 fps ;; eSIM và NanoSIM ; 802.11ax Wi-Fi 6 với 2x2 MIMO ; 5.0 ;;;;; 	Mở khóa bằng khuôn mặt ;;;;;;
Điện thoại Samsung S22 Plus 8GB/128GB Hồng;25.990.000đ;https://www.nguyenkim.com/dien-thoai-samsung-s22-plus-8gb-128gb-hong.html;https://www.nguyenkim.com/dien-thoai-samsung-s22-plus-8gb-128gb-hong.html; G906 ; Hồng ; Samsung ; Việt Nam ;; 12 tháng ; Nguyễn Kim ;; Qualcomm Snapdragon 8 Gen 1 ; 	8GB ; 128GB ;;;; 6.6 " ;;;;;;;;;;;;; 4.500 mAh ;;;;;;;
Điện thoại Samsung Galaxy Z Fold 3 5G 512GB Bạc;38.990.000đ;https://www.nguyenkim.com/dien-thoai-samsung-galaxy-z-fold-3-5g-512gb-bac.html;https://www.nguyenkim.com/dien-thoai-samsung-galaxy-z-fold-3-5g-512gb-bac.html; SM-F926B ; Bạc ; Samsung ; Việt Nam ;; 12 tháng ; Nguyễn Kim ; 	Android 11 ; Qualcomm SM8350 Snapdragon 888 (5 nm) ; 	12GB ; 512GB ; 	Không ;; 	Màn hình chính UDC  7.6" QXGA+  Dynamic AMOLED 2X  120Hz  Màn hình phụ 6.2" HD+  Dynamix AMOLED 2X  120Hz ;;; 	Ẩn dưới màn hình chính UDC  4MP  FF  F1.8  Màn hình phụ HID  10MP  FF  F2.2 ; 	Chính (góc rộng) 12MP (2PD)  F1.8  OIS  Siêu rộng 12MP  F2.2  123°  Bokeh/ Tele 12MP  F2.4  OIS  2x Zoom ;; 	4K@60fps  1080p@60/240fps (gyro-EIS)  720p@960fps (gyro-EIS)  HDR10+ ;;;;;;;; Li-Po 4400 mAh  Fast charging 25W  Fast wireless charging 10W ;; 	Phần khung Armor Aluminum  Kính cường lực Corning® Gorilla® Glass Victus™ ;;;;; Khi mở 158.2 x 128.1 x 6.4 mm  Khi gập 158.2 x 67.1 x 16.0 mm 
Điện thoại Samsung S22 Ultra 12GB/512GB Trắng;36.990.000đ;https://www.nguyenkim.com/dien-thoai-samsung-s22-ultra-12gb-512gb-trang.html;https://www.nguyenkim.com/dien-thoai-samsung-s22-ultra-12gb-512gb-trang.html; G908 ; Trắng ; Samsung ; Việt Nam ;; 12 tháng ; Nguyễn Kim ;; Qualcomm Snapdragon 8 Gen 1 ; 12GB ; 512GB ;;;; 6.8 " ;; 40MP ; Camera chính 108MP  Camera góc siêu rộng 12MP  Camera tele 10MP  Camera tele 10MP ;;;;;;;;;; 5.000 mAh ;;;;;;;
Điện thoại Samsung S22 Plus 8GB/256GB Trắng;27.490.000đ;https://www.nguyenkim.com/dien-thoai-samsung-s22-plus-8gb-256gb-trang.html;https://www.nguyenkim.com/dien-thoai-samsung-s22-plus-8gb-256gb-trang.html; G906 ; Trắng ; Samsung ; Việt Nam ;; 12 tháng ; Nguyễn Kim ;; Qualcomm Snapdragon 8 Gen 1 ; 	8GB ; 256GB ;;;; 6.6 " ;;;;;;;;;;;;; 4.500 mAh ;;;;;;;
Điện thoại iPhone 11 64GB Xanh Lá;10.690.000đ;https://www.nguyenkim.com/dien-thoai-iphone-11-64gb-xanh-la-vi-3.html;https://www.nguyenkim.com/dien-thoai-iphone-11-64gb-xanh-la-vi-3.html; IPHONE1164GB ; Xanh lá ; Apple ; Trung Quốc ;; 12 tháng ; Nguyễn Kim ;; Apple A13 Bionic ; 4GB ; 64GB ;;; Liquid Retina  IPS LCD ; 6.1 " ; 828 x 1792 pixels ; 12 MP ; 12 MP + 12 MP ;; 4K 2160p@60fps  4K 2160p@30fps  4K 2160p@24fps  FullHD 1080p@30fps  FullHD 1080p@60fps  HD 720p@30fps  FullHD 1080p@240fps  FullHD 1080p@120fps ; Hỗ trợ 4G ;; Dual-band (2.4 GHz/5 GHz)  Wi-Fi 802.11 a/b/g/n/ac/ax  Wi-Fi hotspot ; LE  A2DP ; A-GPS  GLONASS  BDS ;;; 3110 mAh ; Mở khoá khuôn mặt Face ID ; Nguyên khối  Khung nhôm & Mặt lưng kính cường lực ;;;;; Dài 150.9 mm - Ngang 75.7 mm - Dày 8.3 mm 
Điện thoại Samsung S21 FE 5G 8GB/128GB Trắng;12.490.000đ;https://www.nguyenkim.com/dien-thoai-samsung-s21-fe-5g-8gb-128gb-trang.html;https://www.nguyenkim.com/dien-thoai-samsung-s21-fe-5g-8gb-128gb-trang.html; SM-G990E/DS ; Trắng ; Samsung ; Việt Nam ;; 12 tháng ; Nguyễn Kim ;; Exynos 2100 ; 8GB ; 128GB ;;; Dynamic AMOLED 2X  Tần số quét 120 Hz ; 6.4 " ; Full HD+ (1080 x 2340) pixels ; 32 MP ; Góc siêu rộng 12MP  Góc rộng 12MP  Tele 8MP ;;; Kết nối 5G ;;;;;;; 4 500mAh  Hỗ trợ sạc siêu nhanh 25W ;; Nguyên khối ;;;;; 155.7 x 74.5 x 7.9 mm 
Điện thoại Samsung Galaxy Z Fold 3 5G 256GB Xanh Lá;35.990.000đ;https://www.nguyenkim.com/dien-thoai-samsung-galaxy-z-fold-3-5g-256gb-xanh-la.html;https://www.nguyenkim.com/dien-thoai-samsung-galaxy-z-fold-3-5g-256gb-xanh-la.html; SM-F926B ; Xanh lá ; Samsung ; Việt Nam ;; 12 tháng ; Nguyễn Kim ; Android 11 ; Qualcomm SM8350 Snapdragon 888 (5 nm) ; 12GB ; 256GB ; Không ;; Màn hình chính UDC  7.6" QXGA+  Dynamic AMOLED 2X  120Hz  Màn hình phụ 6.2" HD+  Dynamix AMOLED 2X  120Hz ;;; Ẩn dưới màn hình chính UDC  4MP  FF  F1.8  Màn hình phụ HID  10MP  FF  F2.2 ; Chính (góc rộng) 12MP (2PD)  F1.8  OIS  Siêu rộng 12MP  F2.2  123°  Bokeh/ Tele 12MP  F2.4  OIS  2x Zoom ;; 4K@60fps  1080p@60/240fps (gyro-EIS)  720p@960fps (gyro-EIS)  HDR10+ ;;;;;;;; Li-Po 4400 mAh  Fast charging 25W  Fast wireless charging 10W ;; Phần khung Armor Aluminum  Kính cường lực Corning® Gorilla® Glass Victus™ ;;;;; Khi mở 158.2 x 128.1 x 6.4 mm  Khi gập 158.2 x 67.1 x 16.0 mm 
Điện thoại iPhone 13 Pro Max 128GB Bạc;27.990.000đ;https://www.nguyenkim.com/iphone-13-pro-max-128gb-bac.html;https://www.nguyenkim.com/iphone-13-pro-max-128gb-bac.html; iPhone 13 Pro Max 128GB ; Bạc ; Apple ; Trung Quốc ; 2021 ; 12 tháng ; Nguyễn Kim ; iOS 15 ; Apple A15 Bionic ; 6GB ; 128GB ;;; OLED ; 6.7 " ; 1284 x 2778 pixels ; 12MP ; 12MP-12MP-12MP ;;;;;;;;;;; Face ID ; Nguyên khối  Khung thép không gỉ & Mặt lưng kính cường lực ;;;;;
Điện thoại iPhone 13 256GB Hồng;22.990.000đ;https://www.nguyenkim.com/iphone-13-256gb-hong.html;https://www.nguyenkim.com/iphone-13-256gb-hong.html; iPhone 13 256GB ; Hồng ; Apple ; Trung Quốc ; 2021 ; 12 tháng ; Nguyễn Kim ; iOS 15 ; Apple A15 Bionic ; 4GB ; 256GB ;;; OLED ; 6.1 " ; 1170 x 2532 pixels ; 12MP ; 12MP-12MP ;;;;;;;;;;; Mở khoá khuôn mặt Face ID ; Nguyên khối  Khung nhôm & Mặt lưng kính cường lực ;;;;; 147 x 72 x 8 mm 
Điện thoại iPhone 13 Pro Max 512GB Xám;34.990.000đ;https://www.nguyenkim.com/iphone-13-pro-max-512gb-xam.html;https://www.nguyenkim.com/iphone-13-pro-max-512gb-xam.html; iPhone 13 Pro Max 512GB ; Xám ; Apple ; Trung Quốc ; 2021 ; 12 tháng ; Nguyễn Kim ; iOS 15 ; Apple A15 Bionic ; 6GB ; 512GB ;;; OLED ; 6.7 " ; 1284 x 2778 pixels ; 12MP ; 12MP-12MP-12MP ;;;;;;;;;;; Face ID ; Nguyên khối  Khung thép không gỉ & Mặt lưng kính cường lực ;;;;;
Điện thoại iPhone 13 Pro Max 512GB Bạc;34.990.000đ;https://www.nguyenkim.com/iphone-13-pro-max-512gb-bac.html;https://www.nguyenkim.com/iphone-13-pro-max-512gb-bac.html; iPhone 13 Pro Max 512GB ; Bạc ; Apple ; Trung Quốc ; 2021 ; 12 tháng ; Nguyễn Kim ; iOS 15 ; Apple A15 Bionic ; 6GB ; 512GB ;;; OLED ; 6.7 " ; 1284 x 2778 pixels ; 12MP ; 12MP-12MP-12MP ;;;;;;;;;;; Face ID ; Nguyên khối  Khung thép không gỉ & Mặt lưng kính cường lực ;;;;;
Điện thoại iPhone 13 Pro Max 1TB Vàng Đồng;42.790.000đ;https://www.nguyenkim.com/iphone-13-pro-max-1tb-vang-dong.html;https://www.nguyenkim.com/iphone-13-pro-max-1tb-vang-dong.html; iPhone 13 Pro Max 1TB ; Vàng Đồng ; Apple ; Trung Quốc ; 2021 ; 12 tháng ; Nguyễn Kim ; iOS 15 ; Apple A15 Bionic ; 6GB ; 1TB ;;; OLED ; 6.7 " ; 1284 x 2778 pixels ; 12MP ; 12MP-12MP-12MP ;;;;;;;;;;; Face ID ; Nguyên khối  Khung thép không gỉ & Mặt lưng kính cường lực ;;;;;
Điện thoại iPhone 13 mini 128GB Đỏ;17.790.000đ;https://www.nguyenkim.com/iphone-13-mini-128gb-do.html;https://www.nguyenkim.com/iphone-13-mini-128gb-do.html; iPhone 13 Mini 128GB ; Đỏ ; Apple ; Trung Quốc ;; 12 tháng ; Nguyễn Kim ; iOS 15 ; Apple A15 Bionic ; 4GB ; 128GB ;;; OLED ; 5.4 " ; Full HD+ (1080 x 2340) pixels ; 12MP ; 12MP-12MP ; Có ;;;;;;;;;; Mở khoá khuôn mặt Face ID ; Nguyên khối  Khung nhôm & Mặt lưng kính cường lực ;;;;; 132 x 64 x8 mm 
Điện thoại iPhone 13 Pro Max 1TB Xanh Dương;42.790.000đ;https://www.nguyenkim.com/iphone-13-pro-max-1tb-xanh-duong.html;https://www.nguyenkim.com/iphone-13-pro-max-1tb-xanh-duong.html; iPhone 13 Pro Max 1TB ; Xanh dương ; Apple ; Trung Quốc ; 2021 ; 12 tháng ; Nguyễn Kim ; iOS 15 ; Apple A15 Bionic ; 6GB ; 1TB ;;; OLED ; 6.7 " ; 1284 x 2778 pixels ; 12MP ; 12MP-12MP-12MP ;;;;;;;;;;; Face ID ; Nguyên khối  Khung thép không gỉ & Mặt lưng kính cường lực ;;;;;
Điện thoại iPhone 13 Pro 512GB Xanh Dương;32.990.000đ;https://www.nguyenkim.com/iphone-13-pro-512gb-xanh-duong.html;https://www.nguyenkim.com/iphone-13-pro-512gb-xanh-duong.html; iPhone 13 Pro 512GB ; Xanh dương ; Apple ; Trung Quốc ; 2021 ; 12 tháng ; Nguyễn Kim ; iOS 15 ; Apple A15 Bionic ; 6GB ; 512GB ;;; OLED ; 6.1 " ; 2532 x 1170 pixels ; 12MP ; 12MP-12MP-12MP ;;;;;;;;;;; Face ID ;;;;;;
Điện thoại iPhone 13 Pro Max 256GB Bạc;32.990.000đ;https://www.nguyenkim.com/iphone-13-pro-max-256gb-bac.html;https://www.nguyenkim.com/iphone-13-pro-max-256gb-bac.html; iPhone 13 Pro Max 256GB ; Bạc ; Apple ; Trung Quốc ; 2021 ; 12 tháng ; Nguyễn Kim ; iOS 15 ; Apple A15 Bionic ; 6GB ; 256GB ;;; OLED ; 6.7 " ; 1284 x 2778 pixels ; 12MP ; 12MP-12MP-12MP ;;;;;;;;;;; Face ID ; Nguyên khối  Khung thép không gỉ & Mặt lưng kính cường lực ;;;;;
Điện thoại iPhone 13 Pro 1TB Xám;39.790.000đ;https://www.nguyenkim.com/iphone-13-pro-1tb-xam.html;https://www.nguyenkim.com/iphone-13-pro-1tb-xam.html; iPhone 13 Pro 1TB ; Xám ; Apple ; Trung Quốc ; 2021 ; 12 tháng ; Nguyễn Kim ; iOS 15 ; Apple A15 Bionic ; 6GB ; 1TB ;;; OLED ; 6.1 " ; 2532 x 1170 pixels ; 12MP ; 12MP-12MP-12MP ;;;;;;;;;;; Face ID ;;;;;;
Điện thoại iPhone 13 256GB Xanh Dương;22.990.000đ;https://www.nguyenkim.com/iphone-13-256gb-xanh-duong.html;https://www.nguyenkim.com/iphone-13-256gb-xanh-duong.html; iPhone 13 256GB ; Xanh dương ; Apple ; Trung Quốc ; 2021 ; 12 tháng ; Nguyễn Kim ; iOS 15 ; Apple A15 Bionic ; 4GB ; 256GB ;;; OLED ; 6.1 " ; 1170 x 2532 pixels ; 12MP ; 12MP-12MP ;;;;;;;;;;; Mở khoá khuôn mặt Face ID ; Nguyên khối  Khung nhôm & Mặt lưng kính cường lực ;;;;; 147 x 72 x 8 mm 
Điện thoại Nokia C21 Plus 3GB/32GB Xám Ánh Kim;3.190.000đ;https://www.nguyenkim.com/dien-thoai-nokia-c21-plus-3gb-32gb-xam-anh-kim.html;https://www.nguyenkim.com/dien-thoai-nokia-c21-plus-3gb-32gb-xam-anh-kim.html; NOKIAC21PLUS3/32 ; Xám Ánh Kim ; Nokia ; Trung Quốc ;; 12 Tháng ; Nguyễn Kim ; Android 11 (Go Edition) ;; 3 GB ; 32 GB ;;;; 6.5 " ; (HD+) 720 x 1600 pixels ; 5 MP ; 13 MP + 2 MP ; Có ;;; 2 Nano SIM + 1 Micro SD ; Wifi 802.11 b/g/n ; Bluetooth® 4.2 ; GPS/AGPS ; USB Micro (USB 2.0) ; Có ; 5050 mAh | Pin liền ; 	Mở khóa bằng vân tay  Mở khóa bằng khuôn mặt ;;;;;; 164.8 x 75.9 X 8.55 mm 
Điện thoại Nokia 105 4G Đen;750.000đ;https://www.nguyenkim.com/dien-thoai-nokia-105-4g-den.html;https://www.nguyenkim.com/dien-thoai-nokia-105-4g-den.html; NOKIA1054GDS ; Đen ; Nokia ; Trung Quốc ;; 12 Tháng ; Nguyễn Kim ; Series 30+ ; Unisoc T107 ; 48 MB ; 128 MB ;;; TFT LCD ; 1.8 " ; QQVGA (120 x 160) pixels ;;; Có ;; Có hỗ trợ ; 2 Nano SIM ;;;;;; 1020 mAh  sạc 2.75W ;;;;;;; 121x50x14.5 mm 
Điện thoại Samsung Galaxy A22 6GB/128GB Tím;4.790.000đ;https://www.nguyenkim.com/dien-thoai-samsung-galaxy-a22-6gb-128gb-tim.html;https://www.nguyenkim.com/dien-thoai-samsung-galaxy-a22-6gb-128gb-tim.html; A22 (SM-A225F/DS) ; Tím ; Samsung ; Việt Nam ;; 12 tháng ; Nguyễn Kim ;; Bộ vi xử lí tám nhân  xung nhịp tối đa 2GHz ; 6GB ; 128GB ;;; Tràn viền vô cực Infinity-U  Super AMOLED HD+  Tần số quét 90Hz  độ sáng lên đến 600 nit ; 6.4 " ;; 13 MP ; 4 Camera 48 MP + 8 MP + 2 MP + 2 MP ;;;;;;;;;; 5000 mAh  Công nghệ sạc nhanh siêu tốc 15W ;;;;;;;
Điện thoại Xiaomi Redmi 9A 2GB/32GB Xanh lá;2.290.000đ;https://www.nguyenkim.com/dien-thoai-xiaomi-redmi-9a-2gb-32gb-xanh-la.html;https://www.nguyenkim.com/dien-thoai-xiaomi-redmi-9a-2gb-32gb-xanh-la.html; REDMI 9A ; Xanh lá ; Xiaomi ; Trung Quốc ; 2020 ; 18 tháng ; Nguyễn Kim ; Android 10 ; MediaTek Helio G25 8 nhân ; 2 GB ; 32 GB ; MicroSD  hỗ trợ tối đa 512 GB ; Có ; IPS LCD ; 6.53 " ; HD+ (700 x 1600) pixels ; 5 MP ; 13 MP ; Có ; HD 720p@30fps  FullHD 1080p@30fps ; Có ; 2 Nano SIM ; Wi-Fi hotspot  Wi-Fi 802.11 a/b/g/n  Wi-Fi Direct ; LE  A2DP ; BDS  A-GPS  GLONASS ; Micro USB ; Có ; 5000 mAh ; Mở khoá khuôn mặt ; Nguyên khối ; Có ; Có ; Có ; Chạm 2 lần tắt màn hình  Chạm 2 lần sáng màn hình  Đèn pin  Chặn tin nhắn  Chặn cuộc gọi ; Dài 164.9 mm - Ngang 77.07 mm - Dày 9 mm 
Điện thoại Nokia C20 2GB/32GB Vàng;1.990.000đ;https://www.nguyenkim.com/dien-thoai-nokia-c20-2gb-32gb-vang.html;https://www.nguyenkim.com/dien-thoai-nokia-c20-2gb-32gb-vang.html; NOKIAC20 ; Vàng ; Nokia ; Trung Quốc ;; 12 tháng ; Nguyễn Kim ; Android 11 (phiên bản Go) ; SC9863A 8 nhân | 1.6GHz ; 2 GB DDR3 DRAM ; 32 GB e-MMC 5.1  hỗ trợ thẻ nhớ ngoài 64GB ;;; chuẩn HD+ giọt nước  tỉ lệ 209 ; 6.5 " ;; 5MP  f2.2 với đèn Flash ; 5MP  f2.2 với đèn Flash ;;;;; 802.11 b/g/n ;; GPS/AGPS ; Micro USB (USB 2.0) ; Có ; 2950 mAh  pin rời ; Mở khóa khuôn mặt ;;;;;; 169.9 x 77.9 X 8.8 mm 
Điện thoại Xiaomi Redmi 9C 3GB/64GB Xanh dương;2.790.000đ;https://www.nguyenkim.com/dien-thoai-xiaomi-redmi-9c-3gb-64gb-xanh-duong.html;https://www.nguyenkim.com/dien-thoai-xiaomi-redmi-9c-3gb-64gb-xanh-duong.html; REDMI 9C ; Xanh dương ; Xiaomi ; Trung Quốc ; 2020 ; 18 tháng ; Nguyễn Kim ; Android 10 ; MediaTek Helio G35 8 nhân ; 3 GB ; 64 GB ; MicroSD  hỗ trợ tối đa 512 GB ; Có ; IPS LCD ; 6.53 " ; HD+ (720 x 1600) pixels ; 5 MP ; 13 MP  2 MP  2 MP ; Có ; FullHD 1080p@30fps  HD 720p@30fps ; Có ; 2 Nano SIM ; Wi-Fi Direct  Wi-Fi 802.11 a/b/g/n  Wi-Fi hotspot ; LE v4.2  A2DP ; GLONASS  A-GPS ; Micro USB ; Có ; 5000 mAh ; Mở khóa bằng vân tay ; Nguyên khối ; Có ; Có ; Có ; Chạm 2 lần sáng màn hình  Đèn pin  Thu nhỏ màn hình sử dụng một tay  Chặn tin nhắn  Nhân bản ứng dụng  Chạm 2 lần tắt màn hình  Chặn cuộc gọi  Khoá ứng dụng ; Dài 164.9 mm - Ngang 77.07 mm - Dày 9.0 mm 
Điện thoại iPhone 12 Pro 256GB Xám;28.990.000đ;https://www.nguyenkim.com/dien-thoai-iphone-12-pro-256gb-xam.html;https://www.nguyenkim.com/dien-thoai-iphone-12-pro-256gb-xam.html; IPHONE 12 PRO 256GB (MGMP3VN/A) ; Xám ; Apple ; Trung Quốc ; 2020 ; 12 tháng ; Nguyễn Kim ; iOS 14.1 ; Apple A14 Bionic ; 6 GB ; 256 GB ;; Có ;; 6.1 " ;; 12 MP ; 12 MP  12 MP  12 MP ;;;;;;;;;;;;;;;;;
Điện thoại iPhone 12 128GB Đỏ;17.990.000đ;https://www.nguyenkim.com/dien-thoai-iphone-12-128gb-do.html;https://www.nguyenkim.com/dien-thoai-iphone-12-128gb-do.html; iPhone 12 128GB ; Đỏ ; Apple ; Trung Quốc ; 2020 ; 12 Tháng ; Nguyễn Kim ; iOS 14.1 ; Apple A14 Bionic ; 4 GB ; 128 GB ;; Có ; Super Retina XDR ; 6.1 inch " ; 2532 x 1170 pixels ; 12 MP ; 12 MP (kép) ; Có ; 4K ; Có ;; Wi-Fi 6 (802.11ax) ; Bluetooth 5.0 ;; Type C ;;; 	Mở khóa bằng khuôn mặt ;;;;;; 146.7 x 71.5 x 7.4mm mm 
Điện thoại iPhone 12 Pro 256GB Xanh;28.990.000đ;https://www.nguyenkim.com/dien-thoai-iphone-12-pro-256gb-xanh.html;https://www.nguyenkim.com/dien-thoai-iphone-12-pro-256gb-xanh.html; IPHONE 12 PRO 256GB (MGMT3VN/A) ; Xanh ; Apple ; Trung Quốc ; 2020 ; 12 tháng ; Nguyễn Kim ; iOS 14.1 ; Apple A14 Bionic ; 6 GB ; 256 GB ;; Có ;; 6.1 " ;; 12 MP ; 12 MP  12 MP  12 MP ;;;;;;;;;;;;;;;;;
Điện thoại OPPO Reno6 Z 5G 8GB/128GB Bạc;7.592.000đ;https://www.nguyenkim.com/dien-thoai-oppo-reno6-z-5g-8gb-128gb-bac.html;https://www.nguyenkim.com/dien-thoai-oppo-reno6-z-5g-8gb-128gb-bac.html; RENO6Z5G (CPH2237) ; Bạc ; OPPO ; Trung Quốc ;; 12 tháng ; Nguyễn Kim ; ColorOS 11.1  nền tảng Android 11 ; MTK Dimensity 800U 5G  tối đa 2.4GHz ; 8GB ; 128GB ; Hỗ trợ thẻ nhớ tối đa 256GB ;; Màn hình đục lỗ  AMOLED  Gorilla Glass 5  16 triệu màu ; 6.43 " ; (FHD+) 1080 x 2400 pixels ; 32MP ; 64MP (Chính) + 8MP (Góc rộng) + 2MP (Marco) ; Đèn flash sau ;;;; 2.4G/5G  802.11 a/b/g/n/ac ; 5.1 ; Có ;;; 4310mAh (Typ)  Sạc nhanh VOOC 4.0 30W ; Cảm biến vân tay (dưới màn hình) ;;;;;; 160.2 x 73.38 x 7.97 mm 
Điện thoại iPhone 12 64GB Xanh lá;16.090.000đ;https://www.nguyenkim.com/dien-thoai-iphone-12-64gb-xanh-la.html;https://www.nguyenkim.com/dien-thoai-iphone-12-64gb-xanh-la.html; iPhone 12 64GB ; Xanh lá ; Apple ; Trung Quốc ; 2020 ; 12 Tháng ; Nguyễn Kim ; iOS 14.1 ; Apple A14 Bionic ; 4 GB ; 64 GB ;; Có ; Super Retina XDR ; 6.1 inch " ; 2532 x 1170 pixels ; 12MP ; 12 MP (kép) ; Có ; 4K ; Có ;; Wi-Fi 6 (802.11ax) ; Bluetooth 5.0  ;; Type C ;;; 	Mở khóa bằng khuôn mặt ;;;;;; 146.7 x 71.5 x 7.4mm mm 
Samsung Galaxy S20+ Đen;23.990.000đ;https://www.nguyenkim.com/samsung-galaxy-s20-plus-93294.html;https://www.nguyenkim.com/samsung-galaxy-s20-plus-93294.html; SM-G985F/DS ; Đen ; Samsung ; Việt Nam ; 2020 ; 12 tháng ; Nguyễn Kim ; Android 10  One UI 2.1 ; Exynos 990 ; 8 GB ; 128 GB ;; Có ; Dynamic AMOLED 2x ; 6.7 " ;; 10 MP ; 4 MP + 12 MP+ 12 MP ;;; Có ; 2 Nano SIM ; Wi-Fi 802.11 a/b/g/n/ac  Dual-band  Wi-Fi Direct  Wi-Fi hotspot ; 2DP  LE  apt-X  v5.0 ; BDS  A-GPS  GLONASS ; USB Type-C ;; 4500 mAh ; Mở khoá khuôn mặt  Mở khoá vân tay dưới màn hình ; Nguyên khối ; Có  microphone chuyên dụng chống ồn ; Không ; Có ;;
Điện thoại Samsung Galaxy S20 Ultra Đen;23.992.000đ;https://www.nguyenkim.com/samsung-galaxy-s20-ultra.html?pid=93169;https://www.nguyenkim.com/samsung-galaxy-s20-ultra.html?pid=93169; SM-G988B/DS ; Xám ; Samsung ; Việt Nam ; 2020 ; 12 Tháng ; Nguyễn Kim ; Android 10  One UI 2.1 ; Exynos 990 ; 12 GB ; 128 GB ;; Có ; Dynamic AMOLED 2x ; 6.9 " ;; 40 MP ; 108 MP + 48 MP + 12 MP ;;; Có ; 2 Nano SIM ; Có ; Bluetooth 5.0 ; BDS  A-GPS  GLONASS ; USB Type-C ;; 5000 mAh ;; Nguyên khối ; Có  microphone chuyên dụng chống ồn ; Không ; Có ;;
Samsung Galaxy S20+ Xanh;19.192.000đ;https://www.nguyenkim.com/samsung-galaxy-s20-plus-93174.html;https://www.nguyenkim.com/samsung-galaxy-s20-plus-93174.html; SM-G985F/DS ; Xanh ; Samsung ; Việt Nam ; 2020 ; 12 Tháng ; Nguyễn Kim ; Android 10  One UI 2.1 ; Exynos 990 ; 8 GB ; 128 GB ;; Có ; Dynamic AMOLED 2x ; 6.7 " ;; 10 MP ; 4 MP + 12 MP+ 12 MP ;;; Có ; 2 Nano SIM ; Wi-Fi 802.11 a/b/g/n/ac  Dual-band  Wi-Fi Direct  Wi-Fi hotspot ; A2DP  LE  apt-X  v5.0 ; BDS  A-GPS  GLONASS ; USB Type-C ;; 4500 mAh ; Mở khoá khuôn mặt  Mở khoá vân tay dưới màn hình ; Nguyên khối ; Có  microphone chuyên dụng chống ồn ; Không ; Có ;;
Điện thoại Samsung Galaxy A52 4G 8GB/128GB Tím;9.290.000đ;https://www.nguyenkim.com/dien-thoai-samsung-galaxy-a52-4g-8gb-128gb-tim.html;https://www.nguyenkim.com/dien-thoai-samsung-galaxy-a52-4g-8gb-128gb-tim.html; SM-A525F/DS ; Tím ; Samsung ; Việt Nam ;; 12 tháng ; Nguyễn Kim ;; Vi xử lý 8 nhân Snapdragon 720G ; 8GB ; 128GB ;;; Màn hình tràn viền vô cực Super AMOLED Full HD+  độ sáng màn hình đến 800nit ; 6.5 " ;; 32MP ; 4 camera 64MP+12MP + 5MP + 5MP ;;;;;;;;;; 4500mAh  Công nghệ Sạc nhanh siêu tốc 25W ;;;;;;;