link,image_link,productname,description,sale_price,price,availability,condition,brand
http://viettelstore.vn/dien-thoai/iphone-12-pid145802.html,http://cdn.viettelstore.vn/images/Product/ProductImage/medium/iPhone-12-64GB-thumbnail-sub.jpg,iPhone 12 64GB,"KHÁCH HÀNG CHỌN MỘT TRONG CÁC KHUYẾN MẠI SAU: KHUYẾN MẠI 1: Trả góp 0% trên giá bán lẻ KHUYẾN MẠI 2: Giảm ngay đến 3,000,000đ cho Khách hàng Viettel nâng cấp lên gói cước trả sau V1000S (hoặc trợ giá tương đương 3 tháng cước cho các gói V300S, V500S, V700S)Chi tiết TẠI ĐÂY. KHUYẾN MẠI 3: Giảm ngay 2,000,000đ khi mua kèm gói cước trọn gói năm 12V300S (giá gốc 3,600,000đ). KHUYẾN MẠI 4: Giảm ngay 3,000,000đ khi mua kèm gói cước trọn gói năm 12V500S (giá gốc 6,000,000đ).KHÁCH HÀNG ĐƯỢC KHUYẾN MẠI T",18990000,20990000,in stock,new,Apple
http://viettelstore.vn/dien-thoai/iphone-12-128gb-pid159094.html,http://cdn.viettelstore.vn/images/Product/ProductImage/medium/iPhone-12-128GB-thumbnail-sub.jpg,iPhone 12 128GB,"KHÁCH HÀNG CHỌN MỘT TRONG CÁC KHUYẾN MẠI SAU: KHUYẾN MẠI 1: Trả góp 0% trên giá bán lẻ KHUYẾN MẠI 2: Giảm ngay đến 3,000,000đ cho Khách hàng Viettel nâng cấp lên gói cước trả sau V1000S (hoặc trợ giá tương đương 3 tháng cước cho các gói V300S, V500S, V700S)Chi tiết TẠI ĐÂY. KHUYẾN MẠI 3: Giảm ngay 2,000,000đ khi mua kèm gói cước trọn gói năm 12V300S (giá gốc 3,600,000đ). KHUYẾN MẠI 4: Giảm ngay 3,000,000đ khi mua kèm gói cước trọn gói năm 12V500S (giá gốc 6,000,000đ).KHÁCH HÀNG ĐƯỢC KHUYẾN MẠI T",20490000,22990000,in stock,new,Apple
http://viettelstore.vn/dien-thoai/iphone-12-mini-64gb-pid159096.html,http://cdn.viettelstore.vn/images/Product/ProductImage/medium/iPhone-12-mini-thumbnail-sub.jpg,iPhone 12 Mini 64GB,"KHÁCH HÀNG CHỌN MỘT TRONG CÁC KHUYẾN MẠI SAU: KHUYẾN MẠI 1: Trả góp 0% trên giá bán lẻ KHUYẾN MẠI 2: Giảm ngay đến 3,000,000đ cho Khách hàng Viettel nâng cấp lên gói cước trả sau V1000S (hoặc trợ giá tương đương 3 tháng cước cho các gói V300S, V500S, V700S)Chi tiết TẠI ĐÂY. KHUYẾN MẠI 3: Giảm ngay 1,800,000đ khi mua kèm gói cước trọn gói năm 12V300S (giá gốc 3,600,000đ).KHÁCH HÀNG ĐƯỢC KHUYẾN MẠI THÊM:  Miễn phí trả góp khi thanh toán online qua thẻ tín dụng của các Ngân hàng liên kết. Nhập mã V",15990000,17990000,in stock,new,Apple
http://viettelstore.vn/dien-thoai/iphone-12-pro-128gb-pid159098.html,http://cdn.viettelstore.vn/images/Product/ProductImage/medium/iPhone 12 Pro -Pro Max-Silv-1.jpg,iPhone 12 Pro 128GB,"KHÁCH HÀNG CHỌN MỘT TRONG CÁC KHUYẾN MẠI SAU: Khuyến mại 1: Trả góp 0% trên giá bán lẻ Khuyến mại 2: Giảm ngay đến 3,000,000đ cho Khách hàng Viettel nâng cấp lên gói cước trả sau V1000S (hoặc trợ giá tương đương 3 tháng cước cho các gói V300S, V500S, V700S)Chi tiết TẠI ĐÂY. Khuyến mại 3: Giảm ngay 1,800,000đ khi mua kèm gói cước trọn gói năm 12V300S (giá gốc 3,600,000đ). Khuyến mại 4: Giảm ngay 3,000,000đ khi mua kèm gói cước trọn gói năm 12V500S (giá gốc 6,000,000đ).KHÁCH HÀNG ĐƯỢC KHUYẾN MẠI T",26690000,28990000,in stock,new,Apple
http://viettelstore.vn/dien-thoai/iphone-12-pro-max-128gb-pid159099.html,http://cdn.viettelstore.vn/images/Product/ProductImage/medium/iPhone 12 Pro -Pro Max-Blu-1.jpg,iPhone 12 Pro Max 128GB,"KHÁCH HÀNG CHỌN MỘT TRONG CÁC KHUYẾN MẠI SAU: Khuyến mại 1: Trả góp 0% trên giá bán lẻ Khuyến mại 2: Giảm ngay đến 3,000,000đ cho Khách hàng Viettel nâng cấp lên gói cước trả sau V1000S (hoặc trợ giá tương đương 3 tháng cước cho các gói V300S, V500S, V700S)Chi tiết TẠI ĐÂY. Khuyến mại 3: Giảm ngay 2,000,000đ khi mua kèm gói cước trọn gói năm 12V300S (giá gốc 3,600,000đ). Khuyến mại 4: Giảm ngay 3,000,000đ khi mua kèm gói cước trọn gói năm 12V500S (giá gốc 6,000,000đ).KHÁCH HÀNG ĐƯỢC KHUYẾN MẠI T",29490000,30990000,in stock,new,Apple
http://viettelstore.vn/dien-thoai/iphone-12-mini-128gb-pid159165.html,http://cdn.viettelstore.vn/images/Product/ProductImage/medium/iPhone-12-mini-128GB-thumbnail-sub.jpg,iPhone 12 Mini 128GB,"KHÁCH HÀNG CHỌN MỘT TRONG CÁC KHUYẾN MẠI SAU: KHUYẾN MẠI 1: Trả góp 0% trên giá bán lẻ KHUYẾN MẠI 2: Giảm ngay đến 3,000,000đ cho Khách hàng Viettel nâng cấp lên gói cước trả sau V1000S (hoặc trợ giá tương đương 3 tháng cước cho các gói V300S, V500S, V700S)Chi tiết TẠI ĐÂY. KHUYẾN MẠI 3: Giảm ngay 1,800,000đ khi mua kèm gói cước trọn gói năm 12V300S (giá gốc 3,600,000đ).KHÁCH HÀNG ĐƯỢC KHUYẾN MẠI THÊM:  Miễn phí trả góp khi thanh toán online qua thẻ tín dụng của các Ngân hàng liên kết. Nhập mã V",16990000,19990000,in stock,new,Apple
http://viettelstore.vn/dien-thoai/iphone-12-pro-256gb-pid159260.html,http://cdn.viettelstore.vn/images/Product/ProductImage/medium/iPhone 12 Pro -Pro Max-Grap-1.jpg,iPhone 12 Pro 256GB,"Trả góp 0% trên giá bán lẻ - Nhập mã VTQR1TR giảm thêm 5% tối đa 1,000,000đ khi thanh toán qua VNPAY-QR - Giảm 10% cho phụ kiện Apple chính hãng (áp dụng trên giá bán lẻ). - Giảm 20% cho củ sạc 20W chính hãng (giá gốc: 590,000đ) - Miễn phí 03 tháng dùng thử gói iCloud 50GB (nhận ngay TẠI ĐÂY) - Bảo hiểm thiết bị di động rơi vỡ chỉ từ 1.255.000đ",27490000,30990000,in stock,new,Apple
http://viettelstore.vn/dien-thoai/iphone-12-pro-max-256gb-pid159262.html,http://cdn.viettelstore.vn/images/Product/ProductImage/medium/iPhone 12 Pro -Pro Max-Gol-11516714723.jpg,iPhone 12 Pro Max 256GB,"KHÁCH HÀNG CHỌN MỘT TRONG CÁC KHUYẾN MẠI SAU: Khuyến mại 1: Trả góp 0% trên giá bán lẻ Khuyến mại 2: Giảm ngay đến 3,000,000đ cho Khách hàng Viettel nâng cấp lên gói cước trả sau V1000S (hoặc trợ giá tương đương 3 tháng cước cho các gói V300S, V500S, V700S)Chi tiết TẠI ĐÂY. Khuyến mại 3: Giảm ngay 2,000,000đ khi mua kèm gói cước trọn gói năm 12V300S (giá gốc 3,600,000đ). Khuyến mại 4: Giảm ngay 3,000,000đ khi mua kèm gói cước trọn gói năm 12V500S (giá gốc 6,000,000đ).KHÁCH HÀNG ĐƯỢC KHUYẾN MẠI T",31990000,34990000,in stock,new,Apple
http://viettelstore.vn/dien-thoai/iphone-13-mini-128gb-pid288657.html,http://cdn.viettelstore.vn/images/Product/ProductImage/medium/'iPhone-13---mini-pik-1.jpg,iPhone 13 mini 128GB, Đặt trước ngay TẠI ĐÂY Dành cho khách hàng đã mua dòng iPhone 11 từ 01/11/2019 đến 31/12/2019 hoặc dòng iPhone 12 từ 27/11/2020 đến 31/01/2021: nhận ưu đãi đặc quyền TẠI ĐÂY.,20990000,20990000,in stock,new,Apple
http://viettelstore.vn/dien-thoai/iphone-13-mini-256gb-pid288658.html,http://cdn.viettelstore.vn/images/Product/ProductImage/medium/'iPhone-13---mini-midnight-1.jpg,iPhone 13 mini 256GB, Đặt trước ngay TẠI ĐÂY Dành cho khách hàng đã mua dòng iPhone 11 từ 01/11/2019 đến 31/12/2019 hoặc dòng iPhone 12 từ 27/11/2020 đến 31/01/2021: nhận ưu đãi đặc quyền TẠI ĐÂY.,23990000,23990000,in stock,new,Apple
http://viettelstore.vn/dien-thoai/iphone-13-128gb-pid288660.html,http://cdn.viettelstore.vn/images/Product/ProductImage/medium/'iPhone-13---mini-starlight-1.jpg,iPhone 13 128GB, Đặt trước ngay TẠI ĐÂY Dành cho khách hàng đã mua dòng iPhone 11 từ 01/11/2019 đến 31/12/2019 hoặc dòng iPhone 12 từ 27/11/2020 đến 31/01/2021: nhận ưu đãi đặc quyền TẠI ĐÂY.,23990000,23990000,in stock,new,Apple
http://viettelstore.vn/dien-thoai/iphone-13-256gb-pid288661.html,http://cdn.viettelstore.vn/images/Product/ProductImage/medium/'iPhone-13---mini-ble-1.jpg,iPhone 13 256GB, Đặt trước ngay TẠI ĐÂY Dành cho khách hàng đã mua dòng iPhone 11 từ 01/11/2019 đến 31/12/2019 hoặc dòng iPhone 12 từ 27/11/2020 đến 31/01/2021: nhận ưu đãi đặc quyền TẠI ĐÂY.,26990000,26990000,in stock,new,Apple
http://viettelstore.vn/dien-thoai/iphone-13-pro-128gb-pid288663.html,http://cdn.viettelstore.vn/images/Product/ProductImage/medium/'iPhone-13-Pro---Pro-Max-sir-1.jpg,iPhone 13 Pro 128GB, Đặt trước ngay TẠI ĐÂY Dành cho khách hàng đã mua dòng iPhone 11 từ 01/11/2019 đến 31/12/2019 hoặc dòng iPhone 12 từ 27/11/2020 đến 31/01/2021: nhận ưu đãi đặc quyền TẠI ĐÂY.,29990000,29990000,in stock,new,Apple
http://viettelstore.vn/dien-thoai/iphone-13-pro-256gb-pid288664.html,http://cdn.viettelstore.vn/images/Product/ProductImage/medium/'iPhone-13-Pro---Pro-Max-gld-1.jpg,iPhone 13 Pro 256GB, Đặt trước ngay TẠI ĐÂY Dành cho khách hàng đã mua dòng iPhone 11 từ 01/11/2019 đến 31/12/2019 hoặc dòng iPhone 12 từ 27/11/2020 đến 31/01/2021: nhận ưu đãi đặc quyền TẠI ĐÂY.,32990000,32990000,in stock,new,Apple
http://viettelstore.vn/dien-thoai/iphone-13-pro-512gb-pid288665.html,http://cdn.viettelstore.vn/images/Product/ProductImage/medium/'iPhone-13-Pro---Pro-Max-ghte-1.jpg,iPhone 13 Pro 512GB, Đặt trước ngay TẠI ĐÂY Dành cho khách hàng đã mua dòng iPhone 11 từ 01/11/2019 đến 31/12/2019 hoặc dòng iPhone 12 từ 27/11/2020 đến 31/01/2021: nhận ưu đãi đặc quyền TẠI ĐÂY.,37990000,37990000,in stock,new,Apple
http://viettelstore.vn/dien-thoai/iphone-13-pro-1tb-pid288666.html,http://cdn.viettelstore.vn/images/Product/ProductImage/medium/'iPhone-13-Pro---Pro-Max-ble-11982303710.jpg,iPhone 13 Pro 1TB, Đặt trước ngay TẠI ĐÂY Dành cho khách hàng đã mua dòng iPhone 11 từ 01/11/2019 đến 31/12/2019 hoặc dòng iPhone 12 từ 27/11/2020 đến 31/01/2021: nhận ưu đãi đặc quyền TẠI ĐÂY.,42990000,42990000,in stock,new,Apple
http://viettelstore.vn/dien-thoai/iphone-13-pro-max-128gb-pid288667.html,http://cdn.viettelstore.vn/images/Product/ProductImage/medium/'iPhone-13-Pro---Pro-Max-ble-1.jpg,iPhone 13 Pro Max 128GB,- Đặt trước ngay TẠI ĐÂY Dành cho khách hàng đã mua dòng iPhone 11 từ 01/11/2019 đến 31/12/2019 hoặc dòng iPhone 12 từ 27/11/2020 đến 31/01/2021: nhận ưu đãi đặc quyền TẠI ĐÂY.,32990000,32990000,in stock,new,Apple
http://viettelstore.vn/dien-thoai/iphone-13-pro-max-256gb-pid288668.html,http://cdn.viettelstore.vn/images/Product/ProductImage/medium/'iPhone-13-Pro---Pro-Max-ghte-1315305199.jpg,iPhone 13 Pro Max 256GB, Đặt trước ngay TẠI ĐÂY Dành cho khách hàng đã mua dòng iPhone 11 từ 01/11/2019 đến 31/12/2019 hoặc dòng iPhone 12 từ 27/11/2020 đến 31/01/2021: nhận ưu đãi đặc quyền TẠI ĐÂY.,35990000,35990000,in stock,new,Apple
http://viettelstore.vn/dien-thoai/iphone-13-pro-max-512gb-pid288669.html,http://cdn.viettelstore.vn/images/Product/ProductImage/medium/'iPhone-13-Pro---Pro-Max-gld-12069599610.jpg,iPhone 13 Pro Max 512GB, Đặt trước ngay TẠI ĐÂY Dành cho khách hàng đã mua dòng iPhone 11 từ 01/11/2019 đến 31/12/2019 hoặc dòng iPhone 12 từ 27/11/2020 đến 31/01/2021: nhận ưu đãi đặc quyền TẠI ĐÂY.,40990000,40990000,in stock,new,Apple
http://viettelstore.vn/dien-thoai/iphone-13-pro-max-1tb-pid288670.html,http://cdn.viettelstore.vn/images/Product/ProductImage/medium/'iPhone-13-Pro---Pro-Max-sir-1998793385.jpg,iPhone 13 Pro Max 1TB, Đặt trước ngay TẠI ĐÂY Dành cho khách hàng đã mua dòng iPhone 11 từ 01/11/2019 đến 31/12/2019 hoặc dòng iPhone 12 từ 27/11/2020 đến 31/01/2021: nhận ưu đãi đặc quyền TẠI ĐÂY.,45990000,45990000,in stock,new,Apple
http://viettelstore.vn/dien-thoai/samsung-galaxy-a03s-pid287354.html,http://cdn.viettelstore.vn/images/Product/ProductImage/medium/Galaxy-A03s-blk-1.jpg,Samsung Galaxy A03s, Trả góp 0% trên giá giảm,3490000,3690000,in stock,new,Samsung
http://viettelstore.vn/dien-thoai/samsung-galaxy-a52s-5g-pid287355.html,http://cdn.viettelstore.vn/images/Product/ProductImage/medium/Samsung-Galaxy-A52s-5G-grn-1.jpg,Samsung Galaxy A52s 5G,Trả góp 0% hoặc 0.5% trên giá giảm cuối Mua kèm gói cước giá chỉ 8.590.000đ (chi tiết TẠI ĐÂY) Ưu đãi mua Củ sạc chính hãng giá chỉ từ 330.000đ,10490000,10990000,in stock,new,Samsung
http://viettelstore.vn/dien-thoai/samsung-galaxy-z-fold3-5g-512gb-pid287702.html,http://cdn.viettelstore.vn/images/Product/ProductImage/medium/1Z-Fold3-5G-blk-1.jpg,Samsung Galaxy Z Fold3 5G 512GB,Khách hàng chọn 1 trong 3 Khuyến mại khi đặt hàng như sau: Khuyến mại 1:  - Tặng Phiếu mua hàng 1.000.000đ (áp dụng giảm giá) - Đổi điểm trên VT++ nhận thêm khuyến mại Phiếu mua hàng từ 1.000.000đ  Khuyến mại 2: Ưu đãi đặt hàng kèm gói cước trợ giá đến 12.000.000đ (Chi tiết TẠI ĐÂY)  Khuyến mại 3: Ưu đãi giảm đến 6.000.000đ cho khách hàng có mã Galaxy Gift trên Note20/Note20 Ultra/5G (máy kích hoạt từ 20/08-30/09/2020) ​ Áp dụng cho tất cả các Khách hàng: - Gói ưu đãi Dán màn hình 1 năm - Trả gó,44990000,44990000,in stock,new,Samsung
http://viettelstore.vn/dien-thoai/samsung-galaxy-z-flip3-5g-256gb-pid287703.html,http://cdn.viettelstore.vn/images/Product/ProductImage/medium/1Z-Flip3-5G-Lavender-1.jpg,Samsung Galaxy Z Flip3 5G 256GB,Khách hàng chọn 1 trong 3 Khuyến mại khi đặt hàng như sau: Khuyến mại 1:  - Tặng Phiếu mua hàng 1.000.000đ (áp dụng giảm giá) - Đổi điểm trên VT++ nhận thêm khuyến mại Phiếu mua hàng từ 1.000.000đ  Khuyến mại 2: Ưu đãi đặt hàng kèm gói cước trợ giá đến 12.000.000đ (Chi tiết TẠI ĐÂY)  Khuyến mại 3: Ưu đãi giảm đến 6.000.000đ cho khách hàng có mã Galaxy Gift trên Note20/Note20 Ultra/5G (máy kích hoạt từ 20/08-30/09/2020) ​ Áp dụng cho tất cả các Khách hàng: - Gói ưu đãi Dán màn hình 1 năm - Trả gó,26990000,26990000,in stock,new,Samsung
http://viettelstore.vn/dien-thoai/samsung-galaxy-s20-fe-256gb-pid197421.html,http://cdn.viettelstore.vn/images/Product/ProductImage/medium/1Multi-LOGO.jpg,Samsung Galaxy S20 FE 256GB," Trả góp 0% trên giá giảm Ưu đãi mua Củ sạc chính hãng giá chỉ từ 330.000đ, Tai nghe Type C chính hãng giá chỉ 320.000đ (Tai nghe có dây Samsung AKG Type C) Nâng trải nghiệm, Siêu tiết kiệm mua kèm gói cước giá chỉ từ 9.990.000đ (chi tiết tại đây)",12490000,15490000,in stock,new,Samsung
http://viettelstore.vn/dien-thoai/samsung-galaxy-z-fold3-5g-256gb-pid198038.html,http://cdn.viettelstore.vn/images/Product/ProductImage/medium/1Z-Fold3-5G-grn-1.jpg,Samsung Galaxy Z Fold3 5G 256GB,Khách hàng chọn 1 trong 3 Khuyến mại khi đặt hàng như sau: Khuyến mại 1:  - Tặng Phiếu mua hàng 1.000.000đ (áp dụng giảm giá) - Đổi điểm trên VT++ nhận thêm khuyến mại Phiếu mua hàng từ 1.000.000đ  Khuyến mại 2: Ưu đãi đặt hàng kèm gói cước trợ giá đến 12.000.000đ (Chi tiết TẠI ĐÂY)  Khuyến mại 3: Ưu đãi giảm đến 6.000.000đ cho khách hàng có mã Galaxy Gift trên Note20/Note20 Ultra/5G (máy kích hoạt từ 20/08-30/09/2020) ​ Áp dụng cho tất cả các Khách hàng: - Gói ưu đãi Dán màn hình 1 năm - Trả gó,41990000,41990000,in stock,new,Samsung
http://viettelstore.vn/dien-thoai/samsung-galaxy-z-flip3-5G-128GB-pid198040.html,http://cdn.viettelstore.vn/images/Product/ProductImage/medium/1Z-Flip3-5G-Cream-1.jpg,Samsung Galaxy Z Flip3 5G 128GB,Khách hàng chọn 1 trong 3 Khuyến mại khi đặt hàng như sau: Khuyến mại 1:  - Tặng Phiếu mua hàng 1.000.000đ (áp dụng giảm giá) - Đổi điểm trên VT++ nhận thêm khuyến mại Phiếu mua hàng từ 1.000.000đ  Khuyến mại 2: Ưu đãi đặt hàng kèm gói cước trợ giá đến 12.000.000đ (Chi tiết TẠI ĐÂY)  Khuyến mại 3: Ưu đãi giảm đến 6.000.000đ cho khách hàng có mã Galaxy Gift trên Note20/Note20 Ultra/5G (máy kích hoạt từ 20/08-30/09/2020) ​ Áp dụng cho tất cả các Khách hàng: - Gói ưu đãi Dán màn hình 1 năm - Trả gó,24990000,24990000,in stock,new,Samsung
http://viettelstore.vn/dien-thoai/samsung-galaxy-a22-pid198602.html,http://cdn.viettelstore.vn/images/Product/ProductImage/medium/Samsung-Galaxy-A22-grn-1.jpg,Samsung Galaxy A22,Giảm thêm 200.000đ khi mua Online (Áp dụng 200 suất)  Trả góp 0% trên giá giảm Mua kèm gói cước giá chỉ 4.540.000đ (chi tiết tại đây),5490000,5890000,in stock,new,Samsung
http://viettelstore.vn/dien-thoai/samsung-galaxy-z-fold-2-pid155565.html,http://cdn.viettelstore.vn/images/Product/ProductImage/medium/Galaxy Z Fold 2-1.jpg,Samsung Galaxy Z Fold 2," Trả góp 0% trên giá giảm
  Thẻ đặc quyền Elite
 Tặng gói bảo hành mở rộng Samsung Care+
 Ưu đãi phòng chờ thương gia",36000000,50000000,in stock,new,Samsung
http://viettelstore.vn/dien-thoai/samsung-e1200-pid110.html,http://cdn.viettelstore.vn/images/Product/ProductImage/medium/samsung-e1200.jpg,Samsung E1200,Bảo hành chính hãng 12 tháng,349000,349000,in stock,new,Samsung
http://viettelstore.vn/dien-thoai/samsung-galaxy-s21-pid149239.html,http://cdn.viettelstore.vn/images/Product/ProductImage/medium/1Multi-LOGO1438904933.jpg,Samsung Galaxy S21+ 5G 8/128GB, Tặng Thiết bị định vị thông minh Smart tag trị giá 1.090.000đ Mua kèm gói cước giá chỉ từ 14.490.000đ (chi tiết tại đây) Trả góp 0% với FE hoặc 0.5% với HC trên giá giảm cuối hoặc trả góp 0% qua thẻ tín dụng Ưu đãi mua Củ sạc chính hãng giá chỉ từ 330.000đ,20990000,25990000,in stock,new,Samsung
http://viettelstore.vn/dien-thoai/samsung-galaxy-s21-ultra-5g-pid149240.html,http://cdn.viettelstore.vn/images/Product/ProductImage/medium/1Multi-LOGO1709649337.jpg,Samsung Galaxy S21 Ultra 5G 12/128GB," Tặng Thiết bị định vị thông minh Smart tag trị giá 1.090.000đ Mua kèm gói cước giá chỉ từ 19.490.000đ (chi tiết tại đây) Trả góp 0% với FE hoặc 0.5% với HC trên giá giảm cuối hoặc trả góp 0% qua thẻ tín dụng Ưu đãi mua Củ sạc chính hãng giá chỉ từ 330.000đ, Tai nghe Type C chính hãng giá chỉ 320.000đ (Tai nghe có dây Samsung AKG Type C)",25990000,30990000,in stock,new,Samsung
http://viettelstore.vn/dien-thoai/samsung-galaxy-a12-pid163063.html,http://cdn.viettelstore.vn/images/Product/ProductImage/medium/A12629688290.jpg,Samsung Galaxy A12," Trả góp 0% trên giá giảm Nâng trải nghiệm, Siêu tiết kiệm mua kèm gói cước giá chỉ từ 2.690.000đ (chi tiết tại đây)",3990000,4290000,in stock,new,Samsung
http://viettelstore.vn/dien-thoai/samsung-galaxy-a02s-a025-4-64gb-pid183066.html,http://cdn.viettelstore.vn/images/Product/ProductImage/medium/Samsung-Galaxy-A20s-A025-Blu-2.jpg,Samsung Galaxy A02s A025 4/64GB,Bảo hành chính hãng 12 tháng,3390000,3590000,in stock,new,Samsung
http://viettelstore.vn/dien-thoai/samsung-galaxy-a52-pid183193.html,http://cdn.viettelstore.vn/images/Product/ProductImage/medium/1Multi-LOGO2118424811.jpg,Samsung Galaxy A52 8/128GB,"Áp dụng hết 18/10/2021 Trả góp 0% trên giá giảm Nâng trải nghiệm, Siêu tiết kiệm mua kèm gói cước giá chỉ từ 6.890.000đ (chi tiết tại đây)",8290000,9290000,in stock,new,Samsung
http://viettelstore.vn/dien-thoai/samsung-galaxy-a72-pid183194.html,http://cdn.viettelstore.vn/images/Product/ProductImage/medium/1Multi-LOGO1823588463.jpg,Samsung Galaxy A72 8/256GB," Trả góp 0% trên giá giảm Ưu đãi mua Ốp lưng chính hãng giá chỉ 99.000đ (mã hàng Ốp lưng Silicone Samsung A725) Nâng trải nghiệm, Siêu tiết kiệm mua kèm gói cước giá chỉ từ 8.790.000đ (chi tiết tại đây)",10090000,11490000,in stock,new,Samsung
http://viettelstore.vn/dien-thoai/samsung-galaxy-a32-4g-pid183195.html,http://cdn.viettelstore.vn/images/Product/ProductImage/medium/A32.jpg,Samsung Galaxy A32 4G,Giảm thêm 200.000đ khi mua Online (Áp dụng 200 suất)  Trả góp 0% trên giá giảm Mua kèm gói cước giá chỉ 4.590.000đ (chi tiết tại đây),6290000,6690000,in stock,new,Samsung
http://viettelstore.vn/dien-thoai/samsung-galaxy-a32-5g-pid183196.html,http://cdn.viettelstore.vn/images/Product/ProductImage/medium/Samsung-Galaxy-A326-Pur.jpg,Samsung Galaxy A32 5G," Trả góp 0% (làm Hợp đồng trên giá giảm) Tặng kèm 02 Ốp lưng chính hãng Nâng trải nghiệm, Siêu tiết kiệm mua kèm gói cước giá rẻ hơn 1.200.000đ  (chi tiết tại đây)",6790000,7690000,in stock,new,Samsung
http://viettelstore.vn/dien-thoai/samsung-galaxy-s21--5g-8-256gb-pid186683.html,http://cdn.viettelstore.vn/images/Product/ProductImage/medium/1Multi-LOGO614983824.jpg,Samsung Galaxy S21+ 5G 8/256GB, Tặng Thiết bị định vị thông minh Smart tag trị giá 1.090.000đ Mua kèm gói cước giá chỉ từ 18.490.000đ (chi tiết tại đây) Trả góp 0% với FE hoặc 0.5% với HC trên giá giảm cuối hoặc trả góp 0% qua thẻ tín dụng Ưu đãi mua Củ sạc chính hãng giá chỉ từ 330.000đ,23990000,28990000,in stock,new,Samsung
http://viettelstore.vn/dien-thoai/samsung-galaxy-s21-ultra-5g-12-256gb-pid186691.html,http://cdn.viettelstore.vn/images/Product/ProductImage/medium/1Multi-LOGO581410799.jpg,Samsung Galaxy S21 Ultra 5G 12/256GB," Tặng Thiết bị định vị thông minh Smart tag trị giá 1.090.000đ Mua kèm gói cước giá chỉ từ 22.490.000đ (chi tiết tại đây) Trả góp 0% với FE hoặc 0.5% với HC trên giá giảm cuối hoặc trả góp 0% qua thẻ tín dụng Ưu đãi mua Củ sạc chính hãng giá chỉ từ 330.000đ, Tai nghe Type C chính hãng giá chỉ 320.000đ (Tai nghe có dây Samsung AKG Type C)",28990000,33990000,in stock,new,Samsung
http://viettelstore.vn/dien-thoai/samsung-galaxy-z-fold-2-5g-phien-ban-mua-he-pid197053.html,http://cdn.viettelstore.vn/images/Product/ProductImage/medium/SS-Galaxy-Z-Fold-2-DB-Bla-1.jpg,Samsung Galaxy Z Fold 2 5G Phiên bản mùa hè," Trả góp 0% trên giá giảm qua nhà tài chính hoặc thẻ tín dụng 
  Thẻ đặc quyền Elite
 Tặng gói bảo hành mở rộng Samsung Care+
 Ưu đãi phòng chờ thương gia",36000000,50000000,in stock,new,Samsung
http://viettelstore.vn/dien-thoai/nokia-c20-pid195919.html,http://cdn.viettelstore.vn/images/Product/ProductImage/medium/Nokia-C20-Gol-1.jpg,Nokia C20," Tặng phiếu mua hàng 300.000đ
 Trả góp 0% trên giá giảm
 Giảm thêm 5% tối đa 50.000đ khi thanh toán qua VNPAY
 Tặng áo thun (Số lượng có hạn)
 Bảo hiểm thiết bị di động rơi vỡ chỉ từ 165.000đ",2290000,2290000,in stock,new,Nokia
http://viettelstore.vn/dien-thoai/nokia-215-4g-pid162587.html,http://cdn.viettelstore.vn/images/Product/ProductImage/medium/Nokia 215 4G-Bla-1.jpg,Nokia 215 4G," Giảm ngay 100.000đ (Đã trừ vào giá)
 Giảm 5% tối đa 50.000đ khi thanh toán qua VNPAY
 Giảm giá 30% thẻ nhớ 8G khi mua kèm máy
 Bảo hiểm thiết bị di động rơi vỡ chỉ từ 165.000đ",650000,750000,in stock,new,Nokia
http://viettelstore.vn/dien-thoai/nokia-6300-4g-pid162588.html,http://cdn.viettelstore.vn/images/Product/ProductImage/medium/Nokia 6300 4G-Grey-1.jpg,Nokia 6300 4G," Tặng Phiếu mua hàng 300.000đ
 Giảm 5% tối đa 50.000đ khi thanh toán qua VNPAY
 Giảm giá 30% thẻ nhớ 8G khi mua kèm máy
 Bảo hiểm thiết bị di động rơi vỡ chỉ từ 165.000đ",1290000,1290000,in stock,new,Nokia
http://viettelstore.vn/dien-thoai/nokia-2-4-pid158002.html,http://cdn.viettelstore.vn/images/Product/ProductImage/medium/Nokia 2.4-Bla-1.jpg,Nokia 2.4," Tặng phiếu mua hàng 700.000đ
 Giảm thêm 5% tối đa 50.000đ khi thanh toán qua VNPAY
 Tặng  Sạc dự phòng 2600 mAhGionee hoặc túi đeo chéo Coolpad/ Philips (Số lượng có hạn)
 Bảo hiểm thiết bị di động rơi vỡ chỉ từ 165.000đ",2690000,2690000,in stock,new,Nokia
http://viettelstore.vn/dien-thoai/nokia-105-ss--2019--pid141352.html,http://cdn.viettelstore.vn/images/Product/ProductImage/medium/637052619080188510_nokia-105-2019-xanh-1.png,Nokia 105 SS (2019)," Giảm 5% tối đa 50.000đ khi thanh toán qua VNPAY
 Giảm giá 30% thẻ nhớ 8G khi mua kèm máy
 Bảo hiểm thiết bị di động rơi vỡ chỉ từ 165.000đ",389000,389000,in stock,new,Nokia
http://viettelstore.vn/dien-thoai/nokia-150--2020-pid150393.html,http://cdn.viettelstore.vn/images/Product/ProductImage/medium/nokia-150-2020-ra-mat-2.jpg,Nokia 150 (2020)," Giảm 5% tối đa 50.000đ khi thanh toán qua VNPAY
 Giảm giá 30% thẻ nhớ 8G khi mua kèm máy
 Bảo hiểm thiết bị di động rơi vỡ chỉ từ 165.000đ",680000,680000,in stock,new,Nokia
http://viettelstore.vn/dien-thoai/nokia-105-4g-pid199010.html,http://cdn.viettelstore.vn/images/Product/ProductImage/medium/Nokia-105-4G-red-1.jpg,Nokia 105 4G," Giảm 5% tối đa 50.000đ khi thanh toán qua VNPAY
 Giảm giá 30% thẻ nhớ 8G khi mua kèm máy
 Bảo hiểm thiết bị di động rơi vỡ chỉ từ 165.000đ",710000,710000,in stock,new,Nokia
http://viettelstore.vn/dien-thoai/nokia-110-4g-pid199011.html,http://cdn.viettelstore.vn/images/Product/ProductImage/medium/Nokia-110-4G-gld-1.jpg,Nokia 110 4G," Giảm 5% tối đa 50.000đ khi thanh toán qua VNPAY
 Giảm giá 30% thẻ nhớ 8G khi mua kèm máy
 Bảo hiểm thiết bị di động rơi vỡ chỉ từ 165.000đ",810000,810000,in stock,new,Nokia
http://viettelstore.vn/dien-thoai/nokia-c30-pid288216.html,http://cdn.viettelstore.vn/images/Product/ProductImage/medium/Nokia-C30-grn-1.jpg,Nokia C30," Tặng phiếu mua hàng 200.000đ
 Trả góp 0% trên giá giảm
 Giảm thêm 5% tối đa 50.000đ khi thanh toán qua VNPAY
 Bảo hiểm thiết bị di động rơi vỡ chỉ từ 165.000đ",2990000,2990000,in stock,new,Nokia
http://viettelstore.vn/dien-thoai/oppo-a55-pid288847.html,http://cdn.viettelstore.vn/images/Product/ProductImage/medium/OPPO-A55-ble-1.jpg,OPPO A55," Trả góp 0% (Làm Hợp đồng trên giá bán lẻ)
- Nhập mã VIETTELQR giảm 5% tối đa 50.000d khi thanh toán qua VNPAY
- Bảo hiểm thiết bị di động rơi vỡ chỉ từ 270.000đ",4990000,4990000,in stock,new,Oppo
http://viettelstore.vn/dien-thoai/oppo-a74-pid198080.html,http://cdn.viettelstore.vn/images/Product/ProductImage/medium/OPPO-A74-Blu-1.jpg,OPPO A74," Trả góp 0% (Làm Hợp đồng trên giá bán lẻ)
 Tặng Phiếu mua hàng 200.000Đ (Khách mua trả góp được trừ tiền trả trước)
 Nhập mã VIETTELQR giảm 5% tối đa 50.000d khi thanh toán qua VNPAY
 Mua trả góp kèm gói cước V150E giá rẻ hơn 900.000đ (hoặc trợ giá tương đương 3 tháng cước cho các gói Subsidy cam kết 12 tháng, 6 tháng cho gói cam kết 18 tháng)
 Bảo hiểm thiết bị di động rơi vỡ chỉ từ 445.000đ",6690000,6690000,in stock,new,Oppo
http://viettelstore.vn/dien-thoai/oppo-reno6-5g-pid198561.html,http://cdn.viettelstore.vn/images/Product/ProductImage/medium/Reno6-5G-sil-1.jpg,OPPO Reno6 5G," Trả góp 0% trên giá bán lẻ
 Tặng loa bluetooth Tekin L6
 Nhập mã VTQR500 giảm 5% tối đa 500.000d khi thanh toán qua VNPAY 
 Mua trả góp kèm gói cước V200E giá rẻ hơn 1.200.000đ  (hoặc trợ giá tương đương 3 tháng cước cho các gói Subsidy cam kết 12 tháng, 6 tháng cho gói cam kết 18 tháng)
 Bảo hiểm thiết bị di động rơi vỡ chỉ từ 769.000đ",12990000,12990000,in stock,new,Oppo
http://viettelstore.vn/dien-thoai/oppo-reno6-z-pid198564.html,http://cdn.viettelstore.vn/images/Product/ProductImage/medium/OPPO-Reno6-Z-ble-1.jpg,OPPO Reno6 Z 5G," Trả góp 0% trên giá bán lẻKhách mua trả góp được trừ tiền trả trước 300.000đ
 Tặng Phiếu mua hàng 300.000đ
 Nhập mã VIETTELQR giảm 5% tối đa 50.000d khi thanh toán qua VNPAY
 Mua trả góp kèm gói cước V200E giá rẻ hơn 1.200.000đ  (hoặc trợ giá tương đương 3 tháng cước cho các gói Subsidy cam kết 12 tháng, 6 tháng cho gói cam kết 18 tháng)
 Bảo hiểm thiết bị di động rơi vỡ chỉ từ 445.000đ",9490000,9490000,in stock,new,Oppo
http://viettelstore.vn/dien-thoai/oppo-a52-pid156784.html,http://cdn.viettelstore.vn/images/Product/ProductImage/medium/OPPO A52-Bla-1.jpg,OPPO A52," Nhập mã VIETTELQR giảm 5% tối đa 50.000d khi thanh toán qua VNPAY
 Bảo hiểm thiết bị di động rơi vỡ chỉ từ 445.000đ",5190000,5990000,in stock,new,Oppo
http://viettelstore.vn/dien-thoai/oppo-a15-pid179083.html,http://cdn.viettelstore.vn/images/Product/ProductImage/medium/1OPPO-A15-Bla-1.jpg,OPPO A15," Nhập mã VIETTELQR giảm 5% tối đa 50.000d khi thanh toán qua VNPAY
 Bảo hiểm thiết bị di động rơi vỡ chỉ từ 270.000đ",3490000,3490000,in stock,new,Oppo
http://viettelstore.vn/dien-thoai/oppo-a15s-pid180800.html,http://cdn.viettelstore.vn/images/Product/ProductImage/medium/1-OPPO-A15s-Blu-1.jpg,OPPO A15s," Trả góp 0% trên giá bán lẻ
 Nhập mã VIETTELQR giảm 5% tối đa 50.000d khi thanh toán qua VNPAY
 Mua trả góp kèm gói cước V120E giá rẻ hơn 720.000đ  (hoặc trợ giá tương đương 3 tháng cước cho các gói Subsidy cam kết 12 tháng, 6 tháng cho gói cam kết 18 tháng)
 Bảo hiểm thiết bị di động rơi vỡ chỉ từ 270.000đ",3990000,3990000,in stock,new,Oppo
http://viettelstore.vn/dien-thoai/OPPO-A54-pid181174.html,http://cdn.viettelstore.vn/images/Product/ProductImage/medium/OPPO-A54-Blu-1.jpg,OPPO A54," Trả góp 0% trên giá bán lẻ
 Nhập mã VIETTELQR giảm 5% tối đa 50.000d khi thanh toán qua VNPAY
 Mua trả góp kèm gói cước V120E giá rẻ hơn 720.000đ  (hoặc trợ giá tương đương 3 tháng cước cho các gói Subsidy cam kết 12 tháng, 6 tháng cho gói cam kết 18 tháng)
 Bảo hiểm thiết bị di động rơi vỡ chỉ từ 270.000đ",4690000,4690000,in stock,new,Oppo
http://viettelstore.vn/dien-thoai/oppo-a73-pid181204.html,http://cdn.viettelstore.vn/images/Product/ProductImage/medium/OPPO-A73-Oran-1.jpg,OPPO A73," Trả góp 0% (Làm Hợp đồng trên giá bán lẻ) hoặc tặng Phiếu mua hàng 200.000đ
 Nhập mã VIETTELQR giảm 5% tối đa 50.000d khi thanh toán qua VNPAY
 Mua trả góp kèm gói cước V150E giá rẻ hơn 900.000đ  (hoặc trợ giá tương đương 3 tháng cước cho các gói Subsidy cam kết 12 tháng, 6 tháng cho gói cam kết 18 tháng)
 Bảo hiểm thiết bị di động rơi vỡ chỉ từ 445.000đ",5490000,5490000,in stock,new,Oppo
http://viettelstore.vn/dien-thoai/oppo-reno5-5g-pid182674.html,http://cdn.viettelstore.vn/images/Product/ProductImage/medium/OPPO-Reno5-5G-Sil-1.jpg,OPPO Reno5 5G," Nhập mã VTQR500 giảm 5% tối đa 500.000d khi thanh toán qua VNPAY
 Mua trả góp mất lãi kèm gói cước V200E giá rẻ hơn 1.200.000đ  (hoặc trợ giá tương đương 3 tháng cước cho các gói Subsidy cam kết 12 tháng, 6 tháng cho gói cam kết 18 tháng)
 Bảo hiểm thiết bị di động rơi vỡ chỉ từ 769.000đ",10990000,11990000,in stock,new,Oppo
http://viettelstore.vn/dien-thoai/oppo-find-x3-pro-5g-pid197211.html,http://cdn.viettelstore.vn/images/Product/ProductImage/medium/'OPPO-Find-X3-Pro-5G-1.jpg,OPPO Find X3 Pro 5G," Trả góp 0% (Làm Hợp đồng trên giá bán lẻ)Khách mua trả góp được trừ tiền trả trước 2.000.000đ
 Nhập mã VTQR1TR giảm 5% tối đa 1.000.000d khi thanh toán qua VNPAY
 Mua trả góp kèm gói cước V400E giá rẻ hơn 2.400.000đ  (hoặc trợ giá tương đương 3 tháng cước cho các gói Subsidy cam kết 12 tháng, 6 tháng cho gói cam kết 18 tháng)
 Bảo hiểm thiết bị di động rơi vỡ chỉ từ 1.255.000đ",24990000,26990000,in stock,new,Oppo
http://viettelstore.vn/dien-thoai/oppo-a94-pid186207.html,http://cdn.viettelstore.vn/images/Product/ProductImage/medium/OPPO-A94-Pur-11.jpg,OPPO A94," Trả góp 0% (Làm Hợp đồng trên giá bán lẻ) (Khách mua trả góp được trừ tiền trả trước 400.000đ)
 Nhập mã VIETTELQR giảm 5% tối đa 50.000d khi thanh toán qua VNPAY
 Mua trả góp kèm gói cước V150E giá rẻ hơn 900.000đ  (hoặc trợ giá tương đương 3 tháng cước cho các gói Subsidy cam kết 12 tháng, 6 tháng cho gói cam kết 18 tháng)
 Bảo hiểm thiết bị di động rơi vỡ chỉ từ 445.000đ",7290000,7690000,in stock,new,Oppo
http://viettelstore.vn/dien-thoai/masstel-play-50-pid157516.html,http://cdn.viettelstore.vn/images/Product/ProductImage/medium/Masstel Play 50-Bla-2.jpg,Masstel Play 50," Giảm 5% tối đa 50.000đ khi thanh toán qua VNPAY
  Giảm giá 30% thẻ nhớ 8G khi mua kèm máy
 Bảo hiểm thiết bị di động rơi vỡ chỉ từ 165.000đ",550000,550000,in stock,new,Masstel
http://viettelstore.vn/dien-thoai/masstel-izi-125-pid197293.html,http://cdn.viettelstore.vn/images/Product/ProductImage/medium/Masstel-Izi-125-Bla-1.jpg,Masstel Izi 125," Giảm 5% tối đa 50.000đ khi thanh toán qua VNPAY
  Giảm giá 30% thẻ nhớ 8G khi mua kèm máy
 Bảo hiểm thiết bị di động rơi vỡ chỉ từ 165.000đ",250000,250000,in stock,new,Masstel
http://viettelstore.vn/dien-thoai/masstel-fami-11-pid156700.html,http://cdn.viettelstore.vn/images/Product/ProductImage/medium/Masstel Fami 11-1.jpg,Masstel Fami 11," Tặng nhiệt kế thủy ngân (Số lượng có hạn)
 Giảm 5% tối đa 50.000đ khi thanh toán qua VNPAY
 Giảm giá 30% thẻ nhớ 8G khi mua kèm máy
 Bảo hiểm thiết bị di động rơi vỡ chỉ từ 165.000đ",330000,380000,in stock,new,Masstel
http://viettelstore.vn/dien-thoai/masstel-fami-p20-pid154474.html,http://cdn.viettelstore.vn/images/Product/ProductImage/medium/Fami P20-Bla-1.jpg,Masstel Fami P20," Tặng nhiệt kế thủy ngân (Số lượng có hạn)
 Giảm 5% tối đa 50.000đ khi thanh toán qua VNPAY
 Giảm giá 30% thẻ nhớ 8G khi mua kèm máy
 Bảo hiểm thiết bị di động rơi vỡ chỉ từ 165.000đ",550000,550000,in stock,new,Masstel
http://viettelstore.vn/dien-thoai/masstel-fami-s2-pid138032.html,http://cdn.viettelstore.vn/images/Product/ProductImage/medium/1823661920.jpg,Masstel Fami S2," Tặng nhiệt kế thủy ngân (Số lượng có hạn)
 Giảm 5% tối đa 50.000đ khi thanh toán qua VNPAY
 Giảm giá 30% thẻ nhớ 8G khi mua kèm máy
 Bảo hiểm thiết bị di động rơi vỡ chỉ từ 165.000đ",550000,550000,in stock,new,Masstel
http://viettelstore.vn/dien-thoai/masstel-fami-12-pid112393.html,http://cdn.viettelstore.vn/images/Product/ProductImage/medium/11370565121.jpg,Masstel Fami 12," Tặng nhiệt kế thủy ngân (Số lượng có hạn)
 Giảm 5% tối đa 50.000đ khi thanh toán qua VNPAY
 Giảm giá 30% thẻ nhớ 8G khi mua kèm máy
 Bảo hiểm thiết bị di động rơi vỡ chỉ từ 165.000đ",450000,490000,in stock,new,Masstel
http://viettelstore.vn/dien-thoai/masstel-izi-230-pid150099.html,http://cdn.viettelstore.vn/images/Product/ProductImage/medium/izi230-Gold.jpg,Masstel Izi 230," Giảm 5% tối đa 50.000đ khi thanh toán qua VNPAY
  Giảm giá 30% thẻ nhớ 8G khi mua kèm máy
 Bảo hiểm thiết bị di động rơi vỡ chỉ từ 165.000đ",380000,380000,in stock,new,Masstel
http://viettelstore.vn/dien-thoai/masstel-izi-300-pid150100.html,http://cdn.viettelstore.vn/images/Product/ProductImage/medium/izi300-ID-confirmed-Vang Gold.jpg,Masstel Izi 300," Giảm 5% tối đa 50.000đ khi thanh toán qua VNPAY
  Giảm giá 30% thẻ nhớ 8G khi mua kèm máy
 Bảo hiểm thiết bị di động rơi vỡ chỉ từ 165.000đ",450000,450000,in stock,new,Masstel
http://viettelstore.vn/dien-thoai/dien-thoai-di-dong-philips-xenium-e506-4g-pid199008.html,http://cdn.viettelstore.vn/images/Product/ProductImage/medium/Philips-Xenium-E506-4G-red-1.jpg,Điện thoại di động Philips Xenium E506 4G," Giảm 5% tối đa 50.000đ khi thanh toán qua VNPAYQR
 Bảo hiểm thiết bị di động rơi vỡ chỉ từ 165.000đ",730000,730000,in stock,new,Philips
http://viettelstore.vn/dien-thoai/die-n-thoa-i-di-do-ng-philips-xenium-e527-4g-pid199009.html,http://cdn.viettelstore.vn/images/Product/ProductImage/medium/Philips-Xenium-E527-4G-ble-1.jpg,Điện thoại di động Philips Xenium E527 4G," Giảm 5% tối đa 50.000đ khi thanh toán qua VNPAYQR
 Bảo hiểm thiết bị di động rơi vỡ chỉ từ 165.000đ",880000,880000,in stock,new,Philips
http://viettelstore.vn/dien-thoai/vivo-x70-pro-pid288310.html,http://cdn.viettelstore.vn/images/Product/ProductImage/medium/Vivo-X70-Pro-blk-1.jpg,Vivo X70 Pro,Bảo hành chính hãng 12 tháng,19990000,19990000,in stock,new,Vivo
http://viettelstore.vn/dien-thoai/vivo-y53s-pid198071.html,http://cdn.viettelstore.vn/images/Product/ProductImage/medium/Vivo-Y53s-ble-1o.jpg,Vivo Y53S,"Khách lựa chọn 1 trong 2 Chương trình Khuyến mại sau: Khách trả thẳng: Tặng Phiếu mua hàng 200.000đ Khách trả góp: Góp 0% trên giá bán lẻ, Tặng Phiếu mua hàng 200.000đ trừ vào tiền trả trước hoặc tặng Phiếu mua hàng phụ kiện 200.0000đKhuyến mại chungNhập mã VIETTELQR giảm 5% tối đa 50.000d khi thanh toán qua VNPAY Mua trả góp kèm gói cước V150E giá rẻ hơn 900.000đ  (hoặc trợ giá tương đương 3 tháng cước cho các gói Subsidy cam kết 12 tháng, 6 tháng cho gói cam kết 18 tháng) Bảo hiểm thiết bị di ",6990000,6990000,in stock,new,Vivo
http://viettelstore.vn/dien-thoai/vivo-y20-2021-pid197503.html,http://cdn.viettelstore.vn/images/Product/ProductImage/medium/VV-Y20-Blu-1.jpg,Vivo Y20 2021," Trả góp 0% hoặc tặng Phiếu mua hàng 300.000đ
 Nhập mã VIETTELQR giảm 5% tối đa 50.000d khi thanh toán qua VNPAY
 Bảo hiểm thiết bị di động rơi vỡ chỉ từ 270.000đ",3990000,3990000,in stock,new,Vivo
http://viettelstore.vn/dien-thoai/vivo-y21-pid287708.html,http://cdn.viettelstore.vn/images/Product/ProductImage/medium/Vivo-Y21-whe-12.jpg,Vivo Y21," Trả góp 0% trên giá bán lẻ
 Nhập mã VIETTELQR giảm 5% tối đa 50.000d khi thanh toán qua VNPAY
 Bảo hiểm thiết bị di động rơi vỡ chỉ từ 270.000đ",4290000,4290000,in stock,new,Vivo
http://viettelstore.vn/dien-thoai/vivo-y21s-4gb-128gb-pid287709.html,http://cdn.viettelstore.vn/images/Product/ProductImage/medium/Vivo-Y21s-whe-1.jpg,Vivo Y21s 4GB/128GB,"Khách lựa chọn 1 trong 2 Chương trình Khuyến mại sau: Khách trả thẳng: Tặng Phiếu mua hàng 100.000đ Khách trả góp: Trả góp 0% trên giá bán lẻ, Tặng Phiếu mua hàng 100.000đ trừ vào tiền trả trước hoặc tặng Phiếu mua hàng phụ kiện 100.000đKhuyến mại chung: Nhập mã VIETTELQR giảm 5% tối đa 50.000d khi thanh toán qua VNPAY Mua trả góp kèm gói cước V150E giá rẻ hơn 900.000đ  (hoặc trợ giá tương đương 3 tháng cước cho các gói Subsidy cam kết 12 tháng, 6 tháng cho gói cam kết 18 tháng) Bảo hiểm thiết b",5290000,5290000,in stock,new,Vivo
http://viettelstore.vn/dien-thoai/vivo-y21s-6gb-128gb-pid287710.html,http://cdn.viettelstore.vn/images/Product/ProductImage/medium/Vivo-Y21s-ble-1.jpg,Vivo Y21s 6GB/128GB,"Khách lựa chọn 1 trong 2 Chương trình Khuyến mại sau: Khách trả thẳng: Tặng Phiếu mua hàng 150.000đ Khách trả góp: Trả góp 0% trên giá bán lẻ, Tặng Phiếu mua hàng 150.000đ trừ vào tiền trả trước hoặc tặng Phiếu mua hàng phụ kiện 150.000đKhuyến mại chung: Nhập mã VIETTELQR giảm 5% tối đa 50.000d khi thanh toán qua VNPAY Mua trả góp kèm gói cước V150E giá rẻ hơn 900.000đ  (hoặc trợ giá tương đương 3 tháng cước cho các gói Subsidy cam kết 12 tháng, 6 tháng cho gói cam kết 18 tháng) Bảo hiểm thiết b",5990000,5990000,in stock,new,Vivo
http://viettelstore.vn/dien-thoai/vivo-y20-pid155473.html,http://cdn.viettelstore.vn/images/Product/ProductImage/medium/VV Y20-Blu-1.jpg,Vivo Y20," Trả góp 0% hoặc tặng Phiếu mua hàng 300.000đ
 Nhập mã VIETTELQR giảm 5% tối đa 50.000d khi thanh toán qua VNPAY
 Bảo hiểm thiết bị di động rơi vỡ chỉ từ 270.000đ",3990000,3990000,in stock,new,Vivo
http://viettelstore.vn/dien-thoai/vivo-y20s-pid156953.html,http://cdn.viettelstore.vn/images/Product/ProductImage/medium/Y20s-Bla-1.jpg,Vivo Y20s,"Khách hàng lựa chọn 1 trong 2 Chương trình Khuyến mại sau:
 Khách trả thẳng, tặng Phiếu mua hàng 500.000Đ 
 Khách trả góp 0% trên giá bán lẻ,Tặng Phiếu mua hàng 300.000Đ trừ vào tiền trả trước  qua FE hoặc Phiếu mua hàng phụ kiện 300.000Đ qua Home
 Nhập mã VIETTELQR giảm 5% tối đa 50.000d khi thanh toán qua VNPAY
 Mua trả góp kèm gói cước V120E giá rẻ hơn 720.000đ  (hoặc trợ giá tương đương 3 tháng cước cho các gói Subsidy cam kết 12 tháng, 6 tháng cho gói cam kết 18 tháng)
 Bảo hiểm thiết bị di động rơi vỡ chỉ từ 270.000đ",4990000,4990000,in stock,new,Vivo
http://viettelstore.vn/dien-thoai/vivo-v20-se-pid160470.html,http://cdn.viettelstore.vn/images/Product/ProductImage/medium/1Vivo-V20-SE-Bla-1.jpg,Vivo V20 SE," Trả góp 0% trên giá bán lẻ (Khách mua trả góp được trừ Phiếu mua hàng 800.000đ vào tiền trả trước)
 Nhập mã VIETTELQR giảm 5% tối đa 50.000d khi thanh toán qua VNPAY
 Mua trả góp kèm gói cước V200E giá rẻ hơn 1.200.000đ  (hoặc trợ giá tương đương 3 tháng cước cho các gói Subsidy cam kết 12 tháng, 6 tháng cho gói cam kết 18 tháng)
 Bảo hiểm thiết bị di động rơi vỡ chỉ từ 445.000đ",6190000,7190000,in stock,new,Vivo
http://viettelstore.vn/dien-thoai/vivo-v20-pid157476.html,http://cdn.viettelstore.vn/images/Product/ProductImage/medium/2MIDNIGHT JAZZ-1.jpg,Vivo V20," Trả góp 0% trên giá bán lẻ (Khách mua trả góp được trừ Phiếu mua hàng 1.000.000đ vào tiền trả trước)
 Nhập mã VIETTELQR giảm 5% tối đa 50.000d khi thanh toán qua VNPAY
 Mua trả góp kèm gói cước V200E giá rẻ hơn 1.200.000đ  (hoặc trợ giá tương đương 3 tháng cước cho các gói Subsidy cam kết 12 tháng, 6 tháng cho gói cam kết 18 tháng)
 Bảo hiểm thiết bị di động rơi vỡ chỉ từ 445.000đ",7090000,8490000,in stock,new,Vivo
http://viettelstore.vn/dien-thoai/vivo-y51-2020-pid179574.html,http://cdn.viettelstore.vn/images/Product/ProductImage/medium/Vivo-Y51-2020-Sil-1.jpg,Vivo Y51 2020,"Khách hàng lựa chọn 1 trong 2 Chương trình Khuyến mại sau:
 Khách trả thẳng, tặng Phiếu mua hàng 600.000Đ 
 Khách trả góp 0% trên giá bán lẻ,Tặng Phiếu mua hàng 600.000Đ trừ vào tiền trả trước  qua FE hoặc Phiếu mua hàng phụ kiện 600.000Đ qua Home
 Nhập mã VIETTELQR giảm 5% tối đa 50.000d khi thanh toán qua VNPAY
 Mua kèm gói cước V150E giá rẻ hơn 900.000đ  (hoặc trợ giá tương đương 3 tháng cước cho các gói Subsidy cam kết 12 tháng, 6 tháng cho gói cam kết 18 tháng)
 Bảo hiểm thiết bị di động rơi vỡ chỉ từ 445.000đ",6290000,6290000,in stock,new,Vivo
http://viettelstore.vn/dien-thoai/vivo-v21-5g-pid197254.html,http://cdn.viettelstore.vn/images/Product/ProductImage/medium/vivo-V21-5G.png,Vivo V21 5G,"Khách hàng lựa chọn 1 trong 2 Chương trình Khuyến mại sau:
 Khách trả thẳng, tặng Phiếu mua hàng 500.000Đ 
 Khách trả góp 0% trên giá bán lẻ,Tặng Phiếu mua hàng 500.000Đ trừ vào tiền trả trước  qua FE hoặc Phiếu mua hàng phụ kiện 500.000Đ qua Home


Khuyến mại chung:
 Nhập mã VIETTELQR giảm 5% tối đa 50.000d khi thanh toán qua VNPAY
 Mua trả góp kèm gói cước V200E giá rẻ hơn 1.200.000đ  (hoặc trợ giá tương đương 3 tháng cước cho các gói Subsidy cam kết 12 tháng, 6 tháng cho gói cam kết 18 tháng)
 Bảo hiểm thiết bị di động rơi vỡ chỉ từ 445.000đ",9990000,9990000,in stock,new,Vivo
http://viettelstore.vn/dien-thoai/vivo-y72-5g-pid187256.html,http://cdn.viettelstore.vn/images/Product/ProductImage/medium/Vivo-Y72-5G-Blu-1.jpg,Vivo Y72 5G,"Khách hàng lựa chọn 1 trong 2 Chương trình Khuyến mại sau:
 Khách trả thẳng, tặng Phiếu mua hàng 500.000Đ 
 Khách trả góp 0% trên giá bán lẻ,Tặng Phiếu mua hàng 500.000Đ trừ vào tiền trả trước  qua FE hoặc Phiếu mua hàng phụ kiện 500.000Đ qua Home


Khuyến mại chung:
 Tặng loa Bluetooth HH16
 Nhập mã VIETTELQR giảm 5% tối đa 50.000d khi thanh toán qua VNPAY
 Mua trả góp kèm gói cước V200E giá rẻ hơn 1.200.000đ  (hoặc trợ giá tương đương 3 tháng cước cho các gói Subsidy cam kết 12 tháng, 6 tháng cho gói cam kết 18 tháng)
 Bảo hiểm thiết bị di động rơi vỡ chỉ từ 445.000đ",7990000,7990000,in stock,new,Vivo
http://viettelstore.vn/dien-thoai/vivo-y12s-2021-pid195675.html,http://cdn.viettelstore.vn/images/Product/ProductImage/medium/Vivo-Y12S-Bla-1.jpg,Vivo Y12S 2021," Nhập mã VIETTELQR giảm 5% tối đa 50.000d khi thanh toán qua VNPAY
 Bảo hiểm thiết bị di động rơi vỡ chỉ từ 270.000đ",3290000,3290000,in stock,new,Vivo
http://viettelstore.vn/dien-thoai/itel-5618-pid186318.html,http://cdn.viettelstore.vn/images/Product/ProductImage/medium/Itel-5618-Blu-1.jpg,Itel 5618," Tặng đồng hồ Itel (Số lượng có hạn)
  Giảm 5% tối đa 50.000đ khi thanh toán qua VNPAY
 Giảm giá 30% thẻ nhớ 8G khi mua kèm máy
 Bảo hiểm thiết bị di động rơi vỡ chỉ từ 165.000đ",420000,420000,in stock,new,Itel
http://viettelstore.vn/dien-thoai/Itel-6131-pid180051.html,http://cdn.viettelstore.vn/images/Product/ProductImage/medium/Itel-6131-Blu.jpg,Itel 6131," Tặng túi đeo chéo Philips/ Coolpad (Số lượng có hạn)
 Giảm 5% tối đa 50.000đ khi thanh toán qua VNPAY
 Giảm giá 30% thẻ nhớ 8G khi mua kèm máy
 Bảo hiểm thiết bị di động rơi vỡ chỉ từ 165.000đ",420000,420000,in stock,new,Itel
http://viettelstore.vn/dien-thoai/itel-9200-pid179360.html,http://cdn.viettelstore.vn/images/Product/ProductImage/medium/Itel-9200-Bla-1.jpg,Itel 9200," Giảm 5% tối đa 50.000đ khi thanh toán qua VNPAY
  Giảm giá 30% thẻ nhớ 8G khi mua kèm máy
 Bảo hiểm thiết bị di động rơi vỡ chỉ từ 165.000đ",850000,850000,in stock,new,Itel
http://viettelstore.vn/dien-thoai/itel-5026-pid156693.html,http://cdn.viettelstore.vn/images/Product/ProductImage/medium/Itel 5026-Blue-1.jpg,Itel 5026," Tặng quạt Mini Fan Itel (Số lượng có hạn)
 Giảm 5% tối đa 50.000đ khi thanh toán qua VNPAY
 Giảm giá 30% thẻ nhớ 8G khi mua kèm máy
 Bảo hiểm thiết bị di động rơi vỡ chỉ từ 165.000đ",350000,350000,in stock,new,Itel
http://viettelstore.vn/dien-thoai/itel-it2161-pid129999.html,http://cdn.viettelstore.vn/images/Product/ProductImage/medium/1740154768.jpg,Itel it2161," Giảm 5% tối đa 50.000đ khi thanh toán qua VNPAY
  Giảm giá 30% thẻ nhớ 8G khi mua kèm máy
 Bảo hiểm thiết bị di động rơi vỡ chỉ từ 165.000đ",250000,250000,in stock,new,Itel
http://viettelstore.vn/dien-thoai/itel-it2173-pid154471.html,http://cdn.viettelstore.vn/images/Product/ProductImage/medium/Itel 2173-Gray-1.jpg,Itel it2173," Giảm 5% tối đa 50.000đ khi thanh toán qua VNPAY
  Giảm giá 30% thẻ nhớ 8G khi mua kèm máy
 Bảo hiểm thiết bị di động rơi vỡ chỉ từ 165.000đ",290000,290000,in stock,new,Itel
http://viettelstore.vn/dien-thoai/itel-it2590-pid154472.html,http://cdn.viettelstore.vn/images/Product/ProductImage/medium/1-Itel 2590-1.jpg,Itel it2590," Giảm 5% tối đa 50.000đ khi thanh toán qua VNPAY
  Giảm giá 30% thẻ nhớ 8G khi mua kèm máy
 Bảo hiểm thiết bị di động rơi vỡ chỉ từ 165.000đ",450000,450000,in stock,new,Itel
http://viettelstore.vn/dien-thoai/itel-a48-pid234340.html,http://cdn.viettelstore.vn/images/Product/ProductImage/medium/Itel-A48-ple-1.jpg,Itel A48,Tặng Phiếu mua hàng 100.000đ (áp dụng khách hàng mua online) Tặng đồng hồ đeo tay Itel L6006 (A48) Giảm 5% tối đa 50.000đ khi thanh toán qua VNPAY Giảm giá 30% thẻ nhớ 8G khi mua kèm máy Bảo hiểm thiết bị di động rơi vỡ chỉ từ 165.000đ,2190000,2190000,in stock,new,Itel
http://viettelstore.vn/dien-thoai/itel-a26-pid288790.html,http://cdn.viettelstore.vn/images/Product/ProductImage/medium/Itel-A26-1.jpg,Itel A26,Giảm 5% tối đa 50.000đ khi thanh toán qua VNPAY - Giảm giá 30% thẻ nhớ 8G khi mua kèm máy - Bảo hiểm thiết bị di động rơi vỡ chỉ từ 165.000đ,1990000,1990000,in stock,new,Itel
http://viettelstore.vn/dien-thoai/vsmart-bee-3-pid147877.html,http://cdn.viettelstore.vn/images/Product/ProductImage/medium/1Vsmart-Bee-3.jpg,Vsmart Bee 3," Áp dụng khách hàng mua online giảm thêm 100.000đ
 1 đổi 1 trong 101 ngày đối với những máy lỗi do nhà sản xuất
 Bảo hành 18 tháng
 Giảm 5% tối đa 50.000đ khi thanh toán qua VNPAYQR
 Bảo hiểm thiết bị di động rơi vỡ chỉ từ 165.000đ",1490000,1590000,in stock,new,Vsmart
http://viettelstore.vn/dien-thoai/vsmart-bee-lite-2-pid196024.html,http://cdn.viettelstore.vn/images/Product/ProductImage/medium/Vsmart-Bee-Lite-2-Grn-1.jpg,Vsmart Bee Lite 2," 1 đổi 1 trong 101 ngày đối với những máy lỗi do nhà sản xuất
 Bảo hành 18 tháng
 Giảm 5% tối đa 50.000đ khi thanh toán qua VNPAYQR
 Bảo hiểm thiết bị di động rơi vỡ chỉ từ 165.000đ",1590000,1590000,in stock,new,Vsmart
http://viettelstore.vn/dien-thoai/realme-narzo-30a-pid197047.html,http://cdn.viettelstore.vn/images/Product/ProductImage/medium/realme-Narzo-30A-blu-1.jpg,Realme Narzo 30A," Nhập mã VIETTELQR giảm 5% tối đa 50.000d khi thanh toán qua VNPAY
 Bảo hiểm thiết bị di động rơi vỡ chỉ từ 270.000đ",3790000,3990000,in stock,new,Realme
http://viettelstore.vn/dien-thoai/realme-8-pid195790.html,http://cdn.viettelstore.vn/images/Product/ProductImage/medium/Realme-8-Sil-1.jpg,Realme 8," Trả góp 0% (Làm Hợp đồng trên giá bán lẻ, trừ 500.000đ vào tiền trả trước )
 Nhập mã VIETTELQR giảm 5% tối đa 50.000d khi thanh toán qua VNPAY
 Bảo hiểm thiết bị di động rơi vỡ chỉ từ 445.000đ",6790000,7290000,in stock,new,Realme
http://viettelstore.vn/dien-thoai/realme-c25-pid186983.html,http://cdn.viettelstore.vn/images/Product/ProductImage/medium/Realme-C25-Grey-1.jpg,Realme C25," Trả góp 0% trên giá bán lẻ (khách mua trả góp trừ tiền trả trước 100.000đ)
 Tặng Phiếu mua hàng 200.000đ
 Nhập mã VIETTELQR giảm 5% tối đa 50.000d khi thanh toán qua VNPAY
 Mua trả góp kèm gói cước V120E giá rẻ hơn 720.000đ  (hoặc trợ giá tương đương 3 tháng cước cho các gói Subsidy cam kết 12 tháng, 6 tháng cho gói cam kết 18 tháng
 Bảo hiểm thiết bị di động rơi vỡ chỉ từ 270.000đ",4690000,4690000,in stock,new,Realme
http://viettelstore.vn/dien-thoai/realme-c20-pid180196.html,http://cdn.viettelstore.vn/images/Product/ProductImage/medium/realme-C20-Grey-1.jpg,Realme C20," Nhập mã VIETTELQR giảm 5% tối đa 50.000d khi thanh toán qua VNPAY
 Bảo hiểm thiết bị di động rơi vỡ chỉ từ 165.000đ",2590000,2690000,in stock,new,Realme
http://viettelstore.vn/dien-thoai/realme-c17-pid163648.html,http://cdn.viettelstore.vn/images/Product/ProductImage/medium/Realme C17-Blu-1.jpg,Realme C17," Trả góp 0% trên giá bán lẻ (Khách mua trả góp trừ 400.000đ vào tiền trả trước)
 Nhập mã VIETTELQR giảm 5% tối đa 50.000d khi thanh toán qua VNPAY
 Bảo hiểm thiết bị di động rơi vỡ chỉ từ 270.000đ",4890000,5290000,in stock,new,Realme
http://viettelstore.vn/dien-thoai/realme-c12-pid154865.html,http://cdn.viettelstore.vn/images/Product/ProductImage/medium/Realme C12-Blu-1.jpg,Realme C12," Nhập mã VIETTELQR giảm 5% tối đa 50.000d khi thanh toán qua VNPAY
 Bảo hiểm thiết bị di động rơi vỡ chỉ từ 270.000đ",3190000,3490000,in stock,new,Realme
http://viettelstore.vn/dien-thoai/realme-7i-pid157208.html,http://cdn.viettelstore.vn/images/Product/ProductImage/medium/Realme 7i-Blu-1.jpg,Realme 7i," Nhập mã VIETTELQR giảm 5% tối đa 50.000d khi thanh toán qua VNPAY
 Bảo hiểm thiết bị di động rơi vỡ chỉ từ 445.000đ",5890000,6290000,in stock,new,Realme
http://viettelstore.vn/dien-thoai/realme-6-4gb-128gb-pid147072.html,http://cdn.viettelstore.vn/images/Product/ProductImage/medium/Realme-6-Whit-1.jpg,Realme 6 (4GB/128GB),Bảo hành chính hãng 12 tháng,5990000,5990000,in stock,new,Realme
http://viettelstore.vn/dien-thoai/realme-c11-2021-pid197895.html,http://cdn.viettelstore.vn/images/Product/ProductImage/medium/realme-C20-Blu-1.jpg,Realme C11 2021," Nhập mã VIETTELQR giảm 5% tối đa 50.000d khi thanh toán qua VNPAY
 Bảo hiểm thiết bị di động rơi vỡ chỉ từ 165.000đ",2790000,2790000,in stock,new,Realme
http://viettelstore.vn/dien-thoai/realme-c21y-pid198687.html,http://cdn.viettelstore.vn/images/Product/ProductImage/medium/Realme-C21Y-ble-1.jpg,Realme C21Y," Trả góp 0% trên giá bán lẻ
 Nhập mã VIETTELQR giảm 5% tối đa 50.000d khi thanh toán qua VNPAY
 Mua trả góp kèm gói cước V120E giá rẻ hơn 720.000đ  (hoặc trợ giá tương đương 3 tháng cước cho các gói Subsidy cam kết 12 tháng, 6 tháng cho gói cam kết 18 tháng)
 Bảo hiểm thiết bị di động rơi vỡ chỉ từ 270.000đ",3490000,3490000,in stock,new,Realme
http://viettelstore.vn/dien-thoai/realme-c25s-pid199108.html,http://cdn.viettelstore.vn/images/Product/ProductImage/medium/Realme-C25s-ble-1.jpg,Realme C25s," Trả góp 0% trên giá bán lẻ
 Tặng Phiếu mua hàng 200.000đ
 Nhập mã VIETTELQR giảm 5% tối đa 50.000d khi thanh toán qua VNPAY
 Mua trả góp kèm gói cước V120E giá rẻ hơn 720.000đ  (hoặc trợ giá tương đương 3 tháng cước cho các gói Subsidy cam kết 12 tháng, 6 tháng cho gói cam kết 18 tháng)
 Bảo hiểm thiết bị di động rơi vỡ chỉ từ 270.000đ",4990000,4990000,in stock,new,Realme
http://viettelstore.vn/dien-thoai/realme-8-5g-pid199218.html,http://cdn.viettelstore.vn/images/Product/ProductImage/medium/realme-8-5G-ble-1.jpg,Realme 8 5G," Trả góp 0% (Làm Hợp đồng trên giá bán lẻ, trừ 500.000đ vào tiền trả trước Hoặc Trả góp 0% trên giá 7.590.000, trừ 100.000đ vào tiền trả trước)
 Nhập mã VIETTELQR giảm 5% tối đa 50.000d khi thanh toán qua VNPAY
 Bảo hiểm thiết bị di động rơi vỡ chỉ từ 445.000đ",7490000,7990000,in stock,new,Realme
http://viettelstore.vn/dien-thoai/xiaomi-redmi-note-10s-pid197449.html,http://cdn.viettelstore.vn/images/Product/ProductImage/medium/Xiaomi-Redmi-Note-10S-Whi-1.jpg,Xiaomi Redmi Note 10S 8/128GB," Trả góp lãi suất 0% trên giá bán lẻ trừ 200.000đ tiền trả trước hoặc trả góp lãi suất 0% trên giá bán lẻ tặng Phiếu mua hàng phụ kiện 200.000đ
 Nhập mã VTQR500 giảm thêm 5% tối đa 500.000đ khi thanh toán qua VNPAY
 Bảo hành chính hãng 18 tháng
 Tặng cơ hội mua Mi Band 4C giá sốc 290.000đ
 Giảm giá đến 45% Sạc dự phòng khi mua cùng (PB70, PD15, QE10005CQGY)
 Mua trả góp kèm gói cước V200E giá rẻ hơn 1.200.000đ (hoặc trợ giá tương đương 3 tháng cước cho các gói Subsidy cam kết 12 tháng, 6 tháng cho gói cam kết 18 tháng)
 Bảo hiểm thiết bị di động rơi vỡ chỉ từ 445.000đ",6290000,6490000,in stock,new,Xiaomi
http://viettelstore.vn/dien-thoai/xiaomi-redmi-10-4-64gb-pid287920.html,http://cdn.viettelstore.vn/images/Product/ProductImage/medium/Xiaomi-Redmi-10-4GB-ble-1.jpg,Xiaomi Redmi 10 4/64GB," Trả góp lãi suất 0%
 Nhập mã VTQR500 giảm thêm 5% tối đa 500.000đ khi thanh toán qua VNPAY
 Bảo hành chính hãng 18 tháng
 Tặng cơ hội mua Mi Band 4C giá sốc 290.000đ
 Giảm giá đến 45% Sạc dự phòng khi mua cùng (PB70, PD15, QE10005CQGY)
 Bảo hiểm thiết bị di động rơi vỡ chỉ từ 270.000đ",3990000,3990000,in stock,new,Xiaomi
http://viettelstore.vn/dien-thoai/xiaomi-redmi-10-4-128gb-pid287921.html,http://cdn.viettelstore.vn/images/Product/ProductImage/medium/Xiaomi-Redmi-10-4GB-ble-12049989547.jpg,Xiaomi Redmi 10 4/128GB," Trả góp lãi suất 0%
 Nhập mã VTQR500 giảm thêm 5% tối đa 500.000đ khi thanh toán qua VNPAY
 Bảo hành chính hãng 18 tháng
 Tặng cơ hội mua Mi Band 4C giá sốc 290.000đ
 Giảm giá đến 45% Sạc dự phòng khi mua cùng (PB70, PD15, QE10005CQGY)
 Bảo hiểm thiết bị di động rơi vỡ chỉ từ 270.000đ",4290000,4290000,in stock,new,Xiaomi
http://viettelstore.vn/dien-thoai/xiaomi-redmi-9c-4-128gb-pid288015.html,http://cdn.viettelstore.vn/images/Product/ProductImage/medium/Xiaomi-Redmi-9C-Oran-18TH.jpg,Xiaomi Redmi 9C 4/128GB," Trả góp lãi suất 0%
 Nhập mã VTQR500 giảm thêm 5% tối đa 500.000đ khi thanh toán qua VNPAY
 Bảo hành chính hãng 18 tháng
 Tặng cơ hội mua Mi Band 4C giá sốc 290.000đ
 Giảm giá đến 45% Sạc dự phòng khi mua cùng (PB70, PD15, QE10005CQGY)
 Bảo hiểm thiết bị di động rơi vỡ chỉ từ 270.000đ",3490000,3490000,in stock,new,Xiaomi
http://viettelstore.vn/dien-thoai/xiaomi-11-lite-5g-ne-8-128gb-pid288671.html,http://cdn.viettelstore.vn/images/Product/ProductImage/medium/Mi-11-Lite-5G-pik-1.jpg,Xiaomi 11 Lite 5G NE 8/128GB,"Khách hàng lựa chọn 1 trong 2 khuyến mại sau: - Mua thẳng tặng gói data V120, chi tiết liên hệ 18008123.  - Trả góp lãi suất 0% trên giá bán lẻ trừ 100.000đ tiền trả trước hoặc trả góp lãi suất 0% trên giá bán lẻ tặng Phiếu mua hàng phụ kiện 100.000đ  - Tặng Gói bảo hiểm rơi vỡ 6 tháng áp dụng cho khách hàng mua từ 08/10/2021 đến ngày 08/11/2021 - Nhập mã VTQR500 giảm thêm 5% tối đa 500.000đ khi thanh toán qua VNPAY - Bảo hành chính hãng 18 tháng - Tặng cơ hội mua Mi Band 4C giá sốc 290.000đ - G",9490000,9490000,in stock,new,Xiaomi
http://viettelstore.vn/dien-thoai/xiaomi-redmi-9a-2-32gb-pid152135.html,http://cdn.viettelstore.vn/images/Product/ProductImage/medium/BH18m-Redmi-9A.jpg,Xiaomi Redmi 9A 2/32GB," Bảo hành chính hãng 18 tháng
 Tặng cơ hội mua Mi Band 4C giá sốc 290.000đ
 Giảm giá đến 45% Sạc dự phòng khi mua cùng (PB70, PD15, QE10005CQGY)
 Bảo hiểm thiết bị di động rơi vỡ chỉ từ 165.000đ",2190000,2190000,in stock,new,Xiaomi
http://viettelstore.vn/dien-thoai/xiaomi-redmi-9c-2-32gb-pid153256.html,http://cdn.viettelstore.vn/images/Product/ProductImage/medium/Xiaomi-Redmi-9C-18TH.jpg,Xiaomi Redmi 9C 2/32GB," Nhập mã VIETTELQR giảm thêm 5% tối đa 50.000đ khi thanh toán qua VNPAY
 Bảo hành chính hãng 18 tháng
 Tặng cơ hội mua Mi Band 4C giá sốc 290.000đ
 Giảm giá đến 45% Sạc dự phòng khi mua cùng (PB70, PD15, QE10005CQGY)
 Bảo hiểm thiết bị di động rơi vỡ chỉ từ 165.000đ",2490000,2490000,in stock,new,Xiaomi
http://viettelstore.vn/dien-thoai/xiaomi-redmi-9c-3-64gb-pid153257.html,http://cdn.viettelstore.vn/images/Product/ProductImage/medium/Xiaomi-Redmi-9C-Grey-18TH.jpg,Xiaomi Redmi 9C 3/64GB," Nhập mã VTQR500 giảm thêm 5% tối đa 500.000đ khi thanh toán qua VNPAY
 Bảo hành chính hãng 18 tháng
 Tặng cơ hội mua Mi Band 4C giá sốc 290.000đ
 Giảm giá đến 45% Sạc dự phòng khi mua cùng (PB70, PD15, QE10005CQGY)
 Bảo hiểm thiết bị di động rơi vỡ chỉ từ 165.000đ",2990000,2990000,in stock,new,Xiaomi
http://viettelstore.vn/dien-thoai/xiaomi-mi-10t-pro-5g-8-256gb-pid158176.html,http://cdn.viettelstore.vn/images/Product/ProductImage/medium/LG-5G-Xiaomi-Mi-10T-Pro-5G-8GB-128GB-Bla-1.jpg,Xiaomi Mi 10T Pro 5G 8/256GB,Bảo hành chính hãng 12 tháng,12990000,12990000,in stock,new,Xiaomi
http://viettelstore.vn/dien-thoai/xiaomi-redmi-9-4-64gb-pid179419.html,http://cdn.viettelstore.vn/images/Product/ProductImage/medium/Redmi-9-4-64-Purl-1.jpg,Xiaomi Redmi 9 4/64GB,Bảo hành chính hãng 12 tháng,3990000,3990000,in stock,new,Xiaomi
http://viettelstore.vn/dien-thoai/xiaomi-redmi-note-10-pro-pid182723.html,http://cdn.viettelstore.vn/images/Product/ProductImage/medium/Xiaomi-Redmi-Note-10-Pro-Blu-1.jpg,Xiaomi Redmi Note 10 Pro 8/128GB," Trả góp lãi suất 0% trên giá bán lẻ trừ 200.000đ tiền trả trước hoặc trả góp lãi suất 0% trên giá bán lẻ tặng Phiếu mua hàng phụ kiện 200.000đ
 Nhập mã VIETTELQR giảm thêm 5% tối đa 50.000đ khi thanh toán qua VNPAY
 Bảo hành chính hãng 18 tháng
 Tặng cơ hội mua Mi Band 4C giá sốc 290.000đ
 Giảm giá đến 45% Sạc dự phòng khi mua cùng (PB70, PD15, QE10005CQGY)
 Mua trả góp kèm gói cước V200E giá rẻ hơn 1.200.000đ  (hoặc trợ giá tương đương 3 tháng cước cho các gói Subsidy cam kết 12 tháng, 6 tháng cho gói cam kết 18 tháng)
 Bảo hiểm thiết bị di động rơi vỡ chỉ từ 445.000đ",7290000,7490000,in stock,new,Xiaomi
http://viettelstore.vn/dien-thoai/xiaomi-redmi-note-10-pro-6-128gb-pid183885.html,http://cdn.viettelstore.vn/images/Product/ProductImage/medium/Xiaomi-Redmi-Note-10-Pro-Gol-1.jpg,Xiaomi Redmi Note 10 Pro 6/128GB," Trả góp lãi suất 0% trên giá bán lẻ trừ 200.000đ tiền trả trước hoặc trả góp lãi suất 0% trên giá bán lẻ tặng Phiếu mua hàng phụ kiện 200.000đ
 Nhập mã VIETTELQR giảm thêm 5% tối đa 50.000đ khi thanh toán qua VNPAY
 Bảo hành chính hãng 18 tháng
 Tặng cơ hội mua Mi Band 4C giá sốc 290.000đ
 Giảm giá đến 45% Sạc dự phòng khi mua cùng (PB70, PD15, QE10005CQGY)
 Mua trả góp kèm gói cước V200E giá rẻ hơn 1.200.000đ  (hoặc trợ giá tương đương 3 tháng cước cho các gói Subsidy cam kết 12 tháng, 6 tháng cho gói cam kết 18 tháng)
 Bảo hiểm thiết bị di động rơi vỡ chỉ từ 445.000đ",6790000,6990000,in stock,new,Xiaomi
http://viettelstore.vn/dien-thoai/xiaomi-redmi-note-10-5g-pid183887.html,http://cdn.viettelstore.vn/images/Product/ProductImage/medium/Xiaomi-Redmi-Note-10-5G-Blu-1.jpg,Xiaomi Redmi Note 10 5G 4/128GB," Trả góp lãi suất 0%
 Nhập mã VTQR500 giảm thêm 5% tối đa 500.000đ khi thanh toán qua VNPAY
 Bảo hành chính hãng 18 tháng
 Tặng cơ hội mua Mi Band 4C giá sốc 290.000đ
 Giảm giá đến 45% Sạc dự phòng khi mua cùng (PB70, PD15, QE10005CQGY)
 Bảo hiểm thiết bị di động rơi vỡ chỉ từ 445.000đ",5290000,5290000,in stock,new,Xiaomi
