phone_id;source;price;url
0;cellphoneS;10020000; https://cellphones.com.vn/apple-iphone-8-64-gb-chinh-hang-vn.html   
1;cellphoneS;13000000; https://cellphones.com.vn/apple-iphone-xr-128-gb-chinh-hang-vn.html 
2;cellphoneS;12900000; https://cellphones.com.vn/apple-iphone-xr-64-gb-chinh-hang-vn.html  
3;cellphoneS;0; https://cellphones.com.vn/asus-8z.html                              
4;cellphoneS;20490000; https://cellphones.com.vn/asus-rog-phone-2.html                     
5;cellphoneS;17490000; https://cellphones.com.vn/asus-rog-phone-3.html                     
6;cellphoneS;0; https://cellphones.com.vn/asus-rog-phone-5-pro.html                 
7;cellphoneS;0; https://cellphones.com.vn/asus-rog-phone-5-ultimate.html            
8;cellphoneS;18990000; https://cellphones.com.vn/asus-rog-phone-5.html                     
9;cellphoneS;17990000; https://cellphones.com.vn/asus-rog-phone-5s-12gb.html               
10;cellphoneS;20490000; https://cellphones.com.vn/asus-rog-phone-5s-512gb.html              
11;cellphoneS;15790000; https://cellphones.com.vn/asus-rog-phone-5s-8gb-128gb.html          
12;cellphoneS;18990000; https://cellphones.com.vn/asus-rog-phone-5s.html                    
13;cellphoneS;3600000; https://cellphones.com.vn/bphone-a40.html                           
14;cellphoneS;3890000; https://cellphones.com.vn/bphone-a50.html                           
15;cellphoneS;4490000; https://cellphones.com.vn/bphone-a60.html                           
16;cellphoneS;2490000; https://cellphones.com.vn/cat-b40.html                              
17;cellphoneS;8490000; https://cellphones.com.vn/cat-s42h-plus.html                        
18;cellphoneS;18990000; https://cellphones.com.vn/cat-s62-pro.html                          
19;cellphoneS;490000; https://cellphones.com.vn/energizer-energy-e100.html                
20;cellphoneS;650000; https://cellphones.com.vn/energizer-energy-e20.html                 
21;cellphoneS;0; https://cellphones.com.vn/honor-20.html                             
22;cellphoneS;0; https://cellphones.com.vn/honor-8c-chinh-hang.html                  
23;cellphoneS;0; https://cellphones.com.vn/honor-magic-2.html                        
24;cellphoneS;0; https://cellphones.com.vn/huawei-mate-20x-chinh-hang.html           
25;cellphoneS;0; https://cellphones.com.vn/huawei-mate-40-pro.html                   
26;cellphoneS;0; https://cellphones.com.vn/huawei-mate-40.html                       
27;cellphoneS;0; https://cellphones.com.vn/huawei-mate-40e.html                      
28;cellphoneS;0; https://cellphones.com.vn/huawei-mate-x2.html                       
29;cellphoneS;0; https://cellphones.com.vn/huawei-mate-x3.html                       
30;cellphoneS;0; https://cellphones.com.vn/huawei-nova-4-do.html                     
31;cellphoneS;0; https://cellphones.com.vn/huawei-nova-4.html                        
32;cellphoneS;0; https://cellphones.com.vn/huawei-nova-5i-pro.html                   
33;cellphoneS;8290000; https://cellphones.com.vn/huawei-nova-5t.html                       
34;cellphoneS;0; https://cellphones.com.vn/huawei-nova-7-se.html                     
35;cellphoneS;0; https://cellphones.com.vn/huawei-nova-8-se-vitality-edition.html    
36;cellphoneS;0; https://cellphones.com.vn/huawei-nova-8-se.html                     
37;cellphoneS;0; https://cellphones.com.vn/huawei-nova-9-se-46957.html               
38;cellphoneS;0; https://cellphones.com.vn/huawei-nova-9-se.html                     
39;cellphoneS;0; https://cellphones.com.vn/huawei-nova-9.html                        
40;cellphoneS;0; https://cellphones.com.vn/huawei-nova-y70-plus.html                 
41;cellphoneS;0; https://cellphones.com.vn/huawei-p50-pro-plus.html                  
42;cellphoneS;0; https://cellphones.com.vn/huawei-y7a.html                           
43;cellphoneS;13490000; https://cellphones.com.vn/iphone-11-128gb.html                      
44;cellphoneS;19000000; https://cellphones.com.vn/iphone-11-256gb.html                      
45;cellphoneS;27000000; https://cellphones.com.vn/iphone-11-pro-512gb.html                  
46;cellphoneS;11390000; https://cellphones.com.vn/iphone-11.html                            
47;cellphoneS;17690000; https://cellphones.com.vn/iphone-12-128gb.html                      
48;cellphoneS;19990000; https://cellphones.com.vn/iphone-12-256gb.html                      
49;cellphoneS;16000000; https://cellphones.com.vn/iphone-12-mini-128gb.html                 
50;cellphoneS;20000000; https://cellphones.com.vn/iphone-12-mini-256gb.html                 
51;cellphoneS;15000000; https://cellphones.com.vn/iphone-12-mini.html                       
52;cellphoneS;26000000; https://cellphones.com.vn/iphone-12-pro-256gb.html                  
53;cellphoneS;27500000; https://cellphones.com.vn/iphone-12-pro-512gb.html                  
54;cellphoneS;28990000; https://cellphones.com.vn/iphone-12-pro-max-256gb.html              
55;cellphoneS;31000000; https://cellphones.com.vn/iphone-12-pro-max-512gb.html              
56;cellphoneS;27000000; https://cellphones.com.vn/iphone-12-pro-max.html                    
57;cellphoneS;25500000; https://cellphones.com.vn/iphone-12-pro.html                        
58;cellphoneS;15790000; https://cellphones.com.vn/iphone-12.html                            
59;cellphoneS;23590000; https://cellphones.com.vn/iphone-13-256-gb-xanh-la.html             
60;cellphoneS;27990000; https://cellphones.com.vn/iphone-13-256gb.html                      
61;cellphoneS;33990000; https://cellphones.com.vn/iphone-13-512gb.html                      
62;cellphoneS;24990000; https://cellphones.com.vn/iphone-13-mini-256gb.html                 
63;cellphoneS;30990000; https://cellphones.com.vn/iphone-13-mini-512gb.html                 
64;cellphoneS;17490000; https://cellphones.com.vn/iphone-13-mini.html                       
65;cellphoneS;46990000; https://cellphones.com.vn/iphone-13-pro-1tb.html                    
66;cellphoneS;34990000; https://cellphones.com.vn/iphone-13-pro-256gb.html                  
67;cellphoneS;40990000; https://cellphones.com.vn/iphone-13-pro-512gb.html                  
68;cellphoneS;49990000; https://cellphones.com.vn/iphone-13-pro-max-1tb.html                
69;cellphoneS;37990000; https://cellphones.com.vn/iphone-13-pro-max-256gb.html              
70;cellphoneS;43990000; https://cellphones.com.vn/iphone-13-pro-max-512gb.html              
71;cellphoneS;34990000; https://cellphones.com.vn/iphone-13-pro-max.html                    
72;cellphoneS;27500000; https://cellphones.com.vn/iphone-13-pro.html                        
73;cellphoneS;21490000; https://cellphones.com.vn/iphone-13.html                            
74;cellphoneS;0; https://cellphones.com.vn/iphone-5s-16-gb.html                      
75;cellphoneS;10020000; https://cellphones.com.vn/iphone-7-plus-128-gb-cty-vn.html          
76;cellphoneS;13920000; https://cellphones.com.vn/iphone-8-plus-128gb-chinh-hang-vn-a.html  
77;cellphoneS;10510000; https://cellphones.com.vn/iphone-se-2.html                          
78;cellphoneS;11610000; https://cellphones.com.vn/iphone-se-2020-128gb.html                 
79;cellphoneS;13010000; https://cellphones.com.vn/iphone-se-2020-256gb.html                 
80;cellphoneS;12990000; https://cellphones.com.vn/iphone-se-2022-128gb.html                 
81;cellphoneS;15990000; https://cellphones.com.vn/iphone-se-2022-256gb.html                 
82;cellphoneS;10990000; https://cellphones.com.vn/iphone-se-2022.html                       
83;cellphoneS;750000; https://cellphones.com.vn/nokia-105-4g.html                         
84;cellphoneS;470000; https://cellphones.com.vn/nokia-105-dual-sim-2019.html              
85;cellphoneS;480000; https://cellphones.com.vn/nokia-105-single-sim-2019.html            
86;cellphoneS;850000; https://cellphones.com.vn/nokia-110-4g.html                         
87;cellphoneS;700000; https://cellphones.com.vn/nokia-150-2020.html                       
88;cellphoneS;829000; https://cellphones.com.vn/nokia-215-4g.html                         
89;cellphoneS;2690000; https://cellphones.com.vn/nokia-24.html                             
90;cellphoneS;0; https://cellphones.com.vn/nokia-2760-flip.html                      
91;cellphoneS;3290000; https://cellphones.com.vn/nokia-34.html                             
92;cellphoneS;0; https://cellphones.com.vn/nokia-43.html                             
93;cellphoneS;0; https://cellphones.com.vn/nokia-5-2.html                            
94;cellphoneS;3990000; https://cellphones.com.vn/nokia-54.html                             
95;cellphoneS;0; https://cellphones.com.vn/nokia-63.html                             
96;cellphoneS;990000; https://cellphones.com.vn/nokia-6300-4g.html                        
97;cellphoneS;0; https://cellphones.com.vn/nokia-7-5g.html                           
98;cellphoneS;0; https://cellphones.com.vn/nokia-73.html                             
99;cellphoneS;0; https://cellphones.com.vn/nokia-8-1-plus.html                       
100;cellphoneS;1390000; https://cellphones.com.vn/nokia-8000-4g.html                        
101;cellphoneS;0; https://cellphones.com.vn/nokia-82.html                             
102;cellphoneS;0; https://cellphones.com.vn/nokia-9-chinh-hang.html                   
103;cellphoneS;0; https://cellphones.com.vn/nokia-93.html                             
104;cellphoneS;0; https://cellphones.com.vn/nokia-c01-plus.html                       
105;cellphoneS;0; https://cellphones.com.vn/nokia-c1-plus.html                        
106;cellphoneS;1690000; https://cellphones.com.vn/nokia-c20-16gb.html                       
107;cellphoneS;0; https://cellphones.com.vn/nokia-c20-plus.html                       
108;cellphoneS;2090000; https://cellphones.com.vn/nokia-c20.html                            
109;cellphoneS;2390000; https://cellphones.com.vn/nokia-c21-plus-2gb.html                   
110;cellphoneS;2390000; https://cellphones.com.vn/nokia-c21-plus-32gb.html                  
111;cellphoneS;2590000; https://cellphones.com.vn/nokia-c21-plus.html                       
112;cellphoneS;2390000; https://cellphones.com.vn/nokia-c30-2gb.html                        
113;cellphoneS;2990000; https://cellphones.com.vn/nokia-g10.html                            
114;cellphoneS;0; https://cellphones.com.vn/nokia-g300.html                           
115;cellphoneS;0; https://cellphones.com.vn/nokia-g400.html                           
116;cellphoneS;4590000; https://cellphones.com.vn/nokia-g50.html                            
117;cellphoneS;0; https://cellphones.com.vn/nokia-n73.html                            
118;cellphoneS;0; https://cellphones.com.vn/nokia-xr20.html                           
119;cellphoneS;18590000; https://cellphones.com.vn/nubia-red-magic-6-pro.html                
120;cellphoneS;16990000; https://cellphones.com.vn/nubia-red-magic-6.html                    
121;cellphoneS;13490000; https://cellphones.com.vn/nubia-red-magic-6r-12gb-256gb.html        
122;cellphoneS;9990000; https://cellphones.com.vn/nubia-red-magic-6r.html                   
123;cellphoneS;0; https://cellphones.com.vn/nubia-red-magic-6s-16gb-256gb.html        
124;cellphoneS;18990000; https://cellphones.com.vn/nubia-red-magic-6s-pro-256gb.html         
125;cellphoneS;22990000; https://cellphones.com.vn/nubia-red-magic-6s-pro-ghost-256gb.html   
126;cellphoneS;16490000; https://cellphones.com.vn/nubia-red-magic-6s-pro.html               
127;cellphoneS;0; https://cellphones.com.vn/nubia-red-magic-6s.html                   
128;cellphoneS;21990000; https://cellphones.com.vn/nubia-red-magic-7-16gb-256gb.html         
129;cellphoneS;24990000; https://cellphones.com.vn/nubia-red-magic-7-18gb-256gb.html         
130;cellphoneS;18990000; https://cellphones.com.vn/nubia-red-magic-7-da-kich-hoat.html       
131;cellphoneS;18990000; https://cellphones.com.vn/nubia-red-magic-7.html                    
132;cellphoneS;0; https://cellphones.com.vn/nubia-z40-pro.html                        
133;cellphoneS;0; https://cellphones.com.vn/oneplus-10-pro.html                       
134;cellphoneS;12990000; https://cellphones.com.vn/oneplus-8t-5g.html                        
135;cellphoneS;0; https://cellphones.com.vn/oneplus-9-pro.html                        
136;cellphoneS;0; https://cellphones.com.vn/oneplus-9t.html                           
137;cellphoneS;0; https://cellphones.com.vn/oneplus-ace.html                          
138;cellphoneS;0; https://cellphones.com.vn/oneplus-nord-2-ce.html                    
139;cellphoneS;0; https://cellphones.com.vn/oneplus-nord-2.html                       
140;cellphoneS;0; https://cellphones.com.vn/oneplus-nord-ce-2-lite.html               
141;cellphoneS;7690000; https://cellphones.com.vn/oneplus-nord-ce-5g.html                   
142;cellphoneS;5490000; https://cellphones.com.vn/oneplus-nord-n10-5g.html                  
143;cellphoneS;0; https://cellphones.com.vn/oneplus-nord-n20.html                     
144;cellphoneS;3290000; https://cellphones.com.vn/oppo-a15.html                             
145;cellphoneS;3790000; https://cellphones.com.vn/oppo-a15s.html                            
146;cellphoneS;3490000; https://cellphones.com.vn/oppo-a16.html                             
147;cellphoneS;3190000; https://cellphones.com.vn/oppo-a16k.html                            
148;cellphoneS;0; https://cellphones.com.vn/oppo-a16s.html                            
149;cellphoneS;0; https://cellphones.com.vn/oppo-a1s-4gb.html                         
150;cellphoneS;0; https://cellphones.com.vn/oppo-a1s.html                             
151;cellphoneS;4350000; https://cellphones.com.vn/oppo-a54.html                             
152;cellphoneS;0; https://cellphones.com.vn/oppo-a54s.html                            
153;cellphoneS;4290000; https://cellphones.com.vn/oppo-a55.html                             
154;cellphoneS;6150000; https://cellphones.com.vn/oppo-a74.html                             
155;cellphoneS;5390000; https://cellphones.com.vn/oppo-a76.html                             
156;cellphoneS;5690000; https://cellphones.com.vn/oppo-a94.html                             
157;cellphoneS;6090000; https://cellphones.com.vn/oppo-a95.html                             
158;cellphoneS;0; https://cellphones.com.vn/oppo-a96.html                             
159;cellphoneS;0; https://cellphones.com.vn/oppo-f17-pro.html                         
160;cellphoneS;0; https://cellphones.com.vn/oppo-f17.html                             
161;cellphoneS;0; https://cellphones.com.vn/oppo-find-n.html                          
162;cellphoneS;18990000; https://cellphones.com.vn/oppo-find-x2.html                         
163;cellphoneS;18790000; https://cellphones.com.vn/oppo-find-x3-pro.html                     
164;cellphoneS;0; https://cellphones.com.vn/oppo-find-x5-pro.html                     
165;cellphoneS;0; https://cellphones.com.vn/oppo-k10-pro.html                         
166;cellphoneS;0; https://cellphones.com.vn/oppo-k3.html                              
167;cellphoneS;0; https://cellphones.com.vn/oppo-k7x.html                             
168;cellphoneS;0; https://cellphones.com.vn/oppo-k9.html                              
169;cellphoneS;0; https://cellphones.com.vn/oppo-k9s.html                             
170;cellphoneS;0; https://cellphones.com.vn/oppo-r11-pro.html                         
171;cellphoneS;7990000; https://cellphones.com.vn/oppo-reno-4-pro.html                      
172;cellphoneS;0; https://cellphones.com.vn/oppo-reno-4f.html                         
173;cellphoneS;8990000; https://cellphones.com.vn/oppo-reno-5-5g.html                       
174;cellphoneS;7790000; https://cellphones.com.vn/oppo-reno-5.html                          
175;cellphoneS;0; https://cellphones.com.vn/oppo-reno-5g.html                         
176;cellphoneS;10390000; https://cellphones.com.vn/oppo-reno-6.html                          
177;cellphoneS;6790000; https://cellphones.com.vn/oppo-reno-6z.html                         
178;cellphoneS;0; https://cellphones.com.vn/oppo-reno-7-pro-39215.html-1              
179;cellphoneS;0; https://cellphones.com.vn/oppo-reno-7-se.html                       
180;cellphoneS;11490000; https://cellphones.com.vn/oppo-reno-7.html                          
181;cellphoneS;0; https://cellphones.com.vn/oppo-reno-8-pro-plus.html                 
182;cellphoneS;0; https://cellphones.com.vn/oppo-reno-8-pro.html                      
183;cellphoneS;0; https://cellphones.com.vn/oppo-reno-ace-2.html                      
184;cellphoneS;0; https://cellphones.com.vn/oppo-reno-ace.html                        
185;cellphoneS;8690000; https://cellphones.com.vn/oppo-reno5-f.html                         
186;cellphoneS;7890000; https://cellphones.com.vn/oppo-reno7-128gb.html                     
187;cellphoneS;9390000; https://cellphones.com.vn/oppo-reno7-z.html                         
188;cellphoneS;0; https://cellphones.com.vn/philips-xenium-e527-4g.html               
189;cellphoneS;0; https://cellphones.com.vn/pocophone-f10.html                        
190;cellphoneS;0; https://cellphones.com.vn/pocophone-f11.html                        
191;cellphoneS;0; https://cellphones.com.vn/realme-3i-64gb.html                       
192;cellphoneS;0; https://cellphones.com.vn/realme-4.html                             
193;cellphoneS;5190000; https://cellphones.com.vn/realme-6.html                             
194;cellphoneS;6590000; https://cellphones.com.vn/realme-7-pro.html                         
195;cellphoneS;5590000; https://cellphones.com.vn/realme-7.html                             
196;cellphoneS;4990000; https://cellphones.com.vn/realme-7i.html                            
197;cellphoneS;6790000; https://cellphones.com.vn/realme-8-5g.html                          
198;cellphoneS;7590000; https://cellphones.com.vn/realme-8-pro.html                         
199;cellphoneS;6390000; https://cellphones.com.vn/realme-8.html                             
200;cellphoneS;0; https://cellphones.com.vn/realme-8i.html                            
201;cellphoneS;8990000; https://cellphones.com.vn/realme-9-pro-plus.html                    
202;cellphoneS;7190000; https://cellphones.com.vn/realme-9-pro.html                         
203;cellphoneS;0; https://cellphones.com.vn/realme-9-se.html                          
204;cellphoneS;0; https://cellphones.com.vn/realme-9.html                             
205;cellphoneS;6490000; https://cellphones.com.vn/realme-9i-4gb-64gb.html                   
206;cellphoneS;5790000; https://cellphones.com.vn/realme-9i.html                            
207;cellphoneS;3190000; https://cellphones.com.vn/realme-c11-2021-4gb-64gb.html             
208;cellphoneS;2490000; https://cellphones.com.vn/realme-c11-2021.html                      
209;cellphoneS;3190000; https://cellphones.com.vn/realme-c12.html                           
210;cellphoneS;3490000; https://cellphones.com.vn/realme-c15.html                           
211;cellphoneS;4390000; https://cellphones.com.vn/realme-c17.html                           
212;cellphoneS;3390000; https://cellphones.com.vn/realme-c21y-4gb-64gb.html                 
213;cellphoneS;4690000; https://cellphones.com.vn/realme-c25.html                           
214;cellphoneS;3790000; https://cellphones.com.vn/realme-c25y-64gb.html                     
215;cellphoneS;3990000; https://cellphones.com.vn/realme-c25y.html                          
216;cellphoneS;2790000; https://cellphones.com.vn/realme-c3.html                            
217;cellphoneS;4590000; https://cellphones.com.vn/realme-c35-128gb.html                     
218;cellphoneS;3990000; https://cellphones.com.vn/realme-c35.html                           
219;cellphoneS;0; https://cellphones.com.vn/realme-c4.html                            
220;cellphoneS;0; https://cellphones.com.vn/realme-gt-2-pro.html                      
221;cellphoneS;0; https://cellphones.com.vn/realme-gt-2.html                          
222;cellphoneS;0; https://cellphones.com.vn/realme-gt-master-edition.html             
223;cellphoneS;0; https://cellphones.com.vn/realme-gt-neo-2.html                      
224;cellphoneS;0; https://cellphones.com.vn/realme-gt-neo-3t.html                     
225;cellphoneS;0; https://cellphones.com.vn/realme-gt-neo.html                        
226;cellphoneS;0; https://cellphones.com.vn/realme-gt.html                            
227;cellphoneS;0; https://cellphones.com.vn/realme-narzo-30-pro.html                  
228;cellphoneS;0; https://cellphones.com.vn/realme-narzo-30.html                      
229;cellphoneS;0; https://cellphones.com.vn/realme-narzo-50a.html                     
230;cellphoneS;0; https://cellphones.com.vn/realme-narzo-50i.html                     
231;cellphoneS;0; https://cellphones.com.vn/realme-narzo-9i.html                      
232;cellphoneS;0; https://cellphones.com.vn/realme-note-9-prime.html                  
233;cellphoneS;0; https://cellphones.com.vn/realme-q3-pro.html                        
234;cellphoneS;0; https://cellphones.com.vn/realme-q3.html                            
235;cellphoneS;0; https://cellphones.com.vn/realme-q5.html                            
236;cellphoneS;0; https://cellphones.com.vn/realme-u1-chinh-hang.html                 
237;cellphoneS;0; https://cellphones.com.vn/realme-v11s.html                          
238;cellphoneS;0; https://cellphones.com.vn/realme-v23.html                           
239;cellphoneS;0; https://cellphones.com.vn/realme-v23i.html                          
240;cellphoneS;0; https://cellphones.com.vn/realme-v3.html                            
241;cellphoneS;0; https://cellphones.com.vn/realme-x2-pro.html                        
242;cellphoneS;0; https://cellphones.com.vn/realme-x2.html                            
243;cellphoneS;0; https://cellphones.com.vn/realme-x3-pro.html                        
244;cellphoneS;0; https://cellphones.com.vn/realme-x50-pro-5g.html                    
245;cellphoneS;0; https://cellphones.com.vn/realme-x7.html                            
246;cellphoneS;0; https://cellphones.com.vn/realme-xt-730g.html                       
247;cellphoneS;0; https://cellphones.com.vn/redmi-go.html                             
248;cellphoneS;0; https://cellphones.com.vn/redmi-k50-gaming-edition.html             
249;cellphoneS;0; https://cellphones.com.vn/samsung-galalxy-a90.html                  
250;cellphoneS;3350000; https://cellphones.com.vn/samsung-galaxy-a02s.html                  
251;cellphoneS;0; https://cellphones.com.vn/samsung-galaxy-a03-4gb-64gb.html          
252;cellphoneS;0; https://cellphones.com.vn/samsung-galaxy-a04s.html                  
253;cellphoneS;2650000; https://cellphones.com.vn/samsung-galaxy-a11.html                   
254;cellphoneS;3750000; https://cellphones.com.vn/samsung-galaxy-a12.html                   
255;cellphoneS;0; https://cellphones.com.vn/samsung-galaxy-a12s.html                  
256;cellphoneS;0; https://cellphones.com.vn/samsung-galaxy-a13-6gb.html               
257;cellphoneS;3550000; https://cellphones.com.vn/samsung-galaxy-a20s.html                  
258;cellphoneS;4690000; https://cellphones.com.vn/samsung-galaxy-a21s-6gb.html              
259;cellphoneS;4250000; https://cellphones.com.vn/samsung-galaxy-a21s.html                  
260;cellphoneS;4700000; https://cellphones.com.vn/samsung-galaxy-a22.html                   
261;cellphoneS;0; https://cellphones.com.vn/samsung-galaxy-a3-core.html               
262;cellphoneS;4150000; https://cellphones.com.vn/samsung-galaxy-a30s.html                  
263;cellphoneS;5150000; https://cellphones.com.vn/samsung-galaxy-a31.html                   
264;cellphoneS;6500000; https://cellphones.com.vn/samsung-galaxy-a51.html                   
265;cellphoneS;8500000; https://cellphones.com.vn/samsung-galaxy-a52.html                   
266;cellphoneS;7850000; https://cellphones.com.vn/samsung-galaxy-a52s.html                  
267;cellphoneS;0; https://cellphones.com.vn/samsung-galaxy-a54.html                   
268;cellphoneS;7800000; https://cellphones.com.vn/samsung-galaxy-a70s.html                  
269;cellphoneS;7700000; https://cellphones.com.vn/samsung-galaxy-a71.html                   
270;cellphoneS;10100000; https://cellphones.com.vn/samsung-galaxy-a72.html                   
271;cellphoneS;8090000; https://cellphones.com.vn/samsung-galaxy-a8-2018-chinh-hang.html    
272;cellphoneS;0; https://cellphones.com.vn/samsung-galaxy-a9-pro-2018-chinh-hang.html
273;cellphoneS;0; https://cellphones.com.vn/samsung-galaxy-f22.html                   
274;cellphoneS;39000000; https://cellphones.com.vn/samsung-galaxy-fold-2.html                
275;cellphoneS;0; https://cellphones.com.vn/samsung-galaxy-m13.html                   
276;cellphoneS;0; https://cellphones.com.vn/samsung-galaxy-m22.html                   
277;cellphoneS;0; https://cellphones.com.vn/samsung-galaxy-m23.html                   
278;cellphoneS;0; https://cellphones.com.vn/samsung-galaxy-m31s.html                  
279;cellphoneS;0; https://cellphones.com.vn/samsung-galaxy-m32.html                   
280;cellphoneS;0; https://cellphones.com.vn/samsung-galaxy-m33.html                   
281;cellphoneS;10500000; https://cellphones.com.vn/samsung-galaxy-note-10-lite.html          
282;cellphoneS;18990000; https://cellphones.com.vn/samsung-galaxy-note-20-ultra-5g.html      
283;cellphoneS;19200000; https://cellphones.com.vn/samsung-galaxy-note-20-ultra.html         
284;cellphoneS;15000000; https://cellphones.com.vn/samsung-galaxy-note-20.html               
285;cellphoneS;12400000; https://cellphones.com.vn/samsung-galaxy-s10plus-chinh-hang.html    
286;cellphoneS;0; https://cellphones.com.vn/samsung-galaxy-s11.html                   
287;cellphoneS;11990000; https://cellphones.com.vn/samsung-galaxy-s20-fe.html                
288;cellphoneS;16500000; https://cellphones.com.vn/samsung-galaxy-s20-plus-bts-edition.html  
289;cellphoneS;15500000; https://cellphones.com.vn/samsung-galaxy-s20-plus.html              
290;cellphoneS;16000000; https://cellphones.com.vn/samsung-galaxy-s20-ultra.html             
291;cellphoneS;12790000; https://cellphones.com.vn/samsung-galaxy-s21-fe-8gb-128gb.html      
292;cellphoneS;13650000; https://cellphones.com.vn/samsung-galaxy-s21-fe-8gb-256gb.html      
293;cellphoneS;11290000; https://cellphones.com.vn/samsung-galaxy-s21-fe.html                
294;cellphoneS;23000000; https://cellphones.com.vn/samsung-galaxy-s21-plus-256gb.html        
295;cellphoneS;16990000; https://cellphones.com.vn/samsung-galaxy-s21-plus.html              
296;cellphoneS;27800000; https://cellphones.com.vn/samsung-galaxy-s21-ultra-256gb.html       
297;cellphoneS;15890000; https://cellphones.com.vn/samsung-galaxy-s9plus-128-gb-chinh-hang.ht
298;cellphoneS;13090000; https://cellphones.com.vn/samsung-galaxy-s9plus-chinh-hang.html     
299;cellphoneS;0; https://cellphones.com.vn/samsung-galaxy-xcover-pro-2.html          
300;cellphoneS;18790000; https://cellphones.com.vn/samsung-galaxy-z-flip-3-flex-your-way.html
301;cellphoneS;20990000; https://cellphones.com.vn/samsung-galaxy-z-flip.html                
302;cellphoneS;50000000; https://cellphones.com.vn/samsung-galaxy-z-fold-2-mua-he.html       
303;cellphoneS;39000000; https://cellphones.com.vn/samsung-galaxy-z-fold-2-mua-xuan.html     
304;cellphoneS;3750000; https://cellphones.com.vn/tecno-pova-2-6gb-128gb.html               
305;cellphoneS;3350000; https://cellphones.com.vn/tecno-pova-2.html                         
306;cellphoneS;0; https://cellphones.com.vn/tecno-pova-3.html                         
307;cellphoneS;3249000; https://cellphones.com.vn/tecno-pova-neo-6gb-128gb.html             
308;cellphoneS;2649000; https://cellphones.com.vn/tecno-pova-neo.html                       
309;cellphoneS;3490000; https://cellphones.com.vn/tecno-spark-7t-6gb-128gb.html             
310;cellphoneS;2750000; https://cellphones.com.vn/tecno-spark-7t.html                       
311;cellphoneS;2850000; https://cellphones.com.vn/tecno-spark-8c-128gb.html                 
312;cellphoneS;2590000; https://cellphones.com.vn/tecno-spark-8c.html                       
313;cellphoneS;0; https://cellphones.com.vn/vivo-s15-pro.html                         
314;cellphoneS;0; https://cellphones.com.vn/vivo-s7e-5g.html                          
315;cellphoneS;0; https://cellphones.com.vn/vivo-t2.html                              
316;cellphoneS;5190000; https://cellphones.com.vn/vivo-v19.html                             
317;cellphoneS;5490000; https://cellphones.com.vn/vivo-v20-se.html                          
318;cellphoneS;6800000; https://cellphones.com.vn/vivo-v20.html                             
319;cellphoneS;8500000; https://cellphones.com.vn/vivo-v21.html                             
320;cellphoneS;10990000; https://cellphones.com.vn/vivo-v23-5g.html                          
321;cellphoneS;0; https://cellphones.com.vn/vivo-x-fold.html                          
322;cellphoneS;0; https://cellphones.com.vn/vivo-x-note.html                          
323;cellphoneS;0; https://cellphones.com.vn/vivo-x60-pro-plus.html                    
324;cellphoneS;13290000; https://cellphones.com.vn/vivo-x60-pro.html                         
325;cellphoneS;0; https://cellphones.com.vn/vivo-x60t-pro-plus.html                   
326;cellphoneS;0; https://cellphones.com.vn/vivo-x70-pro-plus.html                    
327;cellphoneS;16990000; https://cellphones.com.vn/vivo-x70-pro.html                         
328;cellphoneS;0; https://cellphones.com.vn/vivo-x80-pro-plus.html                    
329;cellphoneS;0; https://cellphones.com.vn/vivo-x80-pro.html                         
330;cellphoneS;0; https://cellphones.com.vn/vivo-y01.html                             
331;cellphoneS;0; https://cellphones.com.vn/vivo-y10.html                             
332;cellphoneS;0; https://cellphones.com.vn/vivo-y12g.html                            
333;cellphoneS;3050000; https://cellphones.com.vn/vivo-y12s.html                            
334;cellphoneS;3150000; https://cellphones.com.vn/vivo-y15a.html                            
335;cellphoneS;2750000; https://cellphones.com.vn/vivo-y15s.html                            
336;cellphoneS;3350000; https://cellphones.com.vn/vivo-y20-2021.html                        
337;cellphoneS;0; https://cellphones.com.vn/vivo-y20g.html                            
338;cellphoneS;4190000; https://cellphones.com.vn/vivo-y20s.html                            
339;cellphoneS;3500000; https://cellphones.com.vn/vivo-y21.html                             
340;cellphoneS;0; https://cellphones.com.vn/vivo-y21e.html                            
341;cellphoneS;4650000; https://cellphones.com.vn/vivo-y21s-6gb.html                        
342;cellphoneS;4300000; https://cellphones.com.vn/vivo-y21s.html                            
343;cellphoneS;0; https://cellphones.com.vn/vivo-y21t.html                            
344;cellphoneS;2990000; https://cellphones.com.vn/vivo-y30.html                             
345;cellphoneS;0; https://cellphones.com.vn/vivo-y31.html                             
346;cellphoneS;5900000; https://cellphones.com.vn/vivo-y33s.html                            
347;cellphoneS;0; https://cellphones.com.vn/vivo-y3s.html                             
348;cellphoneS;4990000; https://cellphones.com.vn/vivo-y53s.html                            
349;cellphoneS;0; https://cellphones.com.vn/vivo-y54s.html                            
350;cellphoneS;5790000; https://cellphones.com.vn/vivo-y72.html                             
351;cellphoneS;0; https://cellphones.com.vn/vivo-y73.html                             
352;cellphoneS;0; https://cellphones.com.vn/vivo-y76s.html                            
353;cellphoneS;2690000; https://cellphones.com.vn/vsmart-active-3-4gb.html                  
354;cellphoneS;2990000; https://cellphones.com.vn/vsmart-active-3.html                      
355;cellphoneS;3790000; https://cellphones.com.vn/vsmart-aris-8gb.html                      
356;cellphoneS;4490000; https://cellphones.com.vn/vsmart-aris-pro.html                      
357;cellphoneS;1590000; https://cellphones.com.vn/vsmart-bee-5.html                         
358;cellphoneS;2490000; https://cellphones.com.vn/vsmart-joy-3-4gb.html                     
359;cellphoneS;0; https://cellphones.com.vn/vsmart-joy-3-plus.html                    
360;cellphoneS;3590000; https://cellphones.com.vn/vsmart-joy-4-4gb.html                     
361;cellphoneS;3990000; https://cellphones.com.vn/vsmart-joy-4-6gb.html                     
362;cellphoneS;3290000; https://cellphones.com.vn/vsmart-joy-4.html                         
363;cellphoneS;4290000; https://cellphones.com.vn/vsmart-live-4.html                        
364;cellphoneS;0; https://cellphones.com.vn/vsmart-lux.html                           
365;cellphoneS;2050000; https://cellphones.com.vn/vsmart-star-4-2gb.html                    
366;cellphoneS;3290000; https://cellphones.com.vn/vsmart-star-5-4gb-64gb.html               
367;cellphoneS;2690000; https://cellphones.com.vn/vsmart-star-5.html                        
368;cellphoneS;9490000; https://cellphones.com.vn/xiaomi-11-lite-5g-ne-trang-swarovski.html 
369;cellphoneS;8000000; https://cellphones.com.vn/xiaomi-11-lite-5g-ne.html                 
370;cellphoneS;0; https://cellphones.com.vn/xiaomi-11i-hypercharge.html               
371;cellphoneS;0; https://cellphones.com.vn/xiaomi-12-lite-zoom.html                  
372;cellphoneS;0; https://cellphones.com.vn/xiaomi-12-lite.html                       
373;cellphoneS;0; https://cellphones.com.vn/xiaomi-12s-pro.html                       
374;cellphoneS;0; https://cellphones.com.vn/xiaomi-12s.html                           
375;cellphoneS;0; https://cellphones.com.vn/xiaomi-12x.html                           
376;cellphoneS;0; https://cellphones.com.vn/xiaomi-cc11-pro.html                      
377;cellphoneS;0; https://cellphones.com.vn/xiaomi-civi-1s.html                       
378;cellphoneS;0; https://cellphones.com.vn/xiaomi-civi-2.html                        
379;cellphoneS;0; https://cellphones.com.vn/xiaomi-civi-pro.html                      
380;cellphoneS;0; https://cellphones.com.vn/xiaomi-civi.html                          
381;cellphoneS;0; https://cellphones.com.vn/xiaomi-f6-lite.html                       
382;cellphoneS;0; https://cellphones.com.vn/xiaomi-f9-lite.html                       
383;cellphoneS;0; https://cellphones.com.vn/xiaomi-mi-10-pro-plus.html                
384;cellphoneS;0; https://cellphones.com.vn/xiaomi-mi-10-ultra.html                   
385;cellphoneS;10200000; https://cellphones.com.vn/xiaomi-mi-10t-pro-128gb.html              
386;cellphoneS;11200000; https://cellphones.com.vn/xiaomi-mi-10t-pro.html                    
387;cellphoneS;0; https://cellphones.com.vn/xiaomi-mi-10t.html                        
388;cellphoneS;14200000; https://cellphones.com.vn/xiaomi-mi-11-128gb.html                   
389;cellphoneS;7490000; https://cellphones.com.vn/xiaomi-mi-11-lite.html                    
390;cellphoneS;0; https://cellphones.com.vn/xiaomi-mi-11-ultra.html                   
391;cellphoneS;15200000; https://cellphones.com.vn/xiaomi-mi-11.html                         
392;cellphoneS;0; https://cellphones.com.vn/xiaomi-mi-11i.html                        
393;cellphoneS;8990000; https://cellphones.com.vn/xiaomi-mi-11t.html                        
394;cellphoneS;0; https://cellphones.com.vn/xiaomi-mi-11x-pro.html                    
395;cellphoneS;22390000; https://cellphones.com.vn/xiaomi-mi-12-pro.html                     
396;cellphoneS;0; https://cellphones.com.vn/xiaomi-mi-12-ultra.html                   
397;cellphoneS;14990000; https://cellphones.com.vn/xiaomi-mi-12.html                         
398;cellphoneS;0; https://cellphones.com.vn/xiaomi-mi-cc11.html                       
399;cellphoneS;0; https://cellphones.com.vn/xiaomi-mi-mix-5.html                      
400;cellphoneS;0; https://cellphones.com.vn/xiaomi-mi-mix-fold-2.html                 
401;cellphoneS;0; https://cellphones.com.vn/xiaomi-mi-mix-fold.html                   
402;cellphoneS;8990000; https://cellphones.com.vn/xiaomi-mi-note-10-lite-64gb.html          
403;cellphoneS;14990000; https://cellphones.com.vn/xiaomi-mi-note-10-pro.html                
404;cellphoneS;0; https://cellphones.com.vn/xiaomi-poco-c3.html                       
405;cellphoneS;0; https://cellphones.com.vn/xiaomi-poco-c40.html                      
406;cellphoneS;10200000; https://cellphones.com.vn/xiaomi-poco-f2-pro-256gb.html             
407;cellphoneS;0; https://cellphones.com.vn/xiaomi-poco-f3-gt.html                    
408;cellphoneS;0; https://cellphones.com.vn/xiaomi-poco-f4-gt.html                    
409;cellphoneS;0; https://cellphones.com.vn/xiaomi-poco-f4.html                       
410;cellphoneS;0; https://cellphones.com.vn/xiaomi-poco-m3.html                       
411;cellphoneS;0; https://cellphones.com.vn/xiaomi-poco-m4-pro.html                   
412;cellphoneS;5000000; https://cellphones.com.vn/xiaomi-poco-x3-64gb.html                  
413;cellphoneS;6290000; https://cellphones.com.vn/xiaomi-poco-x3-gt.html                    
414;cellphoneS;0; https://cellphones.com.vn/xiaomi-poco-x3-pro.html                   
415;cellphoneS;5700000; https://cellphones.com.vn/xiaomi-poco-x3.html                       
416;cellphoneS;0; https://cellphones.com.vn/xiaomi-poco-x4-pro.html                   
417;cellphoneS;3650000; https://cellphones.com.vn/xiaomi-redmi-10-64gb.html                 
418;cellphoneS;0; https://cellphones.com.vn/xiaomi-redmi-10-power.html                
419;cellphoneS;3750000; https://cellphones.com.vn/xiaomi-redmi-10.html                      
420;cellphoneS;2500000; https://cellphones.com.vn/xiaomi-redmi-8.html                       
421;cellphoneS;790000; https://cellphones.com.vn/xiaomi-redmi-8a.html                      
422;cellphoneS;2950000; https://cellphones.com.vn/xiaomi-redmi-9-64gb.html                  
423;cellphoneS;0; https://cellphones.com.vn/xiaomi-redmi-9-activ.html                 
424;cellphoneS;2200000; https://cellphones.com.vn/xiaomi-redmi-9a.html                      
425;cellphoneS;2890000; https://cellphones.com.vn/xiaomi-redmi-9c-64gb.html                 
426;cellphoneS;3050000; https://cellphones.com.vn/xiaomi-redmi-9c.html                      
427;cellphoneS;3990000; https://cellphones.com.vn/xiaomi-redmi-9t-4gb-64gb.html             
428;cellphoneS;4400000; https://cellphones.com.vn/xiaomi-redmi-9t.html                      
429;cellphoneS;0; https://cellphones.com.vn/xiaomi-redmi-k40-pro-plus.html            
430;cellphoneS;0; https://cellphones.com.vn/xiaomi-redmi-k40.html                     
431;cellphoneS;0; https://cellphones.com.vn/xiaomi-redmi-k40s.html                    
432;cellphoneS;0; https://cellphones.com.vn/xiaomi-redmi-k50-pro-plus.html            
433;cellphoneS;0; https://cellphones.com.vn/xiaomi-redmi-k50-pro.html                 
434;cellphoneS;0; https://cellphones.com.vn/xiaomi-redmi-k50.html                     
435;cellphoneS;4950000; https://cellphones.com.vn/xiaomi-redmi-note-10-5g-4gb.html          
436;cellphoneS;4250000; https://cellphones.com.vn/xiaomi-redmi-note-10-64gb.html            
437;cellphoneS;0; https://cellphones.com.vn/xiaomi-redmi-note-10-je.html              
438;cellphoneS;0; https://cellphones.com.vn/xiaomi-redmi-note-10-lite.html            
439;cellphoneS;6900000; https://cellphones.com.vn/xiaomi-redmi-note-10-pro-6gb.html         
440;cellphoneS;7300000; https://cellphones.com.vn/xiaomi-redmi-note-10-pro.html             
441;cellphoneS;5100000; https://cellphones.com.vn/xiaomi-redmi-note-10.html                 
442;cellphoneS;5700000; https://cellphones.com.vn/xiaomi-redmi-note-10s.html                
443;cellphoneS;0; https://cellphones.com.vn/xiaomi-redmi-note-10t.html                
444;cellphoneS;7790000; https://cellphones.com.vn/xiaomi-redmi-note-11-pro-5g.html          
445;cellphoneS;8590000; https://cellphones.com.vn/xiaomi-redmi-note-11-pro-plus.html        
446;cellphoneS;0; https://cellphones.com.vn/xiaomi-redmi-note-11t.html                
447;cellphoneS;3400000; https://cellphones.com.vn/xiaomi-redmi-note-9-64gb.html             
448;cellphoneS;6200000; https://cellphones.com.vn/xiaomi-redmi-note-9-pro-128gb.html        
449;cellphoneS;4450000; https://cellphones.com.vn/xiaomi-redmi-note-9s.html                 
43;Hoàng Hà mobile;12990000;https://hoanghamobile.com/dien-thoai-di-dong/iphone-11-128gb-chinh-hang-vn-a                               
46;Hoàng Hà mobile;11390000;https://hoanghamobile.com/dien-thoai-di-dong/iphone-11-64gb-chinh-hang-vn-a                                
47;Hoàng Hà mobile;17590000;https://hoanghamobile.com/dien-thoai-di-dong/apple-iphone-12-128gb-chinh-hang-vn-a                         
48;Hoàng Hà mobile;22390000;https://hoanghamobile.com/dien-thoai-di-dong/apple-iphone-12-256gb-chinh-hang-vn-a                         
58;Hoàng Hà mobile;15890000;https://hoanghamobile.com/dien-thoai-di-dong/apple-iphone-12-64gb-chinh-hang-vn-a                          
49;Hoàng Hà mobile;15990000;https://hoanghamobile.com/dien-thoai-di-dong/apple-iphone-12-mini-128gb-chinh-hang-vn-a                    
50;Hoàng Hà mobile;19950000;https://hoanghamobile.com/dien-thoai-di-dong/apple-iphone-12-mini-256gb-chinh-hang-vn-a                    
51;Hoàng Hà mobile;14990000;https://hoanghamobile.com/dien-thoai-di-dong/apple-iphone-12-mini-64gb-chinh-hang-vn-a                     
60;Hoàng Hà mobile;22490000;https://hoanghamobile.com/dien-thoai-di-dong/apple-iphone-13-256gb-chinh-hang-vn-a                         
61;Hoàng Hà mobile;25980000;https://hoanghamobile.com/dien-thoai-di-dong/apple-iphone-13-512gb-chinh-hang-vn-a                         
62;Hoàng Hà mobile;21490000;https://hoanghamobile.com/dien-thoai-di-dong/apple-iphone-13-mini-256gb-chinh-hang-vn-a                    
63;Hoàng Hà mobile;26790000;https://hoanghamobile.com/dien-thoai-di-dong/apple-iphone-13-mini-512gb-chinh-hang-vn-a                    
64;Hoàng Hà mobile;18640000;https://hoanghamobile.com/dien-thoai-di-dong/apple-iphone-13-mini-128gb-chinh-hang-vn-a                    
65;Hoàng Hà mobile;39490000;https://hoanghamobile.com/dien-thoai-di-dong/apple-iphone-13-pro-1TB-chinh-hang-vn                         
66;Hoàng Hà mobile;29790000;https://hoanghamobile.com/dien-thoai-di-dong/apple-iphone-13-pro-256gb-chinh-hang-vn-a                     
53;Hoàng Hà mobile;33890000;https://hoanghamobile.com/dien-thoai-di-dong/apple-iphone-13-pro-512gb-chinh-hang-vn-a                     
72;Hoàng Hà mobile;26750000;https://hoanghamobile.com/dien-thoai-di-dong/apple-iphone-13-pro-128gb-chinh-hang-vn-a                     
68;Hoàng Hà mobile;42890000;https://hoanghamobile.com/dien-thoai-di-dong/apple-iphone-13-pro-max-1TB-chinh-hang-vn                     
69;Hoàng Hà mobile;31750000;https://hoanghamobile.com/dien-thoai-di-dong/apple-iphone-13-pro-max-256gb-chinh-hang-vn-a                 
55;Hoàng Hà mobile;36990000;https://hoanghamobile.com/dien-thoai-di-dong/apple-iphone-13-pro-max-512gb-chinh-hang-vn-a                 
71;Hoàng Hà mobile;28950000;https://hoanghamobile.com/dien-thoai-di-dong/apple-iphone-13-pro-max-128gb-chinh-hang-vn-a                 
78;Hoàng Hà mobile;14490000;https://hoanghamobile.com/dien-thoai-di-dong/apple-iphone-se-2022-128gb-chinh-hang-vn-a                    
20;Hoàng Hà mobile;650000;https://hoanghamobile.com/dien-thoai-di-dong/energizer-energy-e20-chinh-hang                               
109;Hoàng Hà mobile;2690000;https://hoanghamobile.com/dien-thoai-di-dong/nokia-c21-plus-2gb-64gb-chinh-hang                            
110;Hoàng Hà mobile;2690000;https://hoanghamobile.com/dien-thoai-di-dong/nokia-c21-plus-3gb-32gb-chinh-hang                            
111;Hoàng Hà mobile;2890000;https://hoanghamobile.com/dien-thoai-di-dong/nokia-c21-plus-3gb-64gb-chinh-hang                            
163;Hoàng Hà mobile;18750000;https://hoanghamobile.com/dien-thoai-di-dong/oppo-find-x3-pro-chinh-hang                                   
293;Hoàng Hà mobile;10990000;https://hoanghamobile.com/dien-thoai-di-dong/samsung-galaxy-s21-fe-6gb-128gb-chinh-hang                    
292;Hoàng Hà mobile;12750000;https://hoanghamobile.com/dien-thoai-di-dong/samsung-galaxy-s21-fe-8gb-128gb-chinh-hang                    
292;Hoàng Hà mobile;13650000;https://hoanghamobile.com/dien-thoai-di-dong/samsung-galaxy-s21-fe-8gb-256gb-chinh-hang                    
300;Hoàng Hà mobile;17490000;https://hoanghamobile.com/dien-thoai-di-dong/samsung-galaxy-z-flip3-5G-Flex-Your-Way-2022                  
440;Hoàng Hà mobile;5990000;https://hoanghamobile.com/dien-thoai-di-dong/xiaomi-redmi-note-10-pro-8gb-128gb-chinh-hang                 
450;Hoàng Hà mobile;167000000;https://hoanghamobile.com/dien-thoai-di-dong/dien-thoai-di-dong-xor-x2-MARINE-alligator-chinh-hang         
451;Hoàng Hà mobile;136000000;https://hoanghamobile.com/dien-thoai-di-dong/dien-thoai-di-dong-xor-x2-MARINE-bundle-chinh-hang            
452;Hoàng Hà mobile;19490000;https://hoanghamobile.com/dien-thoai-di-dong/apple-iphone-13-128gb-chinh-hang-vn-a                         
453;Hoàng Hà mobile;12490000;https://hoanghamobile.com/dien-thoai-di-dong/apple-iphone-se-2022-64gb-chinh-hang-vn-a                     
454;Hoàng Hà mobile;3790000;https://hoanghamobile.com/dien-thoai-di-dong/bphone-a40-chinh-hang                                         
455;Hoàng Hà mobile;4890000;https://hoanghamobile.com/dien-thoai-di-dong/bphone-a50-chinh-hang                                         
456;Hoàng Hà mobile;5490000;https://hoanghamobile.com/dien-thoai-di-dong/bphone-a60-chinh-hang                                         
457;Hoàng Hà mobile;490000;https://hoanghamobile.com/dien-thoai-di-dong/energizer-e100-chinh-hang                                     
458;Hoàng Hà mobile;290000;https://hoanghamobile.com/dien-thoai-di-dong/energizer-e12-chinh-hang                                      
459;Hoàng Hà mobile;890000;https://hoanghamobile.com/dien-thoai-di-dong/energizer-e241s-chinh-hang                                    
460;Hoàng Hà mobile;590000;https://hoanghamobile.com/dien-thoai-di-dong/energizer-power-max-p20-chinh-hang                            
461;Hoàng Hà mobile;30990000;https://hoanghamobile.com/galaxy-s22-ultra-song-dam-chat-dem-phien-ban-gioi-han                            
462;Hoàng Hà mobile;650000;https://hoanghamobile.com/dien-thoai-di-dong/itel-9210-4g-chinh-hang                                       
463;Hoàng Hà mobile;380000;https://hoanghamobile.com/dien-thoai-di-dong/itel-it2590-may-nguoi-gia-chinh-hang                          
464;Hoàng Hà mobile;14990000;https://hoanghamobile.com/lap-top/laptop-asus-expertbook-p2451fa-bv3114t                                   
465;Hoàng Hà mobile;28490000;https://hoanghamobile.com/lap-top/laptop-lenovo-legion-5-15ach6h-82ju00ywvn                                
466;Hoàng Hà mobile;420000;https://hoanghamobile.com/dien-thoai-di-dong/masstel-fami-12-chinh-hang-may-nguoi-gia                      
467;Hoàng Hà mobile;790000;https://hoanghamobile.com/dien-thoai-di-dong/masstel-hapi-10-2gb-16gb-4g-lte-chinh-hang-may-nguoi-gia      
468;Hoàng Hà mobile;199000;https://hoanghamobile.com/dien-thoai-di-dong/masstel-izi-112-chinh-hang                                    
469;Hoàng Hà mobile;380000;https://hoanghamobile.com/dien-thoai-di-dong/masstel-izi-300-chinh-hang-may-nguoi-gia                      
470;Hoàng Hà mobile;450000;https://hoanghamobile.com/dien-thoai-di-dong/masstel-play-50-chinh-hang                                    
471;Hoàng Hà mobile;720000;https://hoanghamobile.com/dien-thoai-di-dong/nokia-105-4g-chinh-hang                                       
472;Hoàng Hà mobile;460000;https://hoanghamobile.com/dien-thoai-di-dong/nokia-105-dual-sim-2019-chinh-hang                            
473;Hoàng Hà mobile;450000;https://hoanghamobile.com/dien-thoai-di-dong/nokia-105-single-sim-2019-chinh-hang                          
474;Hoàng Hà mobile;820000;https://hoanghamobile.com/dien-thoai-di-dong/nokia-110-4g-chinh-hang                                       
475;Hoàng Hà mobile;850000;https://hoanghamobile.com/dien-thoai-di-dong/nokia-215-4g-chinh-hang                                       
476;Hoàng Hà mobile;1980000;https://hoanghamobile.com/dien-thoai-di-dong/nokia-c20-chinh-hang                                          
477;Hoàng Hà mobile;2280000;https://hoanghamobile.com/dien-thoai-di-dong/nokia-c30-2gb-32-chinh-hang                                   
478;Hoàng Hà mobile;2680000;https://hoanghamobile.com/dien-thoai-di-dong/nokia-c30-chinh-hang                                          
479;Hoàng Hà mobile;3480000;https://hoanghamobile.com/dien-thoai-di-dong/nokia-g21-4gb-128gb-chinh-hang                                
480;Hoàng Hà mobile;3450000;https://hoanghamobile.com/dien-thoai-di-dong/oppo-a16-3g-32g-chinh-hang                                    
481;Hoàng Hà mobile;3150000;https://hoanghamobile.com/dien-thoai-di-dong/oppo-a16k-chinh-hang                                          
482;Hoàng Hà mobile;4150000;https://hoanghamobile.com/dien-thoai-di-dong/oppo-a55-chinh-hang                                           
483;Hoàng Hà mobile;4250000;https://hoanghamobile.com/dien-thoai-di-dong/oppo-a57-chinh-hang                                           
484;Hoàng Hà mobile;5350000;https://hoanghamobile.com/dien-thoai-di-dong/oppo-a76-chinh-hang                                           
485;Hoàng Hà mobile;5590000;https://hoanghamobile.com/dien-thoai-di-dong/oppo-a95-chinh-hang                                           
486;Hoàng Hà mobile;8990000;https://hoanghamobile.com/dien-thoai-di-dong/oppo-reno5-5g-chinh-hang                                      
487;Hoàng Hà mobile;9990000;https://hoanghamobile.com/dien-thoai-di-dong/oppo-reno6-chinh-hang                                         
488;Hoàng Hà mobile;6590000;https://hoanghamobile.com/dien-thoai-di-dong/oppo-reno6-z-5g-chinh-hang                                    
489;Hoàng Hà mobile;7790000;https://hoanghamobile.com/dien-thoai-di-dong/oppo-reno7-chinh-hang                                         
490;Hoàng Hà mobile;11390000;https://hoanghamobile.com/dien-thoai-di-dong/oppo-reno7-5G-chinh-hang                                      
491;Hoàng Hà mobile;9350000;https://hoanghamobile.com/dien-thoai-di-dong/oppo-reno7-z-chinh-hang                                       
492;Hoàng Hà mobile;690000;https://hoanghamobile.com/dien-thoai-di-dong/philips-xenium-e506-4g                                        
493;Hoàng Hà mobile;850000;https://hoanghamobile.com/dien-thoai-di-dong/philips-xenium-e527-4g-chinh-hang                             
494;Hoàng Hà mobile;4490000;https://hoanghamobile.com/dien-thoai-di-dong/xiaomi-poco-m4-pro-5G                                         
495;Hoàng Hà mobile;5990000;https://hoanghamobile.com/dien-thoai-di-dong/realme-7-pro-chinh-hang                                       
496;Hoàng Hà mobile;5890000;https://hoanghamobile.com/dien-thoai-di-dong/realme-8-chinh-hang                                           
497;Hoàng Hà mobile;7150000;https://hoanghamobile.com/dien-thoai-di-dong/realme-9-pro-8g-128g-chinh-hang                               
498;Hoàng Hà mobile;8890000;https://hoanghamobile.com/dien-thoai-di-dong/realme-9-pro-plus-8gb-128gb-chinh-hang                        
499;Hoàng Hà mobile;5690000;https://hoanghamobile.com/dien-thoai-di-dong/realme-9i-6g-128gb-chinh-hang                                 
500;Hoàng Hà mobile;2450000;https://hoanghamobile.com/dien-thoai-di-dong/realme-c11-2021-chinh-hang                                    
501;Hoàng Hà mobile;3150000;https://hoanghamobile.com/dien-thoai-di-dong/realme-c11-2021-4gb-64gb-chinh-hang                           
502;Hoàng Hà mobile;3250000;https://hoanghamobile.com/dien-thoai-di-dong/realme-c21y-chinh-hang                                        
503;Hoàng Hà mobile;3650000;https://hoanghamobile.com/dien-thoai-di-dong/realme-c21y-4gb-64gb-chinh-hang                               
504;Hoàng Hà mobile;3750000;https://hoanghamobile.com/dien-thoai-di-dong/realme-c25y-4gb-128gb-chinh-hang                              
505;Hoàng Hà mobile;4490000;https://hoanghamobile.com/dien-thoai-di-dong/realme-c35-4gb-128gb-chinh-hang                               
506;Hoàng Hà mobile;3890000;https://hoanghamobile.com/dien-thoai-di-dong/realme-c35-4g-64g-chinh-hang                                  
507;Hoàng Hà mobile;4090000;https://hoanghamobile.com/dien-thoai-di-dong/redmi-note-11-4gb-128gb-chinh-hang                            
508;Hoàng Hà mobile;3790000;https://hoanghamobile.com/dien-thoai-di-dong/-redmi-note-11-4gb-64gb-chinh-hang                            
509;Hoàng Hà mobile;4090000;https://hoanghamobile.com/dien-thoai-di-dong/redmi-note-11-4gb-128gb-phien-ban-dac-biet-chinh-hang         
510;Hoàng Hà mobile;6390000;https://hoanghamobile.com/dien-thoai-di-dong/-redmi-note-11-pro-chinh-hang                                 
511;Hoàng Hà mobile;7750000;https://hoanghamobile.com/dien-thoai-di-dong/-redmi-note-11-pro-5g-chinh-hang                              
512;Hoàng Hà mobile;5690000;https://hoanghamobile.com/dien-thoai-di-dong/-redmi-note-11s-chinh-hang                                    
513;Hoàng Hà mobile;2650000;https://hoanghamobile.com/dien-thoai-di-dong/samsung-galaxy-a03-chinh-hang                                 
514;Hoàng Hà mobile;3090000;https://hoanghamobile.com/dien-thoai-di-dong/samsung-galaxy-a03s-4gb-64gb-chinh-hang                       
515;Hoàng Hà mobile;3790000;https://hoanghamobile.com/dien-thoai-di-dong/samsung-galaxy-a13-4gb-128gb-chinh-hang                       
516;Hoàng Hà mobile;4850000;https://hoanghamobile.com/dien-thoai-di-dong/samsung-galaxy-a23-4gb-128gb-chinh-hang                       
517;Hoàng Hà mobile;5550000;https://hoanghamobile.com/dien-thoai-di-dong/samsung-galaxy-a32-chinh-hang                                 
518;Hoàng Hà mobile;7090000;https://hoanghamobile.com/dien-thoai-di-dong/samsung-galaxy-a33-5g-chinh-hang                              
519;Hoàng Hà mobile;8490000;https://hoanghamobile.com/dien-thoai-di-dong/samsung-galaxy-a53-chinh-hang                                 
520;Hoàng Hà mobile;11090000;https://hoanghamobile.com/dien-thoai-di-dong/samsung-galaxy-a73-chinh-hang                                 
521;Hoàng Hà mobile;19590000;https://hoanghamobile.com/dien-thoai-di-dong/samsung-galaxy-s21-Ultra-5G-chinh-hang                        
522;Hoàng Hà mobile;15590000;https://hoanghamobile.com/dien-thoai-di-dong/samsung-galaxy-s-22-8gb-128gb-chinh-hang                      
523;Hoàng Hà mobile;16990000;https://hoanghamobile.com/dien-thoai-di-dong/samsung-galaxy-s22-8gb-256gb-chinh-hang                       
524;Hoàng Hà mobile;19390000;https://hoanghamobile.com/dien-thoai-di-dong/samsung-galaxy-s22-Plus-8gb-128gb-chinh-hang                  
525;Hoàng Hà mobile;20790000;https://hoanghamobile.com/dien-thoai-di-dong/samsung-galaxy-s22-Plus-8gb-256gb-chinh-hang                  
526;Hoàng Hà mobile;26790000;https://hoanghamobile.com/dien-thoai-di-dong/samsung-galaxy-s22-Ultra-12gb-256gb-chinh-hang                
527;Hoàng Hà mobile;29690000;https://hoanghamobile.com/dien-thoai-di-dong/samsung-galaxy-s22-Ultra-12gb-512gb-chinh-hang                
528;Hoàng Hà mobile;23990000;https://hoanghamobile.com/dien-thoai-di-dong/samsung-galaxy-s22-Ultra-8gb-128gb-chinh-hang                 
529;Hoàng Hà mobile;17390000;https://hoanghamobile.com/dien-thoai-di-dong/samsung-galaxy-z-flip3-5G-128GB-chinh-hang                    
530;Hoàng Hà mobile;19290000;https://hoanghamobile.com/dien-thoai-di-dong/samsung-galaxy-z-flip3-5G-256GB-chinh-hang                    
531;Hoàng Hà mobile;30990000;https://hoanghamobile.com/dien-thoai-di-dong/samsung-galaxy-z-fold-3-256GB-chinh-hang                      
532;Hoàng Hà mobile;33890000;https://hoanghamobile.com/dien-thoai-di-dong/samsung-galaxy-z-fold-3-512GB-chinh-hang                      
533;Hoàng Hà mobile;2590000;https://hoanghamobile.com/dien-thoai-di-dong/tecno-pova-neo-4gb-64gb-chinh-hang                            
534;Hoàng Hà mobile;3190000;https://hoanghamobile.com/dien-thoai-di-dong/tecno-pova-neo-6gb-128gb-chinh-hang                           
535;Hoàng Hà mobile;2490000;https://hoanghamobile.com/dien-thoai-di-dong/tecno-spark-6-go-4g-64gb-chinh-hang                           
536;Hoàng Hà mobile;2690000;https://hoanghamobile.com/dien-thoai-di-dong/tecno-spark-7t-chinh-hang                                     
537;Hoàng Hà mobile;2790000;https://hoanghamobile.com/dien-thoai-di-dong/tecno-spark-8c-4g-128gb-chinh-hang                            
538;Hoàng Hà mobile;2490000;https://hoanghamobile.com/dien-thoai-di-dong/tecno-spark-8c-4g-64gb-chinh-hang                             
539;Hoàng Hà mobile;7990000;https://hoanghamobile.com/dien-thoai-di-dong/vivo-v21-5g-chinh-hang                                        
540;Hoàng Hà mobile;10890000;https://hoanghamobile.com/dien-thoai-di-dong/vivo-v23-5g-8gb-128gb-chinh-hang                              
541;Hoàng Hà mobile;6990000;https://hoanghamobile.com/dien-thoai-di-dong/vivo-v23e-chinh-hang                                          
542;Hoàng Hà mobile;16990000;https://hoanghamobile.com/dien-thoai-di-dong/vivo-x80-chinh-hang                                           
543;Hoàng Hà mobile;26990000;https://hoanghamobile.com/dien-thoai-di-dong/vivo-x80-pro-chinh-hang                                       
544;Hoàng Hà mobile;2790000;https://hoanghamobile.com/dien-thoai-di-dong/vivo-y12s-2021-3gb-32gb-chinh-hang                            
545;Hoàng Hà mobile;3150000;https://hoanghamobile.com/dien-thoai-di-dong/vivo-y15a-chinh-hang                                          
546;Hoàng Hà mobile;2950000;https://hoanghamobile.com/dien-thoai-di-dong/vivo-y15s-chinh-hang                                          
547;Hoàng Hà mobile;3490000;https://hoanghamobile.com/dien-thoai-di-dong/vivo-y21-chinh-hang                                           
548;Hoàng Hà mobile;4150000;https://hoanghamobile.com/dien-thoai-di-dong/vivo-y21s-4gb-128gb-chinh-hang                                
549;Hoàng Hà mobile;4650000;https://hoanghamobile.com/dien-thoai-di-dong/vivo-y21s-6gb-128gb-chinh-hang                                
550;Hoàng Hà mobile;5340000;https://hoanghamobile.com/dien-thoai-di-dong/vivo-y33s-chinh-hang                                          
551;Hoàng Hà mobile;5590000;https://hoanghamobile.com/dien-thoai-di-dong/vivo-y53s-chinh-hang                                          
552;Hoàng Hà mobile;5290000;https://hoanghamobile.com/dien-thoai-di-dong/vivo-y72-5g-chinh-hang                                        
553;Hoàng Hà mobile;7490000;https://hoanghamobile.com/dien-thoai-di-dong/xiaomi-11-lite-5g-ne-6gb-128gb-chinh-hang                     
554;Hoàng Hà mobile;7750000;https://hoanghamobile.com/dien-thoai-di-dong/xiaomi-11-lite-5g-ne-8gb-128gb-chinh-hang-dgw                 
555;Hoàng Hà mobile;9090000;https://hoanghamobile.com/dien-thoai-di-dong/xiaomi-11t-5g-8gb-128gb-chinh-hang-dgw                        
556;Hoàng Hà mobile;12290000;https://hoanghamobile.com/dien-thoai-di-dong/xiaomi-11t-pro-5g-12gb-256gb-chinh-hang-dgw                   
557;Hoàng Hà mobile;16690000;https://hoanghamobile.com/dien-thoai-di-dong/xiaomi-12-chinh-hang                                          
558;Hoàng Hà mobile;21490000;https://hoanghamobile.com/dien-thoai-di-dong/xiaomi-12-pro-chinh-hang                                      
559;Hoàng Hà mobile;3790000;https://hoanghamobile.com/dien-thoai-di-dong/xiaomi-redmi-10-4gb-128gb-chinh-hang-dgw                      
560;Hoàng Hà mobile;3490000;https://hoanghamobile.com/dien-thoai-di-dong/xiaomi-redmi-10-chinh-hang-dgw                                
561;Hoàng Hà mobile;3690000;https://hoanghamobile.com/dien-thoai-di-dong/xiaomi-redmi-10-2022-4gb-128gb-chinh-hang-dgw                 
562;Hoàng Hà mobile;3340000;https://hoanghamobile.com/dien-thoai-di-dong/xiaomi-redmi-10c-4gb-128gb-chinh-hang                         
563;Hoàng Hà mobile;2090000;https://hoanghamobile.com/dien-thoai-di-dong/xiaomi-redmi-9a-2gb-32gb-chinh-hang-dgw                       
564;Hoàng Hà mobile;2880000;https://hoanghamobile.com/dien-thoai-di-dong/xiaomi-redmi-9c-4gb-128gb-chinh-hang-dgw                      
565;Hoàng Hà mobile;4650000;https://hoanghamobile.com/dien-thoai-di-dong/xiaomi-redmi-note-10s-chinh-hang                              
566;Hoàng Hà mobile;120000000;https://hoanghamobile.com/dien-thoai-di-dong/dien-thoai-di-dong-xor-titanium-x1-classic-chinh-hang         
567;Hoàng Hà mobile;150000000;https://hoanghamobile.com/dien-thoai-di-dong/dien-thoai-di-dong-xor-titanium-x1-ALLIGATOR-BUNDLE-chinh-hang
568;Hoàng Hà mobile;120000000;https://hoanghamobile.com/dien-thoai-di-dong/dien-thoai-di-dong-xor-titanium-x1-classic-MARINE-chinh-hang  
569;Hoàng Hà mobile;120000000;https://hoanghamobile.com/dien-thoai-di-dong/dien-thoai-di-dong-xor-titanium-x1-rose-chinh-hang            
570;Hoàng Hà mobile;138000000;https://hoanghamobile.com/dien-thoai-di-dong/dien-thoai-di-dong-xor-titanium-x1-ebony-chinh-hang           
571;Hoàng Hà mobile;167000000;https://hoanghamobile.com/dien-thoai-di-dong/dien-thoai-di-dong-xor-titanium-x2-ALLIGATOR-BUNDLE-chinh-hang
572;Hoàng Hà mobile;136000000;https://hoanghamobile.com/dien-thoai-di-dong/dien-thoai-di-dong-xor-x2-classic-bundle-chinh-hang           
573;Hoàng Hà mobile;167000000;https://hoanghamobile.com/dien-thoai-di-dong/dien-thoai-di-dong-xor-x2-rose-alligator-chinh-hang           
574;Hoàng Hà mobile;136000000;https://hoanghamobile.com/dien-thoai-di-dong/dien-thoai-di-dong-xor-x2-rose-bundle-chinh-hang              
575;Hoàng Hà mobile;166000000;https://hoanghamobile.com/dien-thoai-di-dong/dien-thoai-di-dong-xor-x2-ebody-bundle-chinh-hang             
576;Hoàng Hà mobile;385000000;https://hoanghamobile.com/dien-thoai-di-dong/dien-thoai-di-dong-xor-diemvang-PRIME GOLD-chinh-hang         
577;Hoàng Hà mobile;470000;https://hoanghamobile.com/dien-thoai-di-dong/dien-thoai-di-dong-izi-10-4g-chinh-hang                       
578;Hoàng Hà mobile;690000;https://hoanghamobile.com/dien-thoai-di-dong/dien-thoai-di-dong-masste-fami-60-4g-chinh-hang               
579;Hoàng Hà mobile;590000;https://hoanghamobile.com/dien-thoai-di-dong/dien-thoai-di-dong-masstel-fami-12                            
580;Hoàng Hà mobile;450000;https://hoanghamobile.com/dien-thoai-di-dong/dien-thoai-di-dong-masstel-izi-12                             
581;Hoàng Hà mobile;500000;https://hoanghamobile.com/dien-thoai-di-dong/dien-thoai-di-dong-masstel-izi-20                             
582;Hoàng Hà mobile;550000;https://hoanghamobile.com/dien-thoai-di-dong/dien-thoai-di-dong-masstel-izi-50                             
256;Nguyễn Kim mobile;5650000;https://www.nguyenkim.com/dien-thoai-samsung-galaxy-a32-4g-6gb-128gb-xanh.html
256;Nguyễn Kim mobile;5650000;https://www.nguyenkim.com/samsung-galaxy-a32-4g-6gb-128gb-tim.html
292;Nguyễn Kim mobile;10290000;https://www.nguyenkim.com/dien-thoai-samsung-galaxy-s20-fe-8gb-256gb-xanh.html
256;Nguyễn Kim mobile;5650000;https://www.nguyenkim.com/dien-thoai-samsung-galaxy-a32-4g-6gb-128gb-den.html
425;Nguyễn Kim mobile;2790000;https://www.nguyenkim.com/dien-thoai-xiaomi-redmi-9c-3gb-64gb-xam.html
521;Nguyễn Kim mobile;19990000;https://www.nguyenkim.com/dien-thoai-samsung-galaxy-s21-ultra-5g-12gb-128gb-bac.html
563;Nguyễn Kim mobile;2290000;https://www.nguyenkim.com/dien-thoai-xiaomi-redmi-9a-2gb-32gb-xam.html
290;Nguyễn Kim mobile;29990000;https://www.nguyenkim.com/samsung-galaxy-s20-ultra.html
256;Nguyễn Kim mobile;4790000;https://www.nguyenkim.com/dien-thoai-samsung-galaxy-a22-6gb-128gb-xanh.html
256;Nguyễn Kim mobile;4790000;https://www.nguyenkim.com/dien-thoai-samsung-galaxy-a22-6gb-128gb-den.html
425;Nguyễn Kim mobile;2790000;https://www.nguyenkim.com/dien-thoai-xiaomi-redmi-9c-3gb-64gb-cam.html
515;Nguyễn Kim mobile;3850000;https://www.nguyenkim.com/dien-thoai-samsung-galaxy-a13-4gb-128gb-den.html
515;Nguyễn Kim mobile;3850000;https://www.nguyenkim.com/dien-thoai-samsung-galaxy-a13-4gb-128gb-xanh.html
516;Nguyễn Kim mobile;4890000;https://www.nguyenkim.com/dien-thoai-samsung-galaxy-a23-4gb-128gb-den.html
514;Nguyễn Kim mobile;3090000;https://www.nguyenkim.com/dien-thoai-samsung-galaxy-a03s-64gb-den.html
514;Nguyễn Kim mobile;3090000;https://www.nguyenkim.com/dien-thoai-samsung-galaxy-a03s-64gb-xanh.html
516;Nguyễn Kim mobile;4890000;https://www.nguyenkim.com/dien-thoai-samsung-galaxy-a23-4gb-128gb-xanh.html
187;Nguyễn Kim mobile;9490000;https://www.nguyenkim.com/dien-thoai-oppo-reno7-z-5g-den.html
266;Nguyễn Kim mobile;10990000;https://www.nguyenkim.com/dien-thoai-samsung-galaxy-a52s-5g-8gb-128gb-tim.html
187;Nguyễn Kim mobile;9490000;https://www.nguyenkim.com/dien-thoai-oppo-reno7-z-5g-bac.html
342;Nguyễn Kim mobile;3890000;https://www.nguyenkim.com/dien-thoai-vivo-y21s-4gb-128gb-trang.html
515;Nguyễn Kim mobile;3850000;https://www.nguyenkim.com/dien-thoai-samsung-galaxy-a13-4gb-128gb-cam.html
186;Nguyễn Kim mobile;7690000;https://www.nguyenkim.com/dien-thoai-oppo-reno7-4g-8gb-128gb-den.html
341;Nguyễn Kim mobile;4290000;https://www.nguyenkim.com/dien-thoai-vivo-y21s-6gb-128gb-trang.html
341;Nguyễn Kim mobile;4290000;https://www.nguyenkim.com/dien-thoai-vivo-y21s-6gb-128gb-trang.html
577;Nguyễn Kim mobile;850000;https://www.nguyenkim.com/dien-thoai-nokia-110-4g-xanh.html
577;Nguyễn Kim mobile;850000;https://www.nguyenkim.com/dien-thoai-nokia-110-4g-vang.html
186;Nguyễn Kim mobile;7690000;https://www.nguyenkim.com/dien-thoai-oppo-reno7-4g-8gb-128gb-cam.html
342;Nguyễn Kim mobile;3890000;https://www.nguyenkim.com/dien-thoai-vivo-y21s-4gb-128gb-xanh.html
109;Nguyễn Kim mobile;2490000;https://www.nguyenkim.com/dien-thoai-nokia-c21-plus-2gb-64gb-xam-anh-kim.html
109;Nguyễn Kim mobile;2490000;https://www.nguyenkim.com/dien-thoai-nokia-c21-plus-2gb-64gb-xanh-thien-thach.html
296;Nguyễn Kim mobile;33990000;https://www.nguyenkim.com/dien-thoai-samsung-s22-ultra-12gb-256gb-den.html
577;Nguyễn Kim mobile;750000;https://www.nguyenkim.com/dien-thoai-nokia-105-4g-do.html
565;Nguyễn Kim mobile;5990000;https://www.nguyenkim.com/dien-thoai-xiaomi-redmi-note-11s-8gb-128gb-trang.html
577;Nguyễn Kim mobile;750000;https://www.nguyenkim.com/dien-thoai-nokia-105-4g-xanh.html
341;Nguyễn Kim mobile;4290000;https://www.nguyenkim.com/dien-thoai-vivo-y21s-6gb-128gb-xanh.html
565;Nguyễn Kim mobile;5990000;https://www.nguyenkim.com/dien-thoai-xiaomi-redmi-note-11s-8gb-128gb-xanh-duong.html
528;Nguyễn Kim mobile;30990000;https://www.nguyenkim.com/dien-thoai-samsung-s22-ultra-8gb-128gb-den.html
291;Nguyễn Kim mobile;12490000;https://www.nguyenkim.com/dien-thoai-samsung-s21-fe-5g-8gb-128gb-tim.html
296;Nguyễn Kim mobile;33990000;https://www.nguyenkim.com/dien-thoai-samsung-s22-ultra-12gb-256gb-trang.html
565;Nguyễn Kim mobile;5990000;https://www.nguyenkim.com/dien-thoai-xiaomi-redmi-note-11s-8gb-128gb-xam.html
440;Nguyễn Kim mobile;6990000;https://www.nguyenkim.com/dien-thoai-xiaomi-redmi-note-11pro-8gb-128gb-trang.html
528;Nguyễn Kim mobile;30990000;https://www.nguyenkim.com/dien-thoai-samsung-s22-ultra-8gb-128gb-trang.html
528;Nguyễn Kim mobile;30990000;https://www.nguyenkim.com/dien-thoai-samsung-s22-ultra-8gb-128gb-do.html
293;Nguyễn Kim mobile;10990000;https://www.nguyenkim.com/dien-thoai-samsung-s21-fe-5g-6gb-128gb-tim.html
296;Nguyễn Kim mobile;33990000;https://www.nguyenkim.com/dien-thoai-samsung-galaxy-s22-ultra-5g-256gb-xanh-la.html
266;Nguyễn Kim mobile;10990000;https://www.nguyenkim.com/dien-thoai-samsung-galaxy-a52s-5g-8gb-128gb-xanh.html
296;Nguyễn Kim mobile;33990000;https://www.nguyenkim.com/dien-thoai-samsung-s22-ultra-12gb-256gb-do.html
291;Nguyễn Kim mobile;12490000;https://www.nguyenkim.com/dien-thoai-samsung-s21-fe-5g-8gb-128gb-xam.html
71;Nguyễn Kim mobile;27990000;https://www.nguyenkim.com/iphone-13-pro-max-128gb-xam.html
526;Nguyễn Kim mobile;36990000;https://www.nguyenkim.com/dien-thoai-samsung-s22-ultra-12gb-512gb-den.html
526;Nguyễn Kim mobile;36990000;https://www.nguyenkim.com/dien-thoai-samsung-s22-ultra-12gb-512gb-do.html
528;Nguyễn Kim mobile;30990000;https://www.nguyenkim.com/dien-thoai-samsung-galaxy-s22-ultra-5g-128gb-xanh-la.html
522;Nguyễn Kim mobile;25990000;https://www.nguyenkim.com/dien-thoai-samsung-s22-plus-8gb-128gb-hong.html
526;Nguyễn Kim mobile;36990000;https://www.nguyenkim.com/dien-thoai-samsung-s22-ultra-12gb-512gb-trang.html
291;Nguyễn Kim mobile;12490000;https://www.nguyenkim.com/dien-thoai-samsung-s21-fe-5g-8gb-128gb-trang.html
71;Nguyễn Kim mobile;27990000;https://www.nguyenkim.com/iphone-13-pro-max-128gb-bac.html
68;Nguyễn Kim mobile;42790000;https://www.nguyenkim.com/iphone-13-pro-max-1tb-vang-dong.html
68;Nguyễn Kim mobile;42790000;https://www.nguyenkim.com/iphone-13-pro-max-1tb-xanh-duong.html
69;Nguyễn Kim mobile;32990000;https://www.nguyenkim.com/iphone-13-pro-max-256gb-bac.html
65;Nguyễn Kim mobile;39790000;https://www.nguyenkim.com/iphone-13-pro-1tb-xam.html
110;Nguyễn Kim mobile;3190000;https://www.nguyenkim.com/dien-thoai-nokia-c21-plus-3gb-32gb-xam-anh-kim.html
256;Nguyễn Kim mobile;4790000;https://www.nguyenkim.com/dien-thoai-samsung-galaxy-a22-6gb-128gb-tim.html
425;Nguyễn Kim mobile;2790000;https://www.nguyenkim.com/dien-thoai-xiaomi-redmi-9c-3gb-64gb-xanh-duong.html
177;Nguyễn Kim mobile;7592000;https://www.nguyenkim.com/dien-thoai-oppo-reno6-z-5g-8gb-128gb-bac.html
289;Nguyễn Kim mobile;23990000;https://www.nguyenkim.com/samsung-galaxy-s20-plus-93294.html
290;Nguyễn Kim mobile;23992000;https://www.nguyenkim.com/samsung-galaxy-s20-ultra.html?pid=93169
289;Nguyễn Kim mobile;19192000;https://www.nguyenkim.com/samsung-galaxy-s20-plus-93174.html
583;Nguyễn Kim mobile;2290000;https://www.nguyenkim.com/dien-thoai-xiaomi-redmi-9a-2gb-32gb-xanh-duong.html
584;Nguyễn Kim mobile;9290000;https://www.nguyenkim.com/dien-thoai-samsung-galaxy-a52-4g-8gb-128gb-xanh.html
585;Nguyễn Kim mobile;9290000;https://www.nguyenkim.com/dien-thoai-samsung-galaxy-a52-4g-8gb-128gb-den.html
586;Nguyễn Kim mobile;11490000;https://www.nguyenkim.com/dien-thoai-samsung-galaxy-a72-4g-8gb-256gb-den.html
587;Nguyễn Kim mobile;11490000;https://www.nguyenkim.com/dien-thoai-samsung-galaxy-a72-4g-8gb-256gb-tim.html
588;Nguyễn Kim mobile;9192000;https://www.nguyenkim.com/dien-thoai-samsung-galaxy-a72-4g-8gb-256gb-xanh.html
589;Nguyễn Kim mobile;6792000;https://www.nguyenkim.com/dien-thoai-oppo-reno4-xanh-thien-ha.html
590;Nguyễn Kim mobile;11490000;https://www.nguyenkim.com/dien-thoai-samsung-galaxy-a72-4g-8gb-256gb-trang.html
591;Nguyễn Kim mobile;1990000;https://www.nguyenkim.com/dien-thoai-nokia-c20-2gb-32gb-xanh.html
592;Nguyễn Kim mobile;6590000;https://www.nguyenkim.com/dien-thoai-samsung-a33-5g-6gb-128gb-xanh.html
593;Nguyễn Kim mobile;2650000;https://www.nguyenkim.com/dien-thoai-samsung-galaxy-a03-32gb-den.html
594;Nguyễn Kim mobile;6590000;https://www.nguyenkim.com/dien-thoai-samsung-a33-5g-6gb-128gb-den.html
595;Nguyễn Kim mobile;10690000;https://www.nguyenkim.com/dien-thoai-iphone-11-64gb-trang-vi-2.html
596;Nguyễn Kim mobile;2650000;https://www.nguyenkim.com/dien-thoai-samsung-galaxy-a03-32gb-xanh.html
597;Nguyễn Kim mobile;7990000;https://www.nguyenkim.com/dien-thoai-samsung-a53-5g-128gb-cam.html
598;Nguyễn Kim mobile;2650000;https://www.nguyenkim.com/dien-thoai-vivo-y15s-3gb-32gb-xanh-den.html
599;Nguyễn Kim mobile;11190000;https://www.nguyenkim.com/dien-thoai-samsung-a73-8gb-128gb-xanh.html
600;Nguyễn Kim mobile;7990000;https://www.nguyenkim.com/dien-thoai-samsung-a53-5g-128gb-xanh.html
601;Nguyễn Kim mobile;3150000;https://www.nguyenkim.com/dien-thoai-oppo-a16k-xanh.html
602;Nguyễn Kim mobile;11190000;https://www.nguyenkim.com/dien-thoai-samsung-a73-8gb-128gb-xam.html
603;Nguyễn Kim mobile;2650000;https://www.nguyenkim.com/dien-thoai-vivo-y15s-3gb-32gb-trang-xanh.html
604;Nguyễn Kim mobile;7990000;https://www.nguyenkim.com/dien-thoai-samsung-a53-5g-128gb-den.html
605;Nguyễn Kim mobile;4190000;https://www.nguyenkim.com/dien-thoai-oppo-a55-4gb-64gb-den.html
606;Nguyễn Kim mobile;2650000;https://www.nguyenkim.com/dien-thoai-nokia-c30-3gb-32gb-xanh-luc.html
607;Nguyễn Kim mobile;5990000;https://www.nguyenkim.com/dien-thoai-oppo-a95-bac.html
608;Nguyễn Kim mobile;6990000;https://www.nguyenkim.com/dien-thoai-xiaomi-redmi-note-11pro-8gb-128gb-xam.html
609;Nguyễn Kim mobile;4190000;https://www.nguyenkim.com/dien-thoai-oppo-a55-4gb-64gb-xanh.html
610;Nguyễn Kim mobile;4190000;https://www.nguyenkim.com/dien-thoai-oppo-a55-4gb-64gb-xanh.html
611;Nguyễn Kim mobile;5490000;https://www.nguyenkim.com/dien-thoai-oppo-a76-6gb-128gb-xanh.html
612;Nguyễn Kim mobile;5490000;https://www.nguyenkim.com/dien-thoai-oppo-a76-6gb-128gb-den.html
613;Nguyễn Kim mobile;10690000;https://www.nguyenkim.com/dien-thoai-iphone-11-64gb-tim-vi-2.html
614;Nguyễn Kim mobile;5990000;https://www.nguyenkim.com/dien-thoai-oppo-a95-den.html
615;Nguyễn Kim mobile;2650000;https://www.nguyenkim.com/dien-thoai-samsung-galaxy-a03-32gb-do.html
616;Nguyễn Kim mobile;4500000;https://www.nguyenkim.com/dien-thoai-vivo-y33s-8gb-128gb-den.html
617;Nguyễn Kim mobile;5990000;https://www.nguyenkim.com/dien-thoai-vivo-v23e-8gb-128gb-den.html
618;Nguyễn Kim mobile;3690000;https://www.nguyenkim.com/dien-thoai-vivo-y21-4gb-64gb-trang.html
619;Nguyễn Kim mobile;5990000;https://www.nguyenkim.com/dien-thoai-vivo-v23e-8gb-128gb-xanh-hong.html
620;Nguyễn Kim mobile;4390000;https://www.nguyenkim.com/dien-thoai-xiaomi-redmi-note-11-4gb-64gb-xanh-duong-dam.html
621;Nguyễn Kim mobile;7990000;https://www.nguyenkim.com/dien-thoai-samsung-a53-5g-128gb-trang.html
622;Nguyễn Kim mobile;6990000;https://www.nguyenkim.com/dien-thoai-xiaomi-redmi-note-11pro-8gb-128gb-xanh-duong.html
623;Nguyễn Kim mobile;27990000;https://www.nguyenkim.com/iphone-13-pro-max-128gb-xanh-duong.html
624;Nguyễn Kim mobile;3150000;https://www.nguyenkim.com/dien-thoai-oppo-a16k-den.html
625;Nguyễn Kim mobile;6590000;https://www.nguyenkim.com/dien-thoai-samsung-a33-5g-6gb-128gb-cam.html
626;Nguyễn Kim mobile;3690000;https://www.nguyenkim.com/dien-thoai-vivo-y21-4gb-64gb-xanh-tim.html
627;Nguyễn Kim mobile;4500000;https://www.nguyenkim.com/dien-thoai-vivo-y33s-8gb-128gb-xanh-hong.html
628;Nguyễn Kim mobile;27990000;https://www.nguyenkim.com/iphone-13-pro-max-128gb-vang-dong.html
629;Nguyễn Kim mobile;850000;https://www.nguyenkim.com/dien-thoai-nokia-110-4g-den.html
630;Nguyễn Kim mobile;27990000;https://www.nguyenkim.com/dien-thoai-iphone-13-pro-max-128gb-vang-dong-vi.html
631;Nguyễn Kim mobile;11190000;https://www.nguyenkim.com/dien-thoai-samsung-a73-8gb-128gb-trang.html
632;Nguyễn Kim mobile;25990000;https://www.nguyenkim.com/iphone-13-pro-128gb-bac.html
633;Nguyễn Kim mobile;36990000;https://www.nguyenkim.com/dien-thoai-samsung-s22-ultra-12gb-512gb-xanh-la.html
634;Nguyễn Kim mobile;27990000;https://www.nguyenkim.com/dien-thoai-iphone-13-pro-max-128gb-xanh-la.html
635;Nguyễn Kim mobile;27990000;https://www.nguyenkim.com/iphone-13-pro-max-128gb-xanh-la.html
636;Nguyễn Kim mobile;3490000;https://www.nguyenkim.com/dien-thoai-nokia-g21-4gb-128gb-tim-cuc-quang.html
637;Nguyễn Kim mobile;3490000;https://www.nguyenkim.com/dien-thoai-nokia-g21-4gb-128gb-xanh-bac-au.html
638;Nguyễn Kim mobile;21990000;https://www.nguyenkim.com/dien-thoai-samsung-s22-8gb-128gb-den.html
639;Nguyễn Kim mobile;27990000;https://www.nguyenkim.com/dien-thoai-iphone-13-pro-max-128gb-vang-dong-vi-2.html
640;Nguyễn Kim mobile;27490000;https://www.nguyenkim.com/iphone-13-pro-256gb-xam.html
641;Nguyễn Kim mobile;27490000;https://www.nguyenkim.com/iphone-13-pro-256gb-xanh-duong.html
642;Nguyễn Kim mobile;27990000;https://www.nguyenkim.com/dien-thoai-iphone-13-pro-max-128gb-vang-dong-vi-2.html
643;Nguyễn Kim mobile;10690000;https://www.nguyenkim.com/dien-thoai-iphone-11-64gb-den-vi-3.html
644;Nguyễn Kim mobile;38990000;https://www.nguyenkim.com/dien-thoai-samsung-galaxy-z-fold-3-5g-512gb-bac.html
645;Nguyễn Kim mobile;27490000;https://www.nguyenkim.com/dien-thoai-samsung-s22-plus-8gb-256gb-trang.html
646;Nguyễn Kim mobile;10690000;https://www.nguyenkim.com/dien-thoai-iphone-11-64gb-xanh-la-vi-3.html
647;Nguyễn Kim mobile;35990000;https://www.nguyenkim.com/dien-thoai-samsung-galaxy-z-fold-3-5g-256gb-xanh-la.html
648;Nguyễn Kim mobile;22990000;https://www.nguyenkim.com/iphone-13-256gb-hong.html
649;Nguyễn Kim mobile;34990000;https://www.nguyenkim.com/iphone-13-pro-max-512gb-xam.html
650;Nguyễn Kim mobile;34990000;https://www.nguyenkim.com/iphone-13-pro-max-512gb-bac.html
651;Nguyễn Kim mobile;17790000;https://www.nguyenkim.com/iphone-13-mini-128gb-do.html
652;Nguyễn Kim mobile;32990000;https://www.nguyenkim.com/iphone-13-pro-512gb-xanh-duong.html
653;Nguyễn Kim mobile;22990000;https://www.nguyenkim.com/iphone-13-256gb-xanh-duong.html
654;Nguyễn Kim mobile;750000;https://www.nguyenkim.com/dien-thoai-nokia-105-4g-den.html
655;Nguyễn Kim mobile;2290000;https://www.nguyenkim.com/dien-thoai-xiaomi-redmi-9a-2gb-32gb-xanh-la.html
656;Nguyễn Kim mobile;1990000;https://www.nguyenkim.com/dien-thoai-nokia-c20-2gb-32gb-vang.html
657;Nguyễn Kim mobile;28990000;https://www.nguyenkim.com/dien-thoai-iphone-12-pro-256gb-xam.html
658;Nguyễn Kim mobile;17990000;https://www.nguyenkim.com/dien-thoai-iphone-12-128gb-do.html
659;Nguyễn Kim mobile;28990000;https://www.nguyenkim.com/dien-thoai-iphone-12-pro-256gb-xanh.html
660;Nguyễn Kim mobile;16090000;https://www.nguyenkim.com/dien-thoai-iphone-12-64gb-xanh-la.html
661;Nguyễn Kim mobile;9290000;https://www.nguyenkim.com/dien-thoai-samsung-galaxy-a52-4g-8gb-128gb-tim.html
643;Thế giới di động;14990000;
658;Thế giới di động;18790000;
660;Thế giới di động;19990000;
658;Thế giới di động;18890000;
660;Thế giới di động;18990000;
659;Thế giới di động;26290000;
652;Thế giới di động;28490000;
649;Thế giới di động;30990000;
651;Thế giới di động;22290000;
648;Thế giới di động;27990000;
651;Thế giới di động;19290000;
648;Thế giới di động;22990000;
632;Thế giới di động;28290000;
640;Thế giới di động;29290000;
652;Thế giới di động;40990000;
634;Thế giới di động;31290000;
634;Thế giới di động;44990000;
640;Thế giới di động;34290000;
649;Thế giới di động;36490000;
579;Thế giới di động;650000;
581;Thế giới di động;550000;
654;Thế giới di động;750000;
629;Thế giới di động;850000;
624;Thế giới di động;3290000;
605;Thế giới di động;4990000;
612;Thế giới di động;5990000;
614;Thế giới di động;6990000;
163;Thế giới di động;30990000;
171;Thế giới di động;7990000;
180;Thế giới di động;12990000;
662;Thế giới di động;;
663;Thế giới di động;14490000;
664;Thế giới di động;18990000;
665;Thế giới di động;20090000;
666;Thế giới di động;20690000;
667;Thế giới di động;32490000;
668;Thế giới di động;30990000;
669;Thế giới di động;44690000;
670;Thế giới di động;11290000;
671;Thế giới di động;13990000;
672;Thế giới di động;15890000;
673;Thế giới di động;9490000;
674;Thế giới di động;12990000;
675;Thế giới di động;13490000;
676;Thế giới di động;580000;
677;Thế giới di động;680000;
678;Thế giới di động;1990000;
679;Thế giới di động;2290000;
680;Thế giới di động;750000;
681;Thế giới di động;500000;
682;Thế giới di động;700000;
683;Thế giới di động;490000;
684;Thế giới di động;480000;
685;Thế giới di động;900000;
686;Thế giới di động;2490000;
687;Thế giới di động;3450000;
688;Thế giới di động;3190000;
689;Thế giới di động;3590000;
690;Thế giới di động;4290000;
691;Thế giới di động;4290000;
692;Thế giới di động;3990000;
693;Thế giới di động;5700000;
694;Thế giới di động;8490000;
695;Thế giới di động;10990000;
696;Thế giới di động;15990000;
697;Thế giới di động;7490000;
698;Thế giới di động;8490000;
699;Thế giới di động;18990000;
700;Thế giới di động;10490000;
701;Thế giới di động;7290000;
702;Thế giới di động;7990000;
703;Thế giới di động;8690000;
704;Thế giới di động;6690000;
